Sep-14 11:28:14.168 [main] DEBUG nextflow.cli.Launcher - $> nextflow run /groups/dthain/users/jzhou24/hpds-fa26/project-list/gbcf-nf-core/source -profile test,apptainer -c /groups/dthain/users/jzhou24/hpds-fa26/project-list/gbcf-nf-core/validation/nextflow.config -work-dir /groups/dthain/users/jzhou24/hpds-fa26/project-list/gbcf-nf-core/validation/test-run-sge/work --outdir /groups/dthain/users/jzhou24/hpds-fa26/project-list/gbcf-nf-core/validation/test-run-sge/results -with-report /groups/dthain/users/jzhou24/hpds-fa26/project-list/gbcf-nf-core/validation/test-run-sge/report.html -with-timeline /groups/dthain/users/jzhou24/hpds-fa26/project-list/gbcf-nf-core/validation/test-run-sge/timeline.html -with-trace /groups/dthain/users/jzhou24/hpds-fa26/project-list/gbcf-nf-core/validation/test-run-sge/trace.txt -ansi-log false
Sep-14 11:28:14.277 [main] INFO  nextflow.cli.CmdRun - N E X T F L O W  ~  version 26.04.6
Sep-14 11:28:14.312 [main] DEBUG nextflow.plugin.PluginsFacade - Setting up plugin manager > mode=prod; embedded=false; plugins-dir=/groups/dthain/users/jzhou24/hpds-fa26/project-list/gbcf-nf-core/.nextflow/plugins; core-plugins: nf-amazon@3.9.2,nf-azure@1.22.6,nf-cloudcache@0.6.0,nf-codecommit@0.5.3,nf-console@1.3.0,nf-google@1.27.3,nf-k8s@1.5.4,nf-seqera@0.21.1,nf-tower@1.28.2,nf-wave@1.21.0
Sep-14 11:28:14.384 [main] INFO  o.pf4j.DefaultPluginStatusProvider - Enabled plugins: []
Sep-14 11:28:14.385 [main] INFO  o.pf4j.DefaultPluginStatusProvider - Disabled plugins: []
Sep-14 11:28:14.389 [main] INFO  org.pf4j.DefaultPluginManager - PF4J version 3.14.1 in 'deployment' mode
Sep-14 11:28:14.423 [main] DEBUG nextflow.util.RetryConfig - Missing nextflow session - using default retry config
Sep-14 11:28:14.769 [main] DEBUG nextflow.plugin.PluginUpdater - Using plugin repository: HttpPluginRepository [registry]; url=https://registry.nextflow.io/api
Sep-14 11:28:14.777 [main] INFO  org.pf4j.AbstractPluginManager - No plugins
Sep-14 11:28:14.814 [main] DEBUG nextflow.scm.AssetManager - Selecting multi-revision strategy
Sep-14 11:28:14.832 [main] DEBUG nextflow.config.ConfigParserFactory - Using config parser v2
Sep-14 11:28:15.694 [main] DEBUG nextflow.config.ConfigBuilder - Found config base: /groups/dthain/users/jzhou24/hpds-fa26/project-list/gbcf-nf-core/source/nextflow.config
Sep-14 11:28:15.701 [main] DEBUG nextflow.config.ConfigBuilder - User config file: /groups/dthain/users/jzhou24/hpds-fa26/project-list/gbcf-nf-core/validation/nextflow.config
Sep-14 11:28:15.702 [main] DEBUG nextflow.config.ConfigBuilder - Parsing config file: /groups/dthain/users/jzhou24/hpds-fa26/project-list/gbcf-nf-core/source/nextflow.config
Sep-14 11:28:15.702 [main] DEBUG nextflow.config.ConfigBuilder - Parsing config file: /groups/dthain/users/jzhou24/hpds-fa26/project-list/gbcf-nf-core/validation/nextflow.config
Sep-14 11:28:15.705 [main] DEBUG nextflow.config.ConfigParserFactory - Using config parser v2
Sep-14 11:28:15.720 [main] DEBUG nextflow.config.ConfigBuilder - Applying config profile: `test,apptainer`
Sep-14 11:28:17.922 [main] DEBUG nextflow.config.ConfigBuilder - Applying config profile: `test,apptainer`
Sep-14 11:28:17.931 [main] DEBUG nextflow.config.ConfigBuilder - Available config profiles: [debug, conda, mamba, docker, arm64, emulate_amd64, singularity, podman, shifter, charliecloud, apptainer, wave, test, test_gpu, test_full, test_prokaryotic, prokaryotic, rapid_quant, test_full_aws, test_full_gcp, test_full_azure, abims, adcra, alice, alliance_canada, apollo, arcc, aws_tower, awsbatch, azurebatch, bi, bigpurple, bih, binac2, biohpc_gen, biowulf, bluebear, cambridge, cannon, cbe, ccga_dx, ccga_cau, ceci_dragon2, ceci_nic5, cedars, ceres, cfc, cfc_dev, cheaha, computerome, create, crg, crick, cropdiversityhpc, crukmi, csiro_petrichor, czbiohub_aws, daisybio, denbi_qbic, dkfz, dirac, ebc, eddie, ebi_codon, ebi_codon_slurm, einstein, embl_hd, engaging, ethz_euler, eva, eva_grace, fgcz, fred_hutch, fsu_draco, fub_curta, genotoul, genouest, giga, gis, googlebatch, hasta, hazel, hki_genie, hypatia, humantechnopole, icr_alma, ifb_core, imb, imperial, incliva, ipop_up, iris, janelia, jax, jex, unsw_katana, ku_sund_danhead, kaust, kelvin2, ki_luria, leicester, lovelace, lrz_cm4, lugh, m3c, maestro, mahuika, mana, marjorie, marvin, mccleary, mcw_rcc, medair, mjolnir_globe, mpcdf, mpcdf_viper, mssm, munin, naiss, nci_gadi, nu_genomics, nygc, nyu_hpc, oist, palmetto, pasteur, pawsey_setonix, pdc_kth, phoenix, psmn, purdue_bell, purdue_gautschi, purdue_negishi, qmul_apocrita, rki, rosalind, rosalind_uge, roslin, saga_sigma2, sage, sahmri, sanger, ilifu, seadragon, seattlechildrens, seawulf, seg_globe, self_hosted_runner, shu_bmrc, stjude, tes, tigem, tubingen_apg, tufts, tuos_stanage, ucd_sonic, ucl_cscluster, ucl_myriad, uct_hpc, uge, unc_lccc, unc_longleaf, unibe_ibu, unity, uod_hpc, uppmax, utd_juno, uw_hyak_pedslabs, uzh, uzl_omics, vai, verily_workbench, vsc_calcua, vsc_kul_uhasselt, vsc_ugent, wehi, xanadu, york_viking, utd_sysbio]
Sep-14 11:28:18.039 [main] DEBUG nextflow.plugin.PluginsFacade - Plugins declared=[nf-schema@2.5.1]
Sep-14 11:28:18.039 [main] DEBUG nextflow.plugin.PluginsFacade - Plugins default=[]
Sep-14 11:28:18.040 [main] DEBUG nextflow.plugin.PluginsFacade - Plugins resolved requirement=[nf-schema@2.5.1]
Sep-14 11:28:18.044 [main] DEBUG nextflow.plugin.PluginUpdater - Installing plugin nf-schema version: 2.5.1
Sep-14 11:28:18.064 [main] INFO  org.pf4j.AbstractPluginManager - Plugin 'nf-schema@2.5.1' resolved
Sep-14 11:28:18.064 [main] INFO  org.pf4j.AbstractPluginManager - Start plugin 'nf-schema@2.5.1'
Sep-14 11:28:18.079 [main] DEBUG nextflow.plugin.BasePlugin - Plugin started nf-schema@2.5.1
Sep-14 11:28:18.093 [main] DEBUG n.secret.LocalSecretsProvider - Secrets store: /groups/dthain/users/jzhou24/hpds-fa26/project-list/gbcf-nf-core/.nextflow/secrets/store.json
Sep-14 11:28:18.096 [main] DEBUG nextflow.secret.SecretsLoader - Discovered secrets providers: [nextflow.secret.LocalSecretsProvider@1a7d0c9f] - activable => nextflow.secret.LocalSecretsProvider@1a7d0c9f
Sep-14 11:28:18.122 [main] INFO  nextflow.cli.CmdRun - Launching `/groups/dthain/users/jzhou24/hpds-fa26/project-list/gbcf-nf-core/source/main.nf` [sharp_ramanujan] - revision: bc90f605ef
Sep-14 11:28:18.124 [main] ERROR org.pf4j.AbstractExtensionFinder - Different class loaders: 'org.pf4j.PluginClassLoader@1f7336b2' (E) and 'jdk.internal.loader.ClassLoaders$AppClassLoader@5bc2b487' (EP)
Sep-14 11:28:18.162 [main] WARN  nextflow.config.ConfigValidator - Unrecognized config option 'validation.defaultIgnoreParams'
Sep-14 11:28:18.162 [main] WARN  nextflow.config.ConfigValidator - Unrecognized config option 'validation.monochromeLogs'
Sep-14 11:28:18.242 [main] DEBUG nextflow.Session - Session UUID: 500a9fd0-63f5-4d48-ad6d-8865a90bde0e
Sep-14 11:28:18.243 [main] DEBUG nextflow.Session - Run name: sharp_ramanujan
Sep-14 11:28:18.243 [main] DEBUG nextflow.Session - Executor pool size: 8
Sep-14 11:28:18.256 [main] DEBUG nextflow.file.FilePorter - File porter settings maxRetries=3; maxTransfers=50; pollTimeout=null
Sep-14 11:28:18.262 [main] DEBUG nextflow.util.ThreadPoolBuilder - Creating thread pool 'FileTransfer' minSize=10; maxSize=24; workQueue=LinkedBlockingQueue[-1]; allowCoreThreadTimeout=false
Sep-14 11:28:18.313 [main] DEBUG nextflow.cli.CmdRun - 
  Version: 26.04.6 build 12646
  Created: 09-07-2026 18:49 UTC (14:49 EDT)
  System: Linux 5.14.0-611.55.1.el9_7.x86_64
  Runtime: Groovy 4.0.31 on OpenJDK 64-Bit Server VM 26.0.1+8-34
  Encoding: UTF-8 (UTF-8)
  Process: 2925817@d12chas325.crc.nd.edu [10.32.84.157]
  CPUs: 8 - Mem: 250.7 GB (65.6 GB) - Swap: 0 (0)
Sep-14 11:28:18.350 [main] DEBUG nextflow.Session - Work-dir: /groups/dthain/users/jzhou24/hpds-fa26/project-list/gbcf-nf-core/validation/test-run-sge/work [nfs]
Sep-14 11:28:18.397 [main] DEBUG nextflow.executor.ExecutorFactory - Extension executors providers=[]
Sep-14 11:28:18.412 [main] DEBUG nextflow.Session - Observer factory (v2): LinObserverFactory
Sep-14 11:28:18.413 [main] DEBUG nextflow.Session - Observer factory (v2): DefaultObserverFactory
Sep-14 11:28:18.433 [main] DEBUG nextflow.Session - Observer factory (v2): ValidationObserverFactory
Sep-14 11:28:18.450 [main] DEBUG nextflow.Session - Unable to resolve dynamic `container` directive -- cause: No such property: workflow for class: nextflow.script.ScriptBinding
Sep-14 11:28:18.473 [main] DEBUG nextflow.cache.CacheFactory - Using Nextflow cache factory: nextflow.cache.DefaultCacheFactory
Sep-14 11:28:18.485 [main] DEBUG nextflow.util.CustomThreadPool - Creating default thread pool > poolSize: 9; maxThreads: 1000
Sep-14 11:28:18.602 [main] DEBUG nextflow.Session - Session start
Sep-14 11:28:18.609 [main] DEBUG nextflow.trace.TraceFileObserver - Workflow started -- trace file: /groups/dthain/users/jzhou24/hpds-fa26/project-list/gbcf-nf-core/validation/test-run-sge/trace.txt
Sep-14 11:28:18.615 [main] DEBUG nextflow.script.ScriptLoaderFactory - Using script parser v2
Sep-14 11:28:28.874 [main] DEBUG nextflow.script.ScriptRunner - > Launching execution
Sep-14 11:28:29.196 [main] DEBUG nextflow.script.IncludeDef - Loading included plugin extensions with names: [paramsSummaryMap:paramsSummaryMap]; plugin Id: nf-schema
Sep-14 11:28:29.218 [main] DEBUG n.validation.config.ValidationConfig - Set `validation.monochromeLogs` to true due to the ANSI log settings.
Sep-14 11:28:29.219 [main] DEBUG n.validation.config.ValidationConfig - Added the following parameters to the ignored parameters: [genomes, igenomes_base]
Sep-14 11:28:29.242 [main] DEBUG nextflow.script.IncludeDef - Loading included plugin extensions with names: [samplesheetToList:samplesheetToList]; plugin Id: nf-schema
Sep-14 11:28:29.248 [main] DEBUG nextflow.script.IncludeDef - Loading included plugin extensions with names: [paramsSummaryLog:paramsSummaryLog]; plugin Id: nf-schema
Sep-14 11:28:29.250 [main] DEBUG nextflow.script.IncludeDef - Loading included plugin extensions with names: [validateParameters:validateParameters]; plugin Id: nf-schema
Sep-14 11:28:29.250 [main] DEBUG nextflow.script.IncludeDef - Loading included plugin extensions with names: [paramsHelp:paramsHelp]; plugin Id: nf-schema
Sep-14 11:28:29.253 [main] DEBUG nextflow.script.IncludeDef - Loading included plugin extensions with names: [paramsSummaryMap:paramsSummaryMap]; plugin Id: nf-schema
Sep-14 11:28:29.254 [main] DEBUG nextflow.script.IncludeDef - Loading included plugin extensions with names: [paramsHelp:paramsHelp]; plugin Id: nf-schema
Sep-14 11:28:29.647 [main] DEBUG nextflow.script.IncludeDef - Loading included plugin extensions with names: [paramsSummaryMap:paramsSummaryMap]; plugin Id: nf-schema
Sep-14 11:28:29.648 [main] DEBUG nextflow.script.IncludeDef - Loading included plugin extensions with names: [paramsHelp:paramsHelp]; plugin Id: nf-schema
Sep-14 11:28:29.696 [main] DEBUG nextflow.script.IncludeDef - Loading included plugin extensions with names: [samplesheetToList:samplesheetToList]; plugin Id: nf-schema
Sep-14 11:28:29.894 [main] DEBUG nextflow.script.IncludeDef - Loading included plugin extensions with names: [paramsSummaryMap:paramsSummaryMap]; plugin Id: nf-schema
Sep-14 11:28:29.895 [main] DEBUG nextflow.script.IncludeDef - Loading included plugin extensions with names: [paramsHelp:paramsHelp]; plugin Id: nf-schema
Sep-14 11:28:30.004 [main] INFO  nextflow.Nextflow - 
-[2m----------------------------------------------------[0m-
                                        [0;32m,--.[0;30m/[0;32m,-.[0m
[0;34m        ___     __   __   __   ___     [0;32m/,-._.--~'[0m
[0;34m  |\ | |__  __ /  ` /  \ |__) |__         [0;33m}  {[0m
[0;34m  | \| |       \__, \__/ |  \ |___     [0;32m\`-._,-`-,[0m
                                        [0;32m`._,._,'[0m
[0;35m  nf-core/rnaseq 3.26.0[0m
-[2m----------------------------------------------------[0m-

Sep-14 11:28:30.192 [main] INFO  nextflow.Nextflow - Input/output options
  input                                    : https://raw.githubusercontent.com/nf-core/test-datasets/626c8fab639062eade4b10747e919341cbf9b41a/samplesheet/v3.10/samplesheet_test.csv
  outdir                                   : /groups/dthain/users/jzhou24/hpds-fa26/project-list/gbcf-nf-core/validation/test-run-sge/results

Reference genome options
  fasta                                    : https://raw.githubusercontent.com/nf-core/test-datasets/626c8fab639062eade4b10747e919341cbf9b41a/reference/genome.fasta
  gtf                                      : https://raw.githubusercontent.com/nf-core/test-datasets/626c8fab639062eade4b10747e919341cbf9b41a/reference/genes_with_empty_tid.gtf.gz
  gff                                      : https://raw.githubusercontent.com/nf-core/test-datasets/626c8fab639062eade4b10747e919341cbf9b41a/reference/genes.gff.gz
  transcript_fasta                         : https://raw.githubusercontent.com/nf-core/test-datasets/626c8fab639062eade4b10747e919341cbf9b41a/reference/transcriptome.fasta
  additional_fasta                         : https://raw.githubusercontent.com/nf-core/test-datasets/626c8fab639062eade4b10747e919341cbf9b41a/reference/gfp.fa.gz
  hisat2_index                             : https://raw.githubusercontent.com/nf-core/test-datasets/626c8fab639062eade4b10747e919341cbf9b41a/reference/hisat2.tar.gz
  salmon_index                             : https://raw.githubusercontent.com/nf-core/test-datasets/626c8fab639062eade4b10747e919341cbf9b41a/reference/salmon.tar.gz

Read filtering options
  bbsplit_fasta_list                       : https://raw.githubusercontent.com/nf-core/test-datasets/626c8fab639062eade4b10747e919341cbf9b41a/reference/bbsplit_fasta_list.txt

UMI options
  umitools_bc_pattern                      : NNNN
  umi_discard_read                         : 0

Alignment options
  pseudo_aligner                           : salmon

Quality Control
  kraken_db                                : https://raw.githubusercontent.com/nf-core/test-datasets/eb0cbf73c3f103f8aeda9878ba200e92b4d045d8/data/genomics/sarscov2/genome/db/kraken2.tar.gz

Process skipping options
  skip_bbsplit                             : false

Institutional config options
  config_profile_name                      : Test profile
  config_profile_description               : Minimal test dataset to check pipeline function

Generic options
  trace_report_suffix                      : 2026-09-14_11-28-15

Core Nextflow options
  runName                                  : sharp_ramanujan
  containerEngine                          : apptainer
  container..*PARABRICKS_STARGENOMEGENERATE: (dynamic resolved)
  launchDir                                : /groups/dthain/users/jzhou24/hpds-fa26/project-list/gbcf-nf-core/validation/test-run-sge
  workDir                                  : /groups/dthain/users/jzhou24/hpds-fa26/project-list/gbcf-nf-core/validation/test-run-sge/work
  projectDir                               : /groups/dthain/users/jzhou24/hpds-fa26/project-list/gbcf-nf-core/source
  userName                                 : jzhou24
  profile                                  : test,apptainer
  configFiles                              : /groups/dthain/users/jzhou24/hpds-fa26/project-list/gbcf-nf-core/source/nextflow.config, /groups/dthain/users/jzhou24/hpds-fa26/project-list/gbcf-nf-core/validation/nextflow.config

!! Only displaying parameters that differ from the pipeline defaults !!
------------------------------------------------------
Sep-14 11:28:30.192 [main] INFO  nextflow.Nextflow - 
* The pipeline
    https://doi.org/10.5281/zenodo.1400710

* The nf-core framework
    https://doi.org/10.1038/s41587-020-0439-x

* Software dependencies
    https://github.com/nf-core/rnaseq/blob/master/CITATIONS.md

Sep-14 11:28:30.208 [main] DEBUG n.v.parameters.ParameterValidator - Starting parameters validation
Sep-14 11:28:30.551 [main] DEBUG n.v.v.evaluators.SchemaEvaluator - Started validating /nf-core/test-datasets/626c8fab639062eade4b10747e919341cbf9b41a/samplesheet/v3.10/samplesheet_test.csv
Sep-14 11:28:32.566 [main] DEBUG n.v.v.evaluators.SchemaEvaluator - Validation of file 'https://raw.githubusercontent.com/nf-core/test-datasets/626c8fab639062eade4b10747e919341cbf9b41a/samplesheet/v3.10/samplesheet_test.csv' passed!
Sep-14 11:28:33.543 [main] DEBUG n.file.http.XFileSystemProvider - Got HTTP error=404 waiting for 250ms (attempt=1)
Sep-14 11:28:33.806 [main] DEBUG n.file.http.XFileSystemProvider - Got HTTP error=404 waiting for 750ms (attempt=2)
Sep-14 11:28:34.593 [main] DEBUG n.file.http.XFileSystemProvider - Got HTTP error=404 waiting for 2250ms (attempt=3)
Sep-14 11:28:36.910 [main] DEBUG n.file.http.XFileSystemProvider - Got HTTP error=404 waiting for 250ms (attempt=1)
Sep-14 11:28:37.199 [main] DEBUG n.file.http.XFileSystemProvider - Got HTTP error=404 waiting for 750ms (attempt=2)
Sep-14 11:28:37.985 [main] DEBUG n.file.http.XFileSystemProvider - Got HTTP error=404 waiting for 2250ms (attempt=3)
Sep-14 11:28:40.398 [main] DEBUG n.v.parameters.ParameterValidator - Finishing parameters validation
Sep-14 11:28:40.408 [main] WARN  nextflow.Nextflow - ~~~~~~~~~~~~~~~~~~~~~~~~~~~~~~~~~~~~~~~~~~~~~~~~~~~~~~~~~~~~~~~~~~~~~~
  Both '--gtf' and '--gff' parameters have been provided.
  Using GTF file as priority.
~~~~~~~~~~~~~~~~~~~~~~~~~~~~~~~~~~~~~~~~~~~~~~~~~~~~~~~~~~~~~~~~~~~~~~~~~~~~
Sep-14 11:28:40.409 [main] WARN  nextflow.Nextflow - ~~~~~~~~~~~~~~~~~~~~~~~~~~~~~~~~~~~~~~~~~~~~~~~~~~~~~~~~~~~~~~~~~~~~~~
  '--transcript_fasta' parameter has been provided.
  Make sure transcript names in this file match those in the GFF/GTF file.

  Please see:
  https://github.com/nf-core/rnaseq/issues/753
~~~~~~~~~~~~~~~~~~~~~~~~~~~~~~~~~~~~~~~~~~~~~~~~~~~~~~~~~~~~~~~~~~~~~~~~~~~~
Sep-14 11:28:40.561 [main] DEBUG n.script.dsl.ProcessConfigBuilder - Config settings `withLabel:process_single` matches labels `process_single` for process with name NFCORE_RNASEQ:PREPARE_GENOME:GUNZIP_GTF
Sep-14 11:28:40.572 [main] DEBUG n.script.dsl.ProcessConfigBuilder - Config settings `withName:GUNZIP_.*|.*MAKE_TRANSCRIPTS_FASTA` matches process NFCORE_RNASEQ:PREPARE_GENOME:GUNZIP_GTF
Sep-14 11:28:40.588 [main] DEBUG nextflow.executor.ExecutorFactory - << taskConfig executor: null
Sep-14 11:28:40.589 [main] DEBUG nextflow.executor.ExecutorFactory - >> processorType: 'local'
Sep-14 11:28:40.608 [main] DEBUG nextflow.executor.Executor - [warm up] executor > local
Sep-14 11:28:40.623 [main] DEBUG n.processor.LocalPollingMonitor - Creating local task monitor for executor 'local' > cpus=8; memory=250.7 GB; capacity=8; pollInterval=100ms; dumpInterval=5m
Sep-14 11:28:40.627 [main] DEBUG n.processor.TaskPollingMonitor - >>> barrier register (monitor: local)
Sep-14 11:28:40.698 [main] DEBUG nextflow.processor.TaskProcessor - Creating process 'NFCORE_RNASEQ:PREPARE_GENOME:GUNZIP_GTF': maxForks=0; fair=false; array=0
Sep-14 11:28:40.783 [main] DEBUG n.script.dsl.ProcessConfigBuilder - Config settings `withLabel:process_single` matches labels `process_single` for process with name NFCORE_RNASEQ:PREPARE_GENOME:CUSTOM_GTFFILTER
Sep-14 11:28:40.785 [main] DEBUG n.script.dsl.ProcessConfigBuilder - Config settings `withName:CUSTOM_GTFFILTER` matches process NFCORE_RNASEQ:PREPARE_GENOME:CUSTOM_GTFFILTER
Sep-14 11:28:40.800 [main] DEBUG nextflow.executor.ExecutorFactory - << taskConfig executor: null
Sep-14 11:28:40.801 [main] DEBUG nextflow.executor.ExecutorFactory - >> processorType: 'local'
Sep-14 11:28:40.802 [main] DEBUG nextflow.processor.TaskProcessor - Creating process 'NFCORE_RNASEQ:PREPARE_GENOME:CUSTOM_GTFFILTER': maxForks=0; fair=false; array=0
Sep-14 11:28:40.806 [main] WARN  nextflow.extension.OperatorImpl - The operator `first` is useless when applied to a value channel which returns a single value by definition
Sep-14 11:28:40.826 [main] DEBUG n.script.dsl.ProcessConfigBuilder - Config settings `withLabel:process_single` matches labels `process_single` for process with name NFCORE_RNASEQ:PREPARE_GENOME:GUNZIP_ADDITIONAL_FASTA
Sep-14 11:28:40.830 [main] DEBUG n.script.dsl.ProcessConfigBuilder - Config settings `withName:GUNZIP_.*|.*MAKE_TRANSCRIPTS_FASTA` matches process NFCORE_RNASEQ:PREPARE_GENOME:GUNZIP_ADDITIONAL_FASTA
Sep-14 11:28:40.840 [main] DEBUG nextflow.executor.ExecutorFactory - << taskConfig executor: null
Sep-14 11:28:40.840 [main] DEBUG nextflow.executor.ExecutorFactory - >> processorType: 'local'
Sep-14 11:28:40.841 [main] DEBUG nextflow.processor.TaskProcessor - Creating process 'NFCORE_RNASEQ:PREPARE_GENOME:GUNZIP_ADDITIONAL_FASTA': maxForks=0; fair=false; array=0
Sep-14 11:28:40.867 [main] DEBUG n.script.dsl.ProcessConfigBuilder - Config settings `withName:CUSTOM_CATADDITIONALFASTA` matches process NFCORE_RNASEQ:PREPARE_GENOME:CUSTOM_CATADDITIONALFASTA
Sep-14 11:28:40.877 [main] DEBUG nextflow.executor.ExecutorFactory - << taskConfig executor: null
Sep-14 11:28:40.877 [main] DEBUG nextflow.executor.ExecutorFactory - >> processorType: 'local'
Sep-14 11:28:40.878 [main] DEBUG nextflow.processor.TaskProcessor - Creating process 'NFCORE_RNASEQ:PREPARE_GENOME:CUSTOM_CATADDITIONALFASTA': maxForks=0; fair=false; array=0
Sep-14 11:28:40.892 [main] DEBUG n.script.dsl.ProcessConfigBuilder - Config settings `withLabel:process_low` matches labels `process_low` for process with name NFCORE_RNASEQ:PREPARE_GENOME:EAUTILS_GTF2BED
Sep-14 11:28:40.893 [main] DEBUG n.script.dsl.ProcessConfigBuilder - Config settings `withName:EAUTILS_GTF2BED` matches process NFCORE_RNASEQ:PREPARE_GENOME:EAUTILS_GTF2BED
Sep-14 11:28:40.902 [main] DEBUG nextflow.executor.ExecutorFactory - << taskConfig executor: null
Sep-14 11:28:40.903 [main] DEBUG nextflow.executor.ExecutorFactory - >> processorType: 'local'
Sep-14 11:28:40.903 [main] DEBUG nextflow.processor.TaskProcessor - Creating process 'NFCORE_RNASEQ:PREPARE_GENOME:EAUTILS_GTF2BED': maxForks=0; fair=false; array=0
Sep-14 11:28:40.955 [main] DEBUG n.script.dsl.ProcessConfigBuilder - Config settings `withLabel:process_single` matches labels `process_single` for process with name NFCORE_RNASEQ:PREPARE_GENOME:SAMTOOLS_FAIDX
Sep-14 11:28:40.957 [main] DEBUG n.script.dsl.ProcessConfigBuilder - Config settings `withName:SAMTOOLS_FAIDX` matches process NFCORE_RNASEQ:PREPARE_GENOME:SAMTOOLS_FAIDX
Sep-14 11:28:40.967 [main] DEBUG nextflow.executor.ExecutorFactory - << taskConfig executor: null
Sep-14 11:28:40.967 [main] DEBUG nextflow.executor.ExecutorFactory - >> processorType: 'local'
Sep-14 11:28:40.968 [main] DEBUG nextflow.processor.TaskProcessor - Creating process 'NFCORE_RNASEQ:PREPARE_GENOME:SAMTOOLS_FAIDX': maxForks=0; fair=false; array=0
Sep-14 11:28:41.059 [main] DEBUG n.script.dsl.ProcessConfigBuilder - Config settings `withLabel:process_high` matches labels `process_high,error_retry` for process with name NFCORE_RNASEQ:PREPARE_GENOME:BBMAP_BBSPLIT
Sep-14 11:28:41.060 [main] DEBUG n.script.dsl.ProcessConfigBuilder - Config settings `withLabel:error_retry` matches labels `process_high,error_retry` for process with name NFCORE_RNASEQ:PREPARE_GENOME:BBMAP_BBSPLIT
Sep-14 11:28:41.061 [main] DEBUG n.script.dsl.ProcessConfigBuilder - Config settings `withName:BBMAP_BBSPLIT` matches process NFCORE_RNASEQ:PREPARE_GENOME:BBMAP_BBSPLIT
Sep-14 11:28:41.064 [main] DEBUG n.script.dsl.ProcessConfigBuilder - Config settings `withName:.*:PREPARE_GENOME:BBMAP_BBSPLIT` matches process NFCORE_RNASEQ:PREPARE_GENOME:BBMAP_BBSPLIT
Sep-14 11:28:41.070 [main] DEBUG nextflow.executor.ExecutorFactory - << taskConfig executor: null
Sep-14 11:28:41.071 [main] DEBUG nextflow.executor.ExecutorFactory - >> processorType: 'local'
Sep-14 11:28:41.072 [main] DEBUG nextflow.processor.TaskProcessor - Creating process 'NFCORE_RNASEQ:PREPARE_GENOME:BBMAP_BBSPLIT': maxForks=0; fair=false; array=0
Sep-14 11:28:41.086 [main] DEBUG n.script.dsl.ProcessConfigBuilder - Config settings `withLabel:process_high` matches labels `process_high` for process with name NFCORE_RNASEQ:PREPARE_GENOME:STAR_GENOMEGENERATE
Sep-14 11:28:41.087 [main] DEBUG n.script.dsl.ProcessConfigBuilder - Config settings `withName:UNTAR_.*|STAR_GENOMEGENERATE|PARABRICKS_STARGENOMEGENERATE|HISAT2_BUILD` matches process NFCORE_RNASEQ:PREPARE_GENOME:STAR_GENOMEGENERATE
Sep-14 11:28:41.088 [main] DEBUG n.script.dsl.ProcessConfigBuilder - Config settings `withName:STAR_GENOMEGENERATE|PARABRICKS_STARGENOMEGENERATE` matches process NFCORE_RNASEQ:PREPARE_GENOME:STAR_GENOMEGENERATE
Sep-14 11:28:41.096 [main] DEBUG nextflow.executor.ExecutorFactory - << taskConfig executor: null
Sep-14 11:28:41.097 [main] DEBUG nextflow.executor.ExecutorFactory - >> processorType: 'local'
Sep-14 11:28:41.097 [main] DEBUG nextflow.processor.TaskProcessor - Creating process 'NFCORE_RNASEQ:PREPARE_GENOME:STAR_GENOMEGENERATE': maxForks=0; fair=false; array=0
Sep-14 11:28:41.109 [main] DEBUG n.script.dsl.ProcessConfigBuilder - Config settings `withLabel:process_single` matches labels `process_single` for process with name NFCORE_RNASEQ:PREPARE_GENOME:UNTAR_SALMON_INDEX
Sep-14 11:28:41.112 [main] DEBUG n.script.dsl.ProcessConfigBuilder - Config settings `withName:UNTAR_.*` matches process NFCORE_RNASEQ:PREPARE_GENOME:UNTAR_SALMON_INDEX
Sep-14 11:28:41.112 [main] DEBUG n.script.dsl.ProcessConfigBuilder - Config settings `withName:UNTAR_.*|STAR_GENOMEGENERATE|PARABRICKS_STARGENOMEGENERATE|HISAT2_BUILD` matches process NFCORE_RNASEQ:PREPARE_GENOME:UNTAR_SALMON_INDEX
Sep-14 11:28:41.121 [main] DEBUG nextflow.executor.ExecutorFactory - << taskConfig executor: null
Sep-14 11:28:41.121 [main] DEBUG nextflow.executor.ExecutorFactory - >> processorType: 'local'
Sep-14 11:28:41.122 [main] DEBUG nextflow.processor.TaskProcessor - Creating process 'NFCORE_RNASEQ:PREPARE_GENOME:UNTAR_SALMON_INDEX': maxForks=0; fair=false; array=0
Sep-14 11:28:43.223 [main] DEBUG n.script.dsl.ProcessConfigBuilder - Config settings `withLabel:process_low` matches labels `process_low` for process with name NFCORE_RNASEQ:RNASEQ:SAMTOOLS_INDEX
Sep-14 11:28:43.231 [main] DEBUG nextflow.executor.ExecutorFactory - << taskConfig executor: null
Sep-14 11:28:43.231 [main] DEBUG nextflow.executor.ExecutorFactory - >> processorType: 'local'
Sep-14 11:28:43.232 [main] DEBUG nextflow.processor.TaskProcessor - Creating process 'NFCORE_RNASEQ:RNASEQ:SAMTOOLS_INDEX': maxForks=0; fair=false; array=0
Sep-14 11:28:43.269 [main] DEBUG n.script.dsl.ProcessConfigBuilder - Config settings `withLabel:process_single` matches labels `process_single` for process with name NFCORE_RNASEQ:RNASEQ:FASTQ_QC_TRIM_FILTER_SETSTRANDEDNESS:CAT_FASTQ
Sep-14 11:28:43.270 [main] DEBUG n.script.dsl.ProcessConfigBuilder - Config settings `withName:CAT_FASTQ` matches process NFCORE_RNASEQ:RNASEQ:FASTQ_QC_TRIM_FILTER_SETSTRANDEDNESS:CAT_FASTQ
Sep-14 11:28:43.278 [main] DEBUG nextflow.executor.ExecutorFactory - << taskConfig executor: null
Sep-14 11:28:43.278 [main] DEBUG nextflow.executor.ExecutorFactory - >> processorType: 'local'
Sep-14 11:28:43.279 [main] DEBUG nextflow.processor.TaskProcessor - Creating process 'NFCORE_RNASEQ:RNASEQ:FASTQ_QC_TRIM_FILTER_SETSTRANDEDNESS:CAT_FASTQ': maxForks=0; fair=false; array=0
Sep-14 11:28:43.288 [main] DEBUG n.script.dsl.ProcessConfigBuilder - Config settings `withLabel:process_low` matches labels `process_low` for process with name NFCORE_RNASEQ:RNASEQ:FASTQ_QC_TRIM_FILTER_SETSTRANDEDNESS:FQ_LINT
Sep-14 11:28:43.290 [main] DEBUG n.script.dsl.ProcessConfigBuilder - Config settings `withName:FQ_LINT` matches process NFCORE_RNASEQ:RNASEQ:FASTQ_QC_TRIM_FILTER_SETSTRANDEDNESS:FQ_LINT
Sep-14 11:28:43.297 [main] DEBUG nextflow.executor.ExecutorFactory - << taskConfig executor: null
Sep-14 11:28:43.297 [main] DEBUG nextflow.executor.ExecutorFactory - >> processorType: 'local'
Sep-14 11:28:43.298 [main] DEBUG nextflow.processor.TaskProcessor - Creating process 'NFCORE_RNASEQ:RNASEQ:FASTQ_QC_TRIM_FILTER_SETSTRANDEDNESS:FQ_LINT': maxForks=0; fair=false; array=0
Sep-14 11:28:43.312 [main] DEBUG n.script.dsl.ProcessConfigBuilder - Config settings `withLabel:process_low` matches labels `process_low` for process with name NFCORE_RNASEQ:RNASEQ:FASTQ_QC_TRIM_FILTER_SETSTRANDEDNESS:FASTQ_FASTQC_UMITOOLS_TRIMGALORE:FASTQC
Sep-14 11:28:43.316 [main] DEBUG n.script.dsl.ProcessConfigBuilder - Config settings `withName:.*:FASTQ_FASTQC_UMITOOLS_TRIMGALORE:FASTQC` matches process NFCORE_RNASEQ:RNASEQ:FASTQ_QC_TRIM_FILTER_SETSTRANDEDNESS:FASTQ_FASTQC_UMITOOLS_TRIMGALORE:FASTQC
Sep-14 11:28:43.321 [main] DEBUG nextflow.executor.ExecutorFactory - << taskConfig executor: null
Sep-14 11:28:43.322 [main] DEBUG nextflow.executor.ExecutorFactory - >> processorType: 'local'
Sep-14 11:28:43.322 [main] DEBUG nextflow.processor.TaskProcessor - Creating process 'NFCORE_RNASEQ:RNASEQ:FASTQ_QC_TRIM_FILTER_SETSTRANDEDNESS:FASTQ_FASTQC_UMITOOLS_TRIMGALORE:FASTQC': maxForks=0; fair=false; array=0
Sep-14 11:28:43.333 [main] DEBUG n.script.dsl.ProcessConfigBuilder - Config settings `withLabel:process_medium` matches labels `process_medium,process_low_memory` for process with name NFCORE_RNASEQ:RNASEQ:FASTQ_QC_TRIM_FILTER_SETSTRANDEDNESS:FASTQ_FASTQC_UMITOOLS_TRIMGALORE:TRIMGALORE
Sep-14 11:28:43.333 [main] DEBUG n.script.dsl.ProcessConfigBuilder - Config settings `withLabel:process_low_memory` matches labels `process_medium,process_low_memory` for process with name NFCORE_RNASEQ:RNASEQ:FASTQ_QC_TRIM_FILTER_SETSTRANDEDNESS:FASTQ_FASTQC_UMITOOLS_TRIMGALORE:TRIMGALORE
Sep-14 11:28:43.336 [main] DEBUG n.script.dsl.ProcessConfigBuilder - Config settings `withName:.*:FASTQ_FASTQC_UMITOOLS_TRIMGALORE:TRIMGALORE` matches process NFCORE_RNASEQ:RNASEQ:FASTQ_QC_TRIM_FILTER_SETSTRANDEDNESS:FASTQ_FASTQC_UMITOOLS_TRIMGALORE:TRIMGALORE
Sep-14 11:28:43.342 [main] DEBUG nextflow.executor.ExecutorFactory - << taskConfig executor: null
Sep-14 11:28:43.342 [main] DEBUG nextflow.executor.ExecutorFactory - >> processorType: 'local'
Sep-14 11:28:43.342 [main] DEBUG nextflow.processor.TaskProcessor - Creating process 'NFCORE_RNASEQ:RNASEQ:FASTQ_QC_TRIM_FILTER_SETSTRANDEDNESS:FASTQ_FASTQC_UMITOOLS_TRIMGALORE:TRIMGALORE': maxForks=0; fair=false; array=0
Sep-14 11:28:43.398 [main] DEBUG n.script.dsl.ProcessConfigBuilder - Config settings `withLabel:process_low` matches labels `process_low` for process with name NFCORE_RNASEQ:RNASEQ:FASTQ_QC_TRIM_FILTER_SETSTRANDEDNESS:FQ_LINT_AFTER_TRIMMING
Sep-14 11:28:43.400 [main] DEBUG n.script.dsl.ProcessConfigBuilder - Config settings `withName:FQ_LINT` matches process NFCORE_RNASEQ:RNASEQ:FASTQ_QC_TRIM_FILTER_SETSTRANDEDNESS:FQ_LINT_AFTER_TRIMMING
Sep-14 11:28:43.402 [main] DEBUG n.script.dsl.ProcessConfigBuilder - Config settings `withName:FQ_LINT_AFTER_TRIMMING` matches process NFCORE_RNASEQ:RNASEQ:FASTQ_QC_TRIM_FILTER_SETSTRANDEDNESS:FQ_LINT_AFTER_TRIMMING
Sep-14 11:28:43.408 [main] DEBUG nextflow.executor.ExecutorFactory - << taskConfig executor: null
Sep-14 11:28:43.408 [main] DEBUG nextflow.executor.ExecutorFactory - >> processorType: 'local'
Sep-14 11:28:43.409 [main] DEBUG nextflow.processor.TaskProcessor - Creating process 'NFCORE_RNASEQ:RNASEQ:FASTQ_QC_TRIM_FILTER_SETSTRANDEDNESS:FQ_LINT_AFTER_TRIMMING': maxForks=0; fair=false; array=0
Sep-14 11:28:43.418 [main] DEBUG n.script.dsl.ProcessConfigBuilder - Config settings `withLabel:process_high` matches labels `process_high,error_retry` for process with name NFCORE_RNASEQ:RNASEQ:FASTQ_QC_TRIM_FILTER_SETSTRANDEDNESS:BBMAP_BBSPLIT
Sep-14 11:28:43.418 [main] DEBUG n.script.dsl.ProcessConfigBuilder - Config settings `withLabel:error_retry` matches labels `process_high,error_retry` for process with name NFCORE_RNASEQ:RNASEQ:FASTQ_QC_TRIM_FILTER_SETSTRANDEDNESS:BBMAP_BBSPLIT
Sep-14 11:28:43.420 [main] DEBUG n.script.dsl.ProcessConfigBuilder - Config settings `withName:BBMAP_BBSPLIT` matches process NFCORE_RNASEQ:RNASEQ:FASTQ_QC_TRIM_FILTER_SETSTRANDEDNESS:BBMAP_BBSPLIT
Sep-14 11:28:43.426 [main] DEBUG nextflow.executor.ExecutorFactory - << taskConfig executor: null
Sep-14 11:28:43.426 [main] DEBUG nextflow.executor.ExecutorFactory - >> processorType: 'local'
Sep-14 11:28:43.427 [main] DEBUG nextflow.processor.TaskProcessor - Creating process 'NFCORE_RNASEQ:RNASEQ:FASTQ_QC_TRIM_FILTER_SETSTRANDEDNESS:BBMAP_BBSPLIT': maxForks=0; fair=false; array=0
Sep-14 11:28:43.435 [main] DEBUG n.script.dsl.ProcessConfigBuilder - Config settings `withLabel:process_low` matches labels `process_low` for process with name NFCORE_RNASEQ:RNASEQ:FASTQ_QC_TRIM_FILTER_SETSTRANDEDNESS:FQ_LINT_AFTER_BBSPLIT
Sep-14 11:28:43.437 [main] DEBUG n.script.dsl.ProcessConfigBuilder - Config settings `withName:FQ_LINT` matches process NFCORE_RNASEQ:RNASEQ:FASTQ_QC_TRIM_FILTER_SETSTRANDEDNESS:FQ_LINT_AFTER_BBSPLIT
Sep-14 11:28:43.439 [main] DEBUG n.script.dsl.ProcessConfigBuilder - Config settings `withName:FQ_LINT_AFTER_BBSPLIT` matches process NFCORE_RNASEQ:RNASEQ:FASTQ_QC_TRIM_FILTER_SETSTRANDEDNESS:FQ_LINT_AFTER_BBSPLIT
Sep-14 11:28:43.446 [main] DEBUG nextflow.executor.ExecutorFactory - << taskConfig executor: null
Sep-14 11:28:43.446 [main] DEBUG nextflow.executor.ExecutorFactory - >> processorType: 'local'
Sep-14 11:28:43.447 [main] DEBUG nextflow.processor.TaskProcessor - Creating process 'NFCORE_RNASEQ:RNASEQ:FASTQ_QC_TRIM_FILTER_SETSTRANDEDNESS:FQ_LINT_AFTER_BBSPLIT': maxForks=0; fair=false; array=0
Sep-14 11:28:43.453 [main] DEBUG n.script.dsl.ProcessConfigBuilder - Config settings `withLabel:process_low` matches labels `process_low` for process with name NFCORE_RNASEQ:RNASEQ:FASTQ_QC_TRIM_FILTER_SETSTRANDEDNESS:FASTQC_FILTERED
Sep-14 11:28:43.458 [main] DEBUG n.script.dsl.ProcessConfigBuilder - Config settings `withName:.*:FASTQ_QC_TRIM_FILTER_SETSTRANDEDNESS:FASTQC_FILTERED` matches process NFCORE_RNASEQ:RNASEQ:FASTQ_QC_TRIM_FILTER_SETSTRANDEDNESS:FASTQC_FILTERED
Sep-14 11:28:43.463 [main] DEBUG nextflow.executor.ExecutorFactory - << taskConfig executor: null
Sep-14 11:28:43.463 [main] DEBUG nextflow.executor.ExecutorFactory - >> processorType: 'local'
Sep-14 11:28:43.463 [main] DEBUG nextflow.processor.TaskProcessor - Creating process 'NFCORE_RNASEQ:RNASEQ:FASTQ_QC_TRIM_FILTER_SETSTRANDEDNESS:FASTQC_FILTERED': maxForks=0; fair=false; array=0
Sep-14 11:28:43.476 [main] DEBUG n.script.dsl.ProcessConfigBuilder - Config settings `withLabel:process_single` matches labels `process_single` for process with name NFCORE_RNASEQ:RNASEQ:FASTQ_QC_TRIM_FILTER_SETSTRANDEDNESS:FASTQ_SUBSAMPLE_FQ_SALMON:FQ_SUBSAMPLE
Sep-14 11:28:43.479 [main] DEBUG n.script.dsl.ProcessConfigBuilder - Config settings `withName:.*:FASTQ_SUBSAMPLE_FQ_SALMON:FQ_SUBSAMPLE` matches process NFCORE_RNASEQ:RNASEQ:FASTQ_QC_TRIM_FILTER_SETSTRANDEDNESS:FASTQ_SUBSAMPLE_FQ_SALMON:FQ_SUBSAMPLE
Sep-14 11:28:43.484 [main] DEBUG nextflow.executor.ExecutorFactory - << taskConfig executor: null
Sep-14 11:28:43.484 [main] DEBUG nextflow.executor.ExecutorFactory - >> processorType: 'local'
Sep-14 11:28:43.485 [main] DEBUG nextflow.processor.TaskProcessor - Creating process 'NFCORE_RNASEQ:RNASEQ:FASTQ_QC_TRIM_FILTER_SETSTRANDEDNESS:FASTQ_SUBSAMPLE_FQ_SALMON:FQ_SUBSAMPLE': maxForks=0; fair=false; array=0
Sep-14 11:28:43.490 [main] DEBUG n.script.dsl.ProcessConfigBuilder - Config settings `withLabel:process_medium` matches labels `process_medium` for process with name NFCORE_RNASEQ:RNASEQ:FASTQ_QC_TRIM_FILTER_SETSTRANDEDNESS:FASTQ_SUBSAMPLE_FQ_SALMON:SALMON_QUANT
Sep-14 11:28:43.493 [main] DEBUG n.script.dsl.ProcessConfigBuilder - Config settings `withName:.*:FASTQ_SUBSAMPLE_FQ_SALMON:SALMON_QUANT` matches process NFCORE_RNASEQ:RNASEQ:FASTQ_QC_TRIM_FILTER_SETSTRANDEDNESS:FASTQ_SUBSAMPLE_FQ_SALMON:SALMON_QUANT
Sep-14 11:28:43.497 [main] DEBUG nextflow.executor.ExecutorFactory - << taskConfig executor: null
Sep-14 11:28:43.497 [main] DEBUG nextflow.executor.ExecutorFactory - >> processorType: 'local'
Sep-14 11:28:43.498 [main] DEBUG nextflow.processor.TaskProcessor - Creating process 'NFCORE_RNASEQ:RNASEQ:FASTQ_QC_TRIM_FILTER_SETSTRANDEDNESS:FASTQ_SUBSAMPLE_FQ_SALMON:SALMON_QUANT': maxForks=0; fair=false; array=0
Sep-14 11:28:43.567 [main] DEBUG n.script.dsl.ProcessConfigBuilder - Config settings `withLabel:process_high` matches labels `process_high` for process with name NFCORE_RNASEQ:RNASEQ:ALIGN_STAR:STAR_ALIGN
Sep-14 11:28:43.570 [main] DEBUG n.script.dsl.ProcessConfigBuilder - Config settings `withName:.*ALIGN_STAR:STAR_ALIGN|.*ALIGN_STAR:SENTIEON_STAR_ALIGN|.*ALIGN_STAR:PARABRICKS_RNA_FQ2BAM` matches process NFCORE_RNASEQ:RNASEQ:ALIGN_STAR:STAR_ALIGN
Sep-14 11:28:43.574 [main] DEBUG nextflow.executor.ExecutorFactory - << taskConfig executor: null
Sep-14 11:28:43.575 [main] DEBUG nextflow.executor.ExecutorFactory - >> processorType: 'local'
Sep-14 11:28:43.575 [main] DEBUG nextflow.processor.TaskProcessor - Creating process 'NFCORE_RNASEQ:RNASEQ:ALIGN_STAR:STAR_ALIGN': maxForks=0; fair=false; array=0
Sep-14 11:28:43.591 [main] DEBUG n.script.dsl.ProcessConfigBuilder - Config settings `withLabel:process_medium` matches labels `process_medium` for process with name NFCORE_RNASEQ:RNASEQ:ALIGN_STAR:BAM_SORT_STATS_SAMTOOLS:SAMTOOLS_SORT
Sep-14 11:28:43.595 [main] DEBUG n.script.dsl.ProcessConfigBuilder - Config settings `withName:NFCORE_RNASEQ:RNASEQ:.*:BAM_SORT_STATS_SAMTOOLS:SAMTOOLS_SORT` matches process NFCORE_RNASEQ:RNASEQ:ALIGN_STAR:BAM_SORT_STATS_SAMTOOLS:SAMTOOLS_SORT
Sep-14 11:28:43.595 [main] DEBUG n.script.dsl.ProcessConfigBuilder - Config settings `withName:NFCORE_RNASEQ:RNASEQ:.*:BAM_SORT_STATS_SAMTOOLS:(SAMTOOLS_SORT|SAMTOOLS_INDEX)` matches process NFCORE_RNASEQ:RNASEQ:ALIGN_STAR:BAM_SORT_STATS_SAMTOOLS:SAMTOOLS_SORT
Sep-14 11:28:43.599 [main] DEBUG nextflow.executor.ExecutorFactory - << taskConfig executor: null
Sep-14 11:28:43.599 [main] DEBUG nextflow.executor.ExecutorFactory - >> processorType: 'local'
Sep-14 11:28:43.600 [main] DEBUG nextflow.processor.TaskProcessor - Creating process 'NFCORE_RNASEQ:RNASEQ:ALIGN_STAR:BAM_SORT_STATS_SAMTOOLS:SAMTOOLS_SORT': maxForks=0; fair=false; array=0
Sep-14 11:28:43.606 [main] DEBUG n.script.dsl.ProcessConfigBuilder - Config settings `withLabel:process_low` matches labels `process_low` for process with name NFCORE_RNASEQ:RNASEQ:ALIGN_STAR:BAM_SORT_STATS_SAMTOOLS:SAMTOOLS_INDEX
Sep-14 11:28:43.609 [main] DEBUG n.script.dsl.ProcessConfigBuilder - Config settings `withName:NFCORE_RNASEQ:RNASEQ:.*:BAM_SORT_STATS_SAMTOOLS:SAMTOOLS_INDEX` matches process NFCORE_RNASEQ:RNASEQ:ALIGN_STAR:BAM_SORT_STATS_SAMTOOLS:SAMTOOLS_INDEX
Sep-14 11:28:43.609 [main] DEBUG n.script.dsl.ProcessConfigBuilder - Config settings `withName:NFCORE_RNASEQ:RNASEQ:.*:BAM_SORT_STATS_SAMTOOLS:(SAMTOOLS_SORT|SAMTOOLS_INDEX)` matches process NFCORE_RNASEQ:RNASEQ:ALIGN_STAR:BAM_SORT_STATS_SAMTOOLS:SAMTOOLS_INDEX
Sep-14 11:28:43.613 [main] DEBUG nextflow.executor.ExecutorFactory - << taskConfig executor: null
Sep-14 11:28:43.613 [main] DEBUG nextflow.executor.ExecutorFactory - >> processorType: 'local'
Sep-14 11:28:43.614 [main] DEBUG nextflow.processor.TaskProcessor - Creating process 'NFCORE_RNASEQ:RNASEQ:ALIGN_STAR:BAM_SORT_STATS_SAMTOOLS:SAMTOOLS_INDEX': maxForks=0; fair=false; array=0
Sep-14 11:28:43.621 [main] DEBUG n.script.dsl.ProcessConfigBuilder - Config settings `withLabel:process_single` matches labels `process_single` for process with name NFCORE_RNASEQ:RNASEQ:ALIGN_STAR:BAM_SORT_STATS_SAMTOOLS:BAM_STATS_SAMTOOLS:SAMTOOLS_STATS
Sep-14 11:28:43.625 [main] DEBUG n.script.dsl.ProcessConfigBuilder - Config settings `withName:NFCORE_RNASEQ:RNASEQ:.*:BAM_SORT_STATS_SAMTOOLS:BAM_STATS_SAMTOOLS:.*` matches process NFCORE_RNASEQ:RNASEQ:ALIGN_STAR:BAM_SORT_STATS_SAMTOOLS:BAM_STATS_SAMTOOLS:SAMTOOLS_STATS
Sep-14 11:28:43.628 [main] DEBUG nextflow.executor.ExecutorFactory - << taskConfig executor: null
Sep-14 11:28:43.628 [main] DEBUG nextflow.executor.ExecutorFactory - >> processorType: 'local'
Sep-14 11:28:43.629 [main] DEBUG nextflow.processor.TaskProcessor - Creating process 'NFCORE_RNASEQ:RNASEQ:ALIGN_STAR:BAM_SORT_STATS_SAMTOOLS:BAM_STATS_SAMTOOLS:SAMTOOLS_STATS': maxForks=0; fair=false; array=0
Sep-14 11:28:43.634 [main] DEBUG n.script.dsl.ProcessConfigBuilder - Config settings `withLabel:process_single` matches labels `process_single` for process with name NFCORE_RNASEQ:RNASEQ:ALIGN_STAR:BAM_SORT_STATS_SAMTOOLS:BAM_STATS_SAMTOOLS:SAMTOOLS_FLAGSTAT
Sep-14 11:28:43.637 [main] DEBUG n.script.dsl.ProcessConfigBuilder - Config settings `withName:NFCORE_RNASEQ:RNASEQ:.*:BAM_SORT_STATS_SAMTOOLS:BAM_STATS_SAMTOOLS:.*` matches process NFCORE_RNASEQ:RNASEQ:ALIGN_STAR:BAM_SORT_STATS_SAMTOOLS:BAM_STATS_SAMTOOLS:SAMTOOLS_FLAGSTAT
Sep-14 11:28:43.640 [main] DEBUG nextflow.executor.ExecutorFactory - << taskConfig executor: null
Sep-14 11:28:43.640 [main] DEBUG nextflow.executor.ExecutorFactory - >> processorType: 'local'
Sep-14 11:28:43.641 [main] DEBUG nextflow.processor.TaskProcessor - Creating process 'NFCORE_RNASEQ:RNASEQ:ALIGN_STAR:BAM_SORT_STATS_SAMTOOLS:BAM_STATS_SAMTOOLS:SAMTOOLS_FLAGSTAT': maxForks=0; fair=false; array=0
Sep-14 11:28:43.645 [main] DEBUG n.script.dsl.ProcessConfigBuilder - Config settings `withLabel:process_single` matches labels `process_single` for process with name NFCORE_RNASEQ:RNASEQ:ALIGN_STAR:BAM_SORT_STATS_SAMTOOLS:BAM_STATS_SAMTOOLS:SAMTOOLS_IDXSTATS
Sep-14 11:28:43.649 [main] DEBUG n.script.dsl.ProcessConfigBuilder - Config settings `withName:NFCORE_RNASEQ:RNASEQ:.*:BAM_SORT_STATS_SAMTOOLS:BAM_STATS_SAMTOOLS:.*` matches process NFCORE_RNASEQ:RNASEQ:ALIGN_STAR:BAM_SORT_STATS_SAMTOOLS:BAM_STATS_SAMTOOLS:SAMTOOLS_IDXSTATS
Sep-14 11:28:43.653 [main] DEBUG nextflow.executor.ExecutorFactory - << taskConfig executor: null
Sep-14 11:28:43.653 [main] DEBUG nextflow.executor.ExecutorFactory - >> processorType: 'local'
Sep-14 11:28:43.653 [main] DEBUG nextflow.processor.TaskProcessor - Creating process 'NFCORE_RNASEQ:RNASEQ:ALIGN_STAR:BAM_SORT_STATS_SAMTOOLS:BAM_STATS_SAMTOOLS:SAMTOOLS_IDXSTATS': maxForks=0; fair=false; array=0
Sep-14 11:28:43.686 [main] DEBUG n.script.dsl.ProcessConfigBuilder - Config settings `withLabel:process_medium` matches labels `process_medium` for process with name NFCORE_RNASEQ:RNASEQ:QUANTIFY_BAM_SALMON:SALMON_QUANT
Sep-14 11:28:43.688 [main] DEBUG n.script.dsl.ProcessConfigBuilder - Config settings `withName:.*:QUANTIFY_BAM_SALMON:SALMON_QUANT` matches process NFCORE_RNASEQ:RNASEQ:QUANTIFY_BAM_SALMON:SALMON_QUANT
Sep-14 11:28:43.692 [main] DEBUG nextflow.executor.ExecutorFactory - << taskConfig executor: null
Sep-14 11:28:43.692 [main] DEBUG nextflow.executor.ExecutorFactory - >> processorType: 'local'
Sep-14 11:28:43.692 [main] DEBUG nextflow.processor.TaskProcessor - Creating process 'NFCORE_RNASEQ:RNASEQ:QUANTIFY_BAM_SALMON:SALMON_QUANT': maxForks=0; fair=false; array=0
Sep-14 11:28:43.707 [main] DEBUG n.script.dsl.ProcessConfigBuilder - Config settings `withLabel:process_single` matches labels `process_single` for process with name NFCORE_RNASEQ:RNASEQ:QUANTIFY_BAM_SALMON:QUANT_TXIMPORT_SUMMARIZEDEXPERIMENT:CUSTOM_TX2GENE
Sep-14 11:28:43.708 [main] DEBUG n.script.dsl.ProcessConfigBuilder - Config settings `withName:.*:QUANT_TXIMPORT_SUMMARIZEDEXPERIMENT:CUSTOM_TX2GENE` matches process NFCORE_RNASEQ:RNASEQ:QUANTIFY_BAM_SALMON:QUANT_TXIMPORT_SUMMARIZEDEXPERIMENT:CUSTOM_TX2GENE
Sep-14 11:28:43.709 [main] DEBUG n.script.dsl.ProcessConfigBuilder - Config settings `withName:.*:QUANTIFY_BAM_SALMON:QUANT_TXIMPORT_SUMMARIZEDEXPERIMENT:(CUSTOM_TX2GENE|TXIMETA_TXIMPORT)` matches process NFCORE_RNASEQ:RNASEQ:QUANTIFY_BAM_SALMON:QUANT_TXIMPORT_SUMMARIZEDEXPERIMENT:CUSTOM_TX2GENE
Sep-14 11:28:43.712 [main] DEBUG nextflow.executor.ExecutorFactory - << taskConfig executor: null
Sep-14 11:28:43.712 [main] DEBUG nextflow.executor.ExecutorFactory - >> processorType: 'local'
Sep-14 11:28:43.713 [main] DEBUG nextflow.processor.TaskProcessor - Creating process 'NFCORE_RNASEQ:RNASEQ:QUANTIFY_BAM_SALMON:QUANT_TXIMPORT_SUMMARIZEDEXPERIMENT:CUSTOM_TX2GENE': maxForks=0; fair=false; array=0
Sep-14 11:28:43.726 [main] DEBUG n.script.dsl.ProcessConfigBuilder - Config settings `withLabel:process_medium` matches labels `process_medium` for process with name NFCORE_RNASEQ:RNASEQ:QUANTIFY_BAM_SALMON:QUANT_TXIMPORT_SUMMARIZEDEXPERIMENT:TXIMETA_TXIMPORT
Sep-14 11:28:43.728 [main] DEBUG n.script.dsl.ProcessConfigBuilder - Config settings `withName:.*:QUANT_TXIMPORT_SUMMARIZEDEXPERIMENT:TXIMETA_TXIMPORT` matches process NFCORE_RNASEQ:RNASEQ:QUANTIFY_BAM_SALMON:QUANT_TXIMPORT_SUMMARIZEDEXPERIMENT:TXIMETA_TXIMPORT
Sep-14 11:28:43.728 [main] DEBUG n.script.dsl.ProcessConfigBuilder - Config settings `withName:.*:QUANTIFY_BAM_SALMON:QUANT_TXIMPORT_SUMMARIZEDEXPERIMENT:(CUSTOM_TX2GENE|TXIMETA_TXIMPORT)` matches process NFCORE_RNASEQ:RNASEQ:QUANTIFY_BAM_SALMON:QUANT_TXIMPORT_SUMMARIZEDEXPERIMENT:TXIMETA_TXIMPORT
Sep-14 11:28:43.732 [main] DEBUG nextflow.executor.ExecutorFactory - << taskConfig executor: null
Sep-14 11:28:43.732 [main] DEBUG nextflow.executor.ExecutorFactory - >> processorType: 'local'
Sep-14 11:28:43.732 [main] DEBUG nextflow.processor.TaskProcessor - Creating process 'NFCORE_RNASEQ:RNASEQ:QUANTIFY_BAM_SALMON:QUANT_TXIMPORT_SUMMARIZEDEXPERIMENT:TXIMETA_TXIMPORT': maxForks=0; fair=false; array=0
Sep-14 11:28:43.754 [main] DEBUG n.script.dsl.ProcessConfigBuilder - Config settings `withLabel:process_medium` matches labels `process_medium` for process with name NFCORE_RNASEQ:RNASEQ:QUANTIFY_BAM_SALMON:QUANT_TXIMPORT_SUMMARIZEDEXPERIMENT:SE_GENE_UNIFIED
Sep-14 11:28:43.757 [main] DEBUG n.script.dsl.ProcessConfigBuilder - Config settings `withName:.*:QUANT_TXIMPORT_SUMMARIZEDEXPERIMENT:SE_GENE_UNIFIED` matches process NFCORE_RNASEQ:RNASEQ:QUANTIFY_BAM_SALMON:QUANT_TXIMPORT_SUMMARIZEDEXPERIMENT:SE_GENE_UNIFIED
Sep-14 11:28:43.757 [main] DEBUG n.script.dsl.ProcessConfigBuilder - Config settings `withName:.*:QUANTIFY_BAM_SALMON:QUANT_TXIMPORT_SUMMARIZEDEXPERIMENT:SE_.*` matches process NFCORE_RNASEQ:RNASEQ:QUANTIFY_BAM_SALMON:QUANT_TXIMPORT_SUMMARIZEDEXPERIMENT:SE_GENE_UNIFIED
Sep-14 11:28:43.757 [main] DEBUG n.script.dsl.ProcessConfigBuilder - Config settings `withName:.*:QUANTIFY_BAM_SALMON:QUANT_TXIMPORT_SUMMARIZEDEXPERIMENT:SE_GENE_UNIFIED` matches process NFCORE_RNASEQ:RNASEQ:QUANTIFY_BAM_SALMON:QUANT_TXIMPORT_SUMMARIZEDEXPERIMENT:SE_GENE_UNIFIED
Sep-14 11:28:43.761 [main] DEBUG nextflow.executor.ExecutorFactory - << taskConfig executor: null
Sep-14 11:28:43.761 [main] DEBUG nextflow.executor.ExecutorFactory - >> processorType: 'local'
Sep-14 11:28:43.762 [main] DEBUG nextflow.processor.TaskProcessor - Creating process 'NFCORE_RNASEQ:RNASEQ:QUANTIFY_BAM_SALMON:QUANT_TXIMPORT_SUMMARIZEDEXPERIMENT:SE_GENE_UNIFIED': maxForks=0; fair=false; array=0
Sep-14 11:28:43.796 [main] DEBUG n.script.dsl.ProcessConfigBuilder - Config settings `withLabel:process_medium` matches labels `process_medium` for process with name NFCORE_RNASEQ:RNASEQ:QUANTIFY_BAM_SALMON:QUANT_TXIMPORT_SUMMARIZEDEXPERIMENT:SE_TRANSCRIPT_UNIFIED
Sep-14 11:28:43.800 [main] DEBUG n.script.dsl.ProcessConfigBuilder - Config settings `withName:.*:QUANT_TXIMPORT_SUMMARIZEDEXPERIMENT:SE_TRANSCRIPT_UNIFIED` matches process NFCORE_RNASEQ:RNASEQ:QUANTIFY_BAM_SALMON:QUANT_TXIMPORT_SUMMARIZEDEXPERIMENT:SE_TRANSCRIPT_UNIFIED
Sep-14 11:28:43.800 [main] DEBUG n.script.dsl.ProcessConfigBuilder - Config settings `withName:.*:QUANTIFY_BAM_SALMON:QUANT_TXIMPORT_SUMMARIZEDEXPERIMENT:SE_.*` matches process NFCORE_RNASEQ:RNASEQ:QUANTIFY_BAM_SALMON:QUANT_TXIMPORT_SUMMARIZEDEXPERIMENT:SE_TRANSCRIPT_UNIFIED
Sep-14 11:28:43.800 [main] DEBUG n.script.dsl.ProcessConfigBuilder - Config settings `withName:.*:QUANTIFY_BAM_SALMON:QUANT_TXIMPORT_SUMMARIZEDEXPERIMENT:SE_TRANSCRIPT_UNIFIED` matches process NFCORE_RNASEQ:RNASEQ:QUANTIFY_BAM_SALMON:QUANT_TXIMPORT_SUMMARIZEDEXPERIMENT:SE_TRANSCRIPT_UNIFIED
Sep-14 11:28:43.804 [main] DEBUG nextflow.executor.ExecutorFactory - << taskConfig executor: null
Sep-14 11:28:43.804 [main] DEBUG nextflow.executor.ExecutorFactory - >> processorType: 'local'
Sep-14 11:28:43.804 [main] DEBUG nextflow.processor.TaskProcessor - Creating process 'NFCORE_RNASEQ:RNASEQ:QUANTIFY_BAM_SALMON:QUANT_TXIMPORT_SUMMARIZEDEXPERIMENT:SE_TRANSCRIPT_UNIFIED': maxForks=0; fair=false; array=0
Sep-14 11:28:43.822 [main] DEBUG n.script.dsl.ProcessConfigBuilder - Config settings `withLabel:process_medium` matches labels `process_medium` for process with name NFCORE_RNASEQ:RNASEQ:DESEQ2_QC_BAM_SALMON
Sep-14 11:28:43.824 [main] DEBUG n.script.dsl.ProcessConfigBuilder - Config settings `withName:DESEQ2_QC_(BAM_SALMON|RSEM)` matches process NFCORE_RNASEQ:RNASEQ:DESEQ2_QC_BAM_SALMON
Sep-14 11:28:43.829 [main] DEBUG nextflow.executor.ExecutorFactory - << taskConfig executor: null
Sep-14 11:28:43.829 [main] DEBUG nextflow.executor.ExecutorFactory - >> processorType: 'local'
Sep-14 11:28:43.830 [main] DEBUG nextflow.processor.TaskProcessor - Creating process 'NFCORE_RNASEQ:RNASEQ:DESEQ2_QC_BAM_SALMON': maxForks=0; fair=false; array=0
Sep-14 11:28:43.872 [main] DEBUG n.script.dsl.ProcessConfigBuilder - Config settings `withLabel:process_medium` matches labels `process_medium` for process with name NFCORE_RNASEQ:RNASEQ:BAM_MARKDUPLICATES_PICARD:PICARD_MARKDUPLICATES
Sep-14 11:28:43.878 [main] DEBUG n.script.dsl.ProcessConfigBuilder - Config settings `withName:.*:BAM_MARKDUPLICATES_PICARD:PICARD_MARKDUPLICATES` matches process NFCORE_RNASEQ:RNASEQ:BAM_MARKDUPLICATES_PICARD:PICARD_MARKDUPLICATES
Sep-14 11:28:43.886 [main] DEBUG nextflow.executor.ExecutorFactory - << taskConfig executor: null
Sep-14 11:28:43.886 [main] DEBUG nextflow.executor.ExecutorFactory - >> processorType: 'local'
Sep-14 11:28:43.888 [main] DEBUG nextflow.processor.TaskProcessor - Creating process 'NFCORE_RNASEQ:RNASEQ:BAM_MARKDUPLICATES_PICARD:PICARD_MARKDUPLICATES': maxForks=0; fair=false; array=0
Sep-14 11:28:43.905 [main] DEBUG n.script.dsl.ProcessConfigBuilder - Config settings `withLabel:process_low` matches labels `process_low` for process with name NFCORE_RNASEQ:RNASEQ:BAM_MARKDUPLICATES_PICARD:SAMTOOLS_INDEX
Sep-14 11:28:43.907 [main] DEBUG n.script.dsl.ProcessConfigBuilder - Config settings `withName:.*:BAM_MARKDUPLICATES_PICARD:SAMTOOLS_INDEX` matches process NFCORE_RNASEQ:RNASEQ:BAM_MARKDUPLICATES_PICARD:SAMTOOLS_INDEX
Sep-14 11:28:43.912 [main] DEBUG nextflow.executor.ExecutorFactory - << taskConfig executor: null
Sep-14 11:28:43.912 [main] DEBUG nextflow.executor.ExecutorFactory - >> processorType: 'local'
Sep-14 11:28:43.913 [main] DEBUG nextflow.processor.TaskProcessor - Creating process 'NFCORE_RNASEQ:RNASEQ:BAM_MARKDUPLICATES_PICARD:SAMTOOLS_INDEX': maxForks=0; fair=false; array=0
Sep-14 11:28:43.922 [main] DEBUG n.script.dsl.ProcessConfigBuilder - Config settings `withLabel:process_single` matches labels `process_single` for process with name NFCORE_RNASEQ:RNASEQ:BAM_MARKDUPLICATES_PICARD:BAM_STATS_SAMTOOLS:SAMTOOLS_STATS
Sep-14 11:28:43.923 [main] DEBUG n.script.dsl.ProcessConfigBuilder - Config settings `withName:.*:BAM_MARKDUPLICATES_PICARD:BAM_STATS_SAMTOOLS:.*` matches process NFCORE_RNASEQ:RNASEQ:BAM_MARKDUPLICATES_PICARD:BAM_STATS_SAMTOOLS:SAMTOOLS_STATS
Sep-14 11:28:43.928 [main] DEBUG nextflow.executor.ExecutorFactory - << taskConfig executor: null
Sep-14 11:28:43.928 [main] DEBUG nextflow.executor.ExecutorFactory - >> processorType: 'local'
Sep-14 11:28:43.928 [main] DEBUG nextflow.processor.TaskProcessor - Creating process 'NFCORE_RNASEQ:RNASEQ:BAM_MARKDUPLICATES_PICARD:BAM_STATS_SAMTOOLS:SAMTOOLS_STATS': maxForks=0; fair=false; array=0
Sep-14 11:28:43.934 [main] DEBUG n.script.dsl.ProcessConfigBuilder - Config settings `withLabel:process_single` matches labels `process_single` for process with name NFCORE_RNASEQ:RNASEQ:BAM_MARKDUPLICATES_PICARD:BAM_STATS_SAMTOOLS:SAMTOOLS_FLAGSTAT
Sep-14 11:28:43.936 [main] DEBUG n.script.dsl.ProcessConfigBuilder - Config settings `withName:.*:BAM_MARKDUPLICATES_PICARD:BAM_STATS_SAMTOOLS:.*` matches process NFCORE_RNASEQ:RNASEQ:BAM_MARKDUPLICATES_PICARD:BAM_STATS_SAMTOOLS:SAMTOOLS_FLAGSTAT
Sep-14 11:28:43.940 [main] DEBUG nextflow.executor.ExecutorFactory - << taskConfig executor: null
Sep-14 11:28:43.940 [main] DEBUG nextflow.executor.ExecutorFactory - >> processorType: 'local'
Sep-14 11:28:43.941 [main] DEBUG nextflow.processor.TaskProcessor - Creating process 'NFCORE_RNASEQ:RNASEQ:BAM_MARKDUPLICATES_PICARD:BAM_STATS_SAMTOOLS:SAMTOOLS_FLAGSTAT': maxForks=0; fair=false; array=0
Sep-14 11:28:43.946 [main] DEBUG n.script.dsl.ProcessConfigBuilder - Config settings `withLabel:process_single` matches labels `process_single` for process with name NFCORE_RNASEQ:RNASEQ:BAM_MARKDUPLICATES_PICARD:BAM_STATS_SAMTOOLS:SAMTOOLS_IDXSTATS
Sep-14 11:28:43.948 [main] DEBUG n.script.dsl.ProcessConfigBuilder - Config settings `withName:.*:BAM_MARKDUPLICATES_PICARD:BAM_STATS_SAMTOOLS:.*` matches process NFCORE_RNASEQ:RNASEQ:BAM_MARKDUPLICATES_PICARD:BAM_STATS_SAMTOOLS:SAMTOOLS_IDXSTATS
Sep-14 11:28:43.952 [main] DEBUG nextflow.executor.ExecutorFactory - << taskConfig executor: null
Sep-14 11:28:43.952 [main] DEBUG nextflow.executor.ExecutorFactory - >> processorType: 'local'
Sep-14 11:28:43.953 [main] DEBUG nextflow.processor.TaskProcessor - Creating process 'NFCORE_RNASEQ:RNASEQ:BAM_MARKDUPLICATES_PICARD:BAM_STATS_SAMTOOLS:SAMTOOLS_IDXSTATS': maxForks=0; fair=false; array=0
Sep-14 11:28:43.999 [main] DEBUG n.script.dsl.ProcessConfigBuilder - Config settings `withLabel:process_medium` matches labels `process_medium` for process with name NFCORE_RNASEQ:RNASEQ:STRINGTIE_STRINGTIE
Sep-14 11:28:44.001 [main] DEBUG n.script.dsl.ProcessConfigBuilder - Config settings `withName:STRINGTIE_STRINGTIE` matches process NFCORE_RNASEQ:RNASEQ:STRINGTIE_STRINGTIE
Sep-14 11:28:44.008 [main] DEBUG nextflow.executor.ExecutorFactory - << taskConfig executor: null
Sep-14 11:28:44.008 [main] DEBUG nextflow.executor.ExecutorFactory - >> processorType: 'local'
Sep-14 11:28:44.011 [main] DEBUG nextflow.processor.TaskProcessor - Creating process 'NFCORE_RNASEQ:RNASEQ:STRINGTIE_STRINGTIE': maxForks=0; fair=false; array=0
Sep-14 11:28:44.034 [main] DEBUG n.script.dsl.ProcessConfigBuilder - Config settings `withLabel:process_single` matches labels `process_single,error_retry` for process with name NFCORE_RNASEQ:RNASEQ:BAM_QC_RNASEQ:PRESEQ_LCEXTRAP
Sep-14 11:28:44.035 [main] DEBUG n.script.dsl.ProcessConfigBuilder - Config settings `withLabel:error_retry` matches labels `process_single,error_retry` for process with name NFCORE_RNASEQ:RNASEQ:BAM_QC_RNASEQ:PRESEQ_LCEXTRAP
Sep-14 11:28:44.035 [main] DEBUG n.script.dsl.ProcessConfigBuilder - Config settings `withName:PRESEQ_LCEXTRAP` matches process NFCORE_RNASEQ:RNASEQ:BAM_QC_RNASEQ:PRESEQ_LCEXTRAP
Sep-14 11:28:44.040 [main] DEBUG nextflow.executor.ExecutorFactory - << taskConfig executor: null
Sep-14 11:28:44.040 [main] DEBUG nextflow.executor.ExecutorFactory - >> processorType: 'local'
Sep-14 11:28:44.040 [main] DEBUG nextflow.processor.TaskProcessor - Creating process 'NFCORE_RNASEQ:RNASEQ:BAM_QC_RNASEQ:PRESEQ_LCEXTRAP': maxForks=0; fair=false; array=0
Sep-14 11:28:44.054 [main] DEBUG n.script.dsl.ProcessConfigBuilder - Config settings `withLabel:process_medium` matches labels `process_medium` for process with name NFCORE_RNASEQ:RNASEQ:BAM_QC_RNASEQ:SUBREAD_FEATURECOUNTS
Sep-14 11:28:44.055 [main] DEBUG n.script.dsl.ProcessConfigBuilder - Config settings `withName:SUBREAD_FEATURECOUNTS` matches process NFCORE_RNASEQ:RNASEQ:BAM_QC_RNASEQ:SUBREAD_FEATURECOUNTS
Sep-14 11:28:44.059 [main] DEBUG nextflow.executor.ExecutorFactory - << taskConfig executor: null
Sep-14 11:28:44.059 [main] DEBUG nextflow.executor.ExecutorFactory - >> processorType: 'local'
Sep-14 11:28:44.059 [main] DEBUG nextflow.processor.TaskProcessor - Creating process 'NFCORE_RNASEQ:RNASEQ:BAM_QC_RNASEQ:SUBREAD_FEATURECOUNTS': maxForks=0; fair=false; array=0
Sep-14 11:28:44.064 [main] DEBUG n.script.dsl.ProcessConfigBuilder - Config settings `withLabel:process_single` matches labels `process_single` for process with name NFCORE_RNASEQ:RNASEQ:BAM_QC_RNASEQ:CUSTOM_MULTIQCCUSTOMBIOTYPE
Sep-14 11:28:44.065 [main] DEBUG n.script.dsl.ProcessConfigBuilder - Config settings `withName:CUSTOM_MULTIQCCUSTOMBIOTYPE` matches process NFCORE_RNASEQ:RNASEQ:BAM_QC_RNASEQ:CUSTOM_MULTIQCCUSTOMBIOTYPE
Sep-14 11:28:44.069 [main] DEBUG nextflow.executor.ExecutorFactory - << taskConfig executor: null
Sep-14 11:28:44.069 [main] DEBUG nextflow.executor.ExecutorFactory - >> processorType: 'local'
Sep-14 11:28:44.069 [main] DEBUG nextflow.processor.TaskProcessor - Creating process 'NFCORE_RNASEQ:RNASEQ:BAM_QC_RNASEQ:CUSTOM_MULTIQCCUSTOMBIOTYPE': maxForks=0; fair=false; array=0
Sep-14 11:28:44.078 [main] DEBUG n.script.dsl.ProcessConfigBuilder - Config settings `withLabel:process_medium` matches labels `process_medium` for process with name NFCORE_RNASEQ:RNASEQ:BAM_QC_RNASEQ:SAMTOOLS_SORT_QUALIMAP
Sep-14 11:28:44.079 [main] DEBUG n.script.dsl.ProcessConfigBuilder - Config settings `withName:SAMTOOLS_SORT_QUALIMAP` matches process NFCORE_RNASEQ:RNASEQ:BAM_QC_RNASEQ:SAMTOOLS_SORT_QUALIMAP
Sep-14 11:28:44.084 [main] DEBUG nextflow.executor.ExecutorFactory - << taskConfig executor: null
Sep-14 11:28:44.085 [main] DEBUG nextflow.executor.ExecutorFactory - >> processorType: 'local'
Sep-14 11:28:44.085 [main] DEBUG nextflow.processor.TaskProcessor - Creating process 'NFCORE_RNASEQ:RNASEQ:BAM_QC_RNASEQ:SAMTOOLS_SORT_QUALIMAP': maxForks=0; fair=false; array=0
Sep-14 11:28:44.093 [main] DEBUG n.script.dsl.ProcessConfigBuilder - Config settings `withLabel:process_medium` matches labels `process_medium` for process with name NFCORE_RNASEQ:RNASEQ:BAM_QC_RNASEQ:QUALIMAP_RNASEQ
Sep-14 11:28:44.094 [main] DEBUG n.script.dsl.ProcessConfigBuilder - Config settings `withName:QUALIMAP_RNASEQ` matches process NFCORE_RNASEQ:RNASEQ:BAM_QC_RNASEQ:QUALIMAP_RNASEQ
Sep-14 11:28:44.099 [main] DEBUG nextflow.executor.ExecutorFactory - << taskConfig executor: null
Sep-14 11:28:44.099 [main] DEBUG nextflow.executor.ExecutorFactory - >> processorType: 'local'
Sep-14 11:28:44.100 [main] DEBUG nextflow.processor.TaskProcessor - Creating process 'NFCORE_RNASEQ:RNASEQ:BAM_QC_RNASEQ:QUALIMAP_RNASEQ': maxForks=0; fair=false; array=0
Sep-14 11:28:44.109 [main] DEBUG n.script.dsl.ProcessConfigBuilder - Config settings `withLabel:process_long` matches labels `process_long` for process with name NFCORE_RNASEQ:RNASEQ:BAM_QC_RNASEQ:DUPRADAR
Sep-14 11:28:44.110 [main] DEBUG n.script.dsl.ProcessConfigBuilder - Config settings `withName:DUPRADAR` matches process NFCORE_RNASEQ:RNASEQ:BAM_QC_RNASEQ:DUPRADAR
Sep-14 11:28:44.114 [main] DEBUG nextflow.executor.ExecutorFactory - << taskConfig executor: null
Sep-14 11:28:44.114 [main] DEBUG nextflow.executor.ExecutorFactory - >> processorType: 'local'
Sep-14 11:28:44.115 [main] DEBUG nextflow.processor.TaskProcessor - Creating process 'NFCORE_RNASEQ:RNASEQ:BAM_QC_RNASEQ:DUPRADAR': maxForks=0; fair=false; array=0
Sep-14 11:28:44.130 [main] DEBUG n.script.dsl.ProcessConfigBuilder - Config settings `withLabel:process_medium` matches labels `process_medium` for process with name NFCORE_RNASEQ:RNASEQ:BAM_QC_RNASEQ:BAM_RSEQC:RSEQC_BAMSTAT
Sep-14 11:28:44.132 [main] DEBUG n.script.dsl.ProcessConfigBuilder - Config settings `withName:.*:BAM_RSEQC:RSEQC_BAMSTAT` matches process NFCORE_RNASEQ:RNASEQ:BAM_QC_RNASEQ:BAM_RSEQC:RSEQC_BAMSTAT
Sep-14 11:28:44.135 [main] DEBUG nextflow.executor.ExecutorFactory - << taskConfig executor: null
Sep-14 11:28:44.135 [main] DEBUG nextflow.executor.ExecutorFactory - >> processorType: 'local'
Sep-14 11:28:44.135 [main] DEBUG nextflow.processor.TaskProcessor - Creating process 'NFCORE_RNASEQ:RNASEQ:BAM_QC_RNASEQ:BAM_RSEQC:RSEQC_BAMSTAT': maxForks=0; fair=false; array=0
Sep-14 11:28:44.145 [main] DEBUG n.script.dsl.ProcessConfigBuilder - Config settings `withLabel:process_medium` matches labels `process_medium` for process with name NFCORE_RNASEQ:RNASEQ:BAM_QC_RNASEQ:BAM_RSEQC:RSEQC_INNERDISTANCE
Sep-14 11:28:44.147 [main] DEBUG n.script.dsl.ProcessConfigBuilder - Config settings `withName:.*:BAM_RSEQC:RSEQC_INNERDISTANCE` matches process NFCORE_RNASEQ:RNASEQ:BAM_QC_RNASEQ:BAM_RSEQC:RSEQC_INNERDISTANCE
Sep-14 11:28:44.150 [main] DEBUG nextflow.executor.ExecutorFactory - << taskConfig executor: null
Sep-14 11:28:44.150 [main] DEBUG nextflow.executor.ExecutorFactory - >> processorType: 'local'
Sep-14 11:28:44.151 [main] DEBUG nextflow.processor.TaskProcessor - Creating process 'NFCORE_RNASEQ:RNASEQ:BAM_QC_RNASEQ:BAM_RSEQC:RSEQC_INNERDISTANCE': maxForks=0; fair=false; array=0
Sep-14 11:28:44.165 [main] DEBUG n.script.dsl.ProcessConfigBuilder - Config settings `withLabel:process_medium` matches labels `process_medium` for process with name NFCORE_RNASEQ:RNASEQ:BAM_QC_RNASEQ:BAM_RSEQC:RSEQC_INFEREXPERIMENT
Sep-14 11:28:44.167 [main] DEBUG n.script.dsl.ProcessConfigBuilder - Config settings `withName:.*:BAM_RSEQC:RSEQC_INFEREXPERIMENT` matches process NFCORE_RNASEQ:RNASEQ:BAM_QC_RNASEQ:BAM_RSEQC:RSEQC_INFEREXPERIMENT
Sep-14 11:28:44.170 [main] DEBUG nextflow.executor.ExecutorFactory - << taskConfig executor: null
Sep-14 11:28:44.170 [main] DEBUG nextflow.executor.ExecutorFactory - >> processorType: 'local'
Sep-14 11:28:44.171 [main] DEBUG nextflow.processor.TaskProcessor - Creating process 'NFCORE_RNASEQ:RNASEQ:BAM_QC_RNASEQ:BAM_RSEQC:RSEQC_INFEREXPERIMENT': maxForks=0; fair=false; array=0
Sep-14 11:28:44.184 [main] DEBUG n.script.dsl.ProcessConfigBuilder - Config settings `withLabel:process_medium` matches labels `process_medium` for process with name NFCORE_RNASEQ:RNASEQ:BAM_QC_RNASEQ:BAM_RSEQC:RSEQC_JUNCTIONANNOTATION
Sep-14 11:28:44.186 [main] DEBUG n.script.dsl.ProcessConfigBuilder - Config settings `withName:.*:BAM_RSEQC:RSEQC_JUNCTIONANNOTATION` matches process NFCORE_RNASEQ:RNASEQ:BAM_QC_RNASEQ:BAM_RSEQC:RSEQC_JUNCTIONANNOTATION
Sep-14 11:28:44.189 [main] DEBUG nextflow.executor.ExecutorFactory - << taskConfig executor: null
Sep-14 11:28:44.189 [main] DEBUG nextflow.executor.ExecutorFactory - >> processorType: 'local'
Sep-14 11:28:44.190 [main] DEBUG nextflow.processor.TaskProcessor - Creating process 'NFCORE_RNASEQ:RNASEQ:BAM_QC_RNASEQ:BAM_RSEQC:RSEQC_JUNCTIONANNOTATION': maxForks=0; fair=false; array=0
Sep-14 11:28:44.207 [main] DEBUG n.script.dsl.ProcessConfigBuilder - Config settings `withLabel:process_medium` matches labels `process_medium` for process with name NFCORE_RNASEQ:RNASEQ:BAM_QC_RNASEQ:BAM_RSEQC:RSEQC_JUNCTIONSATURATION
Sep-14 11:28:44.209 [main] DEBUG n.script.dsl.ProcessConfigBuilder - Config settings `withName:.*:BAM_RSEQC:RSEQC_JUNCTIONSATURATION` matches process NFCORE_RNASEQ:RNASEQ:BAM_QC_RNASEQ:BAM_RSEQC:RSEQC_JUNCTIONSATURATION
Sep-14 11:28:44.212 [main] DEBUG nextflow.executor.ExecutorFactory - << taskConfig executor: null
Sep-14 11:28:44.212 [main] DEBUG nextflow.executor.ExecutorFactory - >> processorType: 'local'
Sep-14 11:28:44.213 [main] DEBUG nextflow.processor.TaskProcessor - Creating process 'NFCORE_RNASEQ:RNASEQ:BAM_QC_RNASEQ:BAM_RSEQC:RSEQC_JUNCTIONSATURATION': maxForks=0; fair=false; array=0
Sep-14 11:28:44.223 [main] DEBUG n.script.dsl.ProcessConfigBuilder - Config settings `withLabel:process_medium` matches labels `process_medium` for process with name NFCORE_RNASEQ:RNASEQ:BAM_QC_RNASEQ:BAM_RSEQC:RSEQC_READDISTRIBUTION
Sep-14 11:28:44.225 [main] DEBUG n.script.dsl.ProcessConfigBuilder - Config settings `withName:.*:BAM_RSEQC:RSEQC_READDISTRIBUTION` matches process NFCORE_RNASEQ:RNASEQ:BAM_QC_RNASEQ:BAM_RSEQC:RSEQC_READDISTRIBUTION
Sep-14 11:28:44.228 [main] DEBUG nextflow.executor.ExecutorFactory - << taskConfig executor: null
Sep-14 11:28:44.228 [main] DEBUG nextflow.executor.ExecutorFactory - >> processorType: 'local'
Sep-14 11:28:44.229 [main] DEBUG nextflow.processor.TaskProcessor - Creating process 'NFCORE_RNASEQ:RNASEQ:BAM_QC_RNASEQ:BAM_RSEQC:RSEQC_READDISTRIBUTION': maxForks=0; fair=false; array=0
Sep-14 11:28:44.238 [main] DEBUG n.script.dsl.ProcessConfigBuilder - Config settings `withLabel:process_medium` matches labels `process_medium` for process with name NFCORE_RNASEQ:RNASEQ:BAM_QC_RNASEQ:BAM_RSEQC:RSEQC_READDUPLICATION
Sep-14 11:28:44.240 [main] DEBUG n.script.dsl.ProcessConfigBuilder - Config settings `withName:.*:BAM_RSEQC:RSEQC_READDUPLICATION` matches process NFCORE_RNASEQ:RNASEQ:BAM_QC_RNASEQ:BAM_RSEQC:RSEQC_READDUPLICATION
Sep-14 11:28:44.243 [main] DEBUG nextflow.executor.ExecutorFactory - << taskConfig executor: null
Sep-14 11:28:44.243 [main] DEBUG nextflow.executor.ExecutorFactory - >> processorType: 'local'
Sep-14 11:28:44.244 [main] DEBUG nextflow.processor.TaskProcessor - Creating process 'NFCORE_RNASEQ:RNASEQ:BAM_QC_RNASEQ:BAM_RSEQC:RSEQC_READDUPLICATION': maxForks=0; fair=false; array=0
Sep-14 11:28:44.332 [main] DEBUG n.script.dsl.ProcessConfigBuilder - Config settings `withLabel:process_single` matches labels `process_single` for process with name NFCORE_RNASEQ:RNASEQ:BEDTOOLS_GENOMECOV_FW
Sep-14 11:28:44.334 [main] DEBUG n.script.dsl.ProcessConfigBuilder - Config settings `withName:BEDTOOLS_GENOMECOV_FW` matches process NFCORE_RNASEQ:RNASEQ:BEDTOOLS_GENOMECOV_FW
Sep-14 11:28:44.334 [main] DEBUG n.script.dsl.ProcessConfigBuilder - Config settings `withName:(BEDTOOLS_GENOMECOV_(FW|REV|COMBINED)|.*:BEDGRAPH_BEDCLIP_BEDGRAPHTOBIGWIG_(FORWARD|REVERSE|COMBINED):UCSC_BEDCLIP)` matches process NFCORE_RNASEQ:RNASEQ:BEDTOOLS_GENOMECOV_FW
Sep-14 11:28:44.337 [main] DEBUG nextflow.executor.ExecutorFactory - << taskConfig executor: null
Sep-14 11:28:44.337 [main] DEBUG nextflow.executor.ExecutorFactory - >> processorType: 'local'
Sep-14 11:28:44.337 [main] DEBUG nextflow.processor.TaskProcessor - Creating process 'NFCORE_RNASEQ:RNASEQ:BEDTOOLS_GENOMECOV_FW': maxForks=0; fair=false; array=0
Sep-14 11:28:44.345 [main] DEBUG n.script.dsl.ProcessConfigBuilder - Config settings `withLabel:process_single` matches labels `process_single` for process with name NFCORE_RNASEQ:RNASEQ:BEDTOOLS_GENOMECOV_REV
Sep-14 11:28:44.346 [main] DEBUG n.script.dsl.ProcessConfigBuilder - Config settings `withName:BEDTOOLS_GENOMECOV_REV` matches process NFCORE_RNASEQ:RNASEQ:BEDTOOLS_GENOMECOV_REV
Sep-14 11:28:44.347 [main] DEBUG n.script.dsl.ProcessConfigBuilder - Config settings `withName:(BEDTOOLS_GENOMECOV_(FW|REV|COMBINED)|.*:BEDGRAPH_BEDCLIP_BEDGRAPHTOBIGWIG_(FORWARD|REVERSE|COMBINED):UCSC_BEDCLIP)` matches process NFCORE_RNASEQ:RNASEQ:BEDTOOLS_GENOMECOV_REV
Sep-14 11:28:44.350 [main] DEBUG nextflow.executor.ExecutorFactory - << taskConfig executor: null
Sep-14 11:28:44.350 [main] DEBUG nextflow.executor.ExecutorFactory - >> processorType: 'local'
Sep-14 11:28:44.351 [main] DEBUG nextflow.processor.TaskProcessor - Creating process 'NFCORE_RNASEQ:RNASEQ:BEDTOOLS_GENOMECOV_REV': maxForks=0; fair=false; array=0
Sep-14 11:28:44.358 [main] DEBUG n.script.dsl.ProcessConfigBuilder - Config settings `withLabel:process_single` matches labels `process_single` for process with name NFCORE_RNASEQ:RNASEQ:BEDTOOLS_GENOMECOV_COMBINED
Sep-14 11:28:44.360 [main] DEBUG n.script.dsl.ProcessConfigBuilder - Config settings `withName:BEDTOOLS_GENOMECOV_COMBINED` matches process NFCORE_RNASEQ:RNASEQ:BEDTOOLS_GENOMECOV_COMBINED
Sep-14 11:28:44.361 [main] DEBUG n.script.dsl.ProcessConfigBuilder - Config settings `withName:(BEDTOOLS_GENOMECOV_(FW|REV|COMBINED)|.*:BEDGRAPH_BEDCLIP_BEDGRAPHTOBIGWIG_(FORWARD|REVERSE|COMBINED):UCSC_BEDCLIP)` matches process NFCORE_RNASEQ:RNASEQ:BEDTOOLS_GENOMECOV_COMBINED
Sep-14 11:28:44.363 [main] DEBUG nextflow.executor.ExecutorFactory - << taskConfig executor: null
Sep-14 11:28:44.364 [main] DEBUG nextflow.executor.ExecutorFactory - >> processorType: 'local'
Sep-14 11:28:44.364 [main] DEBUG nextflow.processor.TaskProcessor - Creating process 'NFCORE_RNASEQ:RNASEQ:BEDTOOLS_GENOMECOV_COMBINED': maxForks=0; fair=false; array=0
Sep-14 11:28:44.373 [main] DEBUG n.script.dsl.ProcessConfigBuilder - Config settings `withLabel:process_medium` matches labels `process_medium` for process with name NFCORE_RNASEQ:RNASEQ:BEDGRAPH_BEDCLIP_BEDGRAPHTOBIGWIG_FORWARD:UCSC_BEDCLIP
Sep-14 11:28:44.374 [main] DEBUG n.script.dsl.ProcessConfigBuilder - Config settings `withName:(BEDTOOLS_GENOMECOV_(FW|REV|COMBINED)|.*:BEDGRAPH_BEDCLIP_BEDGRAPHTOBIGWIG_(FORWARD|REVERSE|COMBINED):UCSC_BEDCLIP)` matches process NFCORE_RNASEQ:RNASEQ:BEDGRAPH_BEDCLIP_BEDGRAPHTOBIGWIG_FORWARD:UCSC_BEDCLIP
Sep-14 11:28:44.375 [main] DEBUG n.script.dsl.ProcessConfigBuilder - Config settings `withName:.*:BEDGRAPH_BEDCLIP_BEDGRAPHTOBIGWIG_FORWARD:UCSC_BEDCLIP` matches process NFCORE_RNASEQ:RNASEQ:BEDGRAPH_BEDCLIP_BEDGRAPHTOBIGWIG_FORWARD:UCSC_BEDCLIP
Sep-14 11:28:44.377 [main] DEBUG nextflow.executor.ExecutorFactory - << taskConfig executor: null
Sep-14 11:28:44.377 [main] DEBUG nextflow.executor.ExecutorFactory - >> processorType: 'local'
Sep-14 11:28:44.378 [main] DEBUG nextflow.processor.TaskProcessor - Creating process 'NFCORE_RNASEQ:RNASEQ:BEDGRAPH_BEDCLIP_BEDGRAPHTOBIGWIG_FORWARD:UCSC_BEDCLIP': maxForks=0; fair=false; array=0
Sep-14 11:28:44.384 [main] DEBUG n.script.dsl.ProcessConfigBuilder - Config settings `withLabel:process_single` matches labels `process_single` for process with name NFCORE_RNASEQ:RNASEQ:BEDGRAPH_BEDCLIP_BEDGRAPHTOBIGWIG_FORWARD:UCSC_BEDGRAPHTOBIGWIG
Sep-14 11:28:44.386 [main] DEBUG n.script.dsl.ProcessConfigBuilder - Config settings `withName:.*:BEDGRAPH_BEDCLIP_BEDGRAPHTOBIGWIG_FORWARD:UCSC_BEDGRAPHTOBIGWIG` matches process NFCORE_RNASEQ:RNASEQ:BEDGRAPH_BEDCLIP_BEDGRAPHTOBIGWIG_FORWARD:UCSC_BEDGRAPHTOBIGWIG
Sep-14 11:28:44.386 [main] DEBUG n.script.dsl.ProcessConfigBuilder - Config settings `withName:.*:BEDGRAPH_BEDCLIP_BEDGRAPHTOBIGWIG_(FORWARD|REVERSE|COMBINED):UCSC_BEDGRAPHTOBIGWIG` matches process NFCORE_RNASEQ:RNASEQ:BEDGRAPH_BEDCLIP_BEDGRAPHTOBIGWIG_FORWARD:UCSC_BEDGRAPHTOBIGWIG
Sep-14 11:28:44.388 [main] DEBUG nextflow.executor.ExecutorFactory - << taskConfig executor: null
Sep-14 11:28:44.388 [main] DEBUG nextflow.executor.ExecutorFactory - >> processorType: 'local'
Sep-14 11:28:44.388 [main] DEBUG nextflow.processor.TaskProcessor - Creating process 'NFCORE_RNASEQ:RNASEQ:BEDGRAPH_BEDCLIP_BEDGRAPHTOBIGWIG_FORWARD:UCSC_BEDGRAPHTOBIGWIG': maxForks=0; fair=false; array=0
Sep-14 11:28:44.396 [main] DEBUG n.script.dsl.ProcessConfigBuilder - Config settings `withLabel:process_medium` matches labels `process_medium` for process with name NFCORE_RNASEQ:RNASEQ:BEDGRAPH_BEDCLIP_BEDGRAPHTOBIGWIG_REVERSE:UCSC_BEDCLIP
Sep-14 11:28:44.397 [main] DEBUG n.script.dsl.ProcessConfigBuilder - Config settings `withName:(BEDTOOLS_GENOMECOV_(FW|REV|COMBINED)|.*:BEDGRAPH_BEDCLIP_BEDGRAPHTOBIGWIG_(FORWARD|REVERSE|COMBINED):UCSC_BEDCLIP)` matches process NFCORE_RNASEQ:RNASEQ:BEDGRAPH_BEDCLIP_BEDGRAPHTOBIGWIG_REVERSE:UCSC_BEDCLIP
Sep-14 11:28:44.398 [main] DEBUG n.script.dsl.ProcessConfigBuilder - Config settings `withName:.*:BEDGRAPH_BEDCLIP_BEDGRAPHTOBIGWIG_REVERSE:UCSC_BEDCLIP` matches process NFCORE_RNASEQ:RNASEQ:BEDGRAPH_BEDCLIP_BEDGRAPHTOBIGWIG_REVERSE:UCSC_BEDCLIP
Sep-14 11:28:44.400 [main] DEBUG nextflow.executor.ExecutorFactory - << taskConfig executor: null
Sep-14 11:28:44.400 [main] DEBUG nextflow.executor.ExecutorFactory - >> processorType: 'local'
Sep-14 11:28:44.400 [main] DEBUG nextflow.processor.TaskProcessor - Creating process 'NFCORE_RNASEQ:RNASEQ:BEDGRAPH_BEDCLIP_BEDGRAPHTOBIGWIG_REVERSE:UCSC_BEDCLIP': maxForks=0; fair=false; array=0
Sep-14 11:28:44.405 [main] DEBUG n.script.dsl.ProcessConfigBuilder - Config settings `withLabel:process_single` matches labels `process_single` for process with name NFCORE_RNASEQ:RNASEQ:BEDGRAPH_BEDCLIP_BEDGRAPHTOBIGWIG_REVERSE:UCSC_BEDGRAPHTOBIGWIG
Sep-14 11:28:44.407 [main] DEBUG n.script.dsl.ProcessConfigBuilder - Config settings `withName:.*:BEDGRAPH_BEDCLIP_BEDGRAPHTOBIGWIG_REVERSE:UCSC_BEDGRAPHTOBIGWIG` matches process NFCORE_RNASEQ:RNASEQ:BEDGRAPH_BEDCLIP_BEDGRAPHTOBIGWIG_REVERSE:UCSC_BEDGRAPHTOBIGWIG
Sep-14 11:28:44.408 [main] DEBUG n.script.dsl.ProcessConfigBuilder - Config settings `withName:.*:BEDGRAPH_BEDCLIP_BEDGRAPHTOBIGWIG_(FORWARD|REVERSE|COMBINED):UCSC_BEDGRAPHTOBIGWIG` matches process NFCORE_RNASEQ:RNASEQ:BEDGRAPH_BEDCLIP_BEDGRAPHTOBIGWIG_REVERSE:UCSC_BEDGRAPHTOBIGWIG
Sep-14 11:28:44.410 [main] DEBUG nextflow.executor.ExecutorFactory - << taskConfig executor: null
Sep-14 11:28:44.410 [main] DEBUG nextflow.executor.ExecutorFactory - >> processorType: 'local'
Sep-14 11:28:44.411 [main] DEBUG nextflow.processor.TaskProcessor - Creating process 'NFCORE_RNASEQ:RNASEQ:BEDGRAPH_BEDCLIP_BEDGRAPHTOBIGWIG_REVERSE:UCSC_BEDGRAPHTOBIGWIG': maxForks=0; fair=false; array=0
Sep-14 11:28:44.416 [main] DEBUG n.script.dsl.ProcessConfigBuilder - Config settings `withLabel:process_medium` matches labels `process_medium` for process with name NFCORE_RNASEQ:RNASEQ:BEDGRAPH_BEDCLIP_BEDGRAPHTOBIGWIG_COMBINED:UCSC_BEDCLIP
Sep-14 11:28:44.418 [main] DEBUG n.script.dsl.ProcessConfigBuilder - Config settings `withName:(BEDTOOLS_GENOMECOV_(FW|REV|COMBINED)|.*:BEDGRAPH_BEDCLIP_BEDGRAPHTOBIGWIG_(FORWARD|REVERSE|COMBINED):UCSC_BEDCLIP)` matches process NFCORE_RNASEQ:RNASEQ:BEDGRAPH_BEDCLIP_BEDGRAPHTOBIGWIG_COMBINED:UCSC_BEDCLIP
Sep-14 11:28:44.419 [main] DEBUG n.script.dsl.ProcessConfigBuilder - Config settings `withName:.*:BEDGRAPH_BEDCLIP_BEDGRAPHTOBIGWIG_COMBINED:UCSC_BEDCLIP` matches process NFCORE_RNASEQ:RNASEQ:BEDGRAPH_BEDCLIP_BEDGRAPHTOBIGWIG_COMBINED:UCSC_BEDCLIP
Sep-14 11:28:44.421 [main] DEBUG nextflow.executor.ExecutorFactory - << taskConfig executor: null
Sep-14 11:28:44.421 [main] DEBUG nextflow.executor.ExecutorFactory - >> processorType: 'local'
Sep-14 11:28:44.421 [main] DEBUG nextflow.processor.TaskProcessor - Creating process 'NFCORE_RNASEQ:RNASEQ:BEDGRAPH_BEDCLIP_BEDGRAPHTOBIGWIG_COMBINED:UCSC_BEDCLIP': maxForks=0; fair=false; array=0
Sep-14 11:28:44.427 [main] DEBUG n.script.dsl.ProcessConfigBuilder - Config settings `withLabel:process_single` matches labels `process_single` for process with name NFCORE_RNASEQ:RNASEQ:BEDGRAPH_BEDCLIP_BEDGRAPHTOBIGWIG_COMBINED:UCSC_BEDGRAPHTOBIGWIG
Sep-14 11:28:44.429 [main] DEBUG n.script.dsl.ProcessConfigBuilder - Config settings `withName:.*:BEDGRAPH_BEDCLIP_BEDGRAPHTOBIGWIG_COMBINED:UCSC_BEDGRAPHTOBIGWIG` matches process NFCORE_RNASEQ:RNASEQ:BEDGRAPH_BEDCLIP_BEDGRAPHTOBIGWIG_COMBINED:UCSC_BEDGRAPHTOBIGWIG
Sep-14 11:28:44.429 [main] DEBUG n.script.dsl.ProcessConfigBuilder - Config settings `withName:.*:BEDGRAPH_BEDCLIP_BEDGRAPHTOBIGWIG_(FORWARD|REVERSE|COMBINED):UCSC_BEDGRAPHTOBIGWIG` matches process NFCORE_RNASEQ:RNASEQ:BEDGRAPH_BEDCLIP_BEDGRAPHTOBIGWIG_COMBINED:UCSC_BEDGRAPHTOBIGWIG
Sep-14 11:28:44.430 [main] DEBUG nextflow.executor.ExecutorFactory - << taskConfig executor: null
Sep-14 11:28:44.431 [main] DEBUG nextflow.executor.ExecutorFactory - >> processorType: 'local'
Sep-14 11:28:44.431 [main] DEBUG nextflow.processor.TaskProcessor - Creating process 'NFCORE_RNASEQ:RNASEQ:BEDGRAPH_BEDCLIP_BEDGRAPHTOBIGWIG_COMBINED:UCSC_BEDGRAPHTOBIGWIG': maxForks=0; fair=false; array=0
Sep-14 11:28:44.446 [main] DEBUG n.script.dsl.ProcessConfigBuilder - Config settings `withLabel:process_medium` matches labels `process_medium` for process with name NFCORE_RNASEQ:RNASEQ:QUANTIFY_PSEUDO_ALIGNMENT:SALMON_QUANT
Sep-14 11:28:44.448 [main] DEBUG n.script.dsl.ProcessConfigBuilder - Config settings `withName:.*:QUANTIFY_PSEUDO_ALIGNMENT:SALMON_QUANT` matches process NFCORE_RNASEQ:RNASEQ:QUANTIFY_PSEUDO_ALIGNMENT:SALMON_QUANT
Sep-14 11:28:44.451 [main] DEBUG nextflow.executor.ExecutorFactory - << taskConfig executor: null
Sep-14 11:28:44.451 [main] DEBUG nextflow.executor.ExecutorFactory - >> processorType: 'local'
Sep-14 11:28:44.451 [main] DEBUG nextflow.processor.TaskProcessor - Creating process 'NFCORE_RNASEQ:RNASEQ:QUANTIFY_PSEUDO_ALIGNMENT:SALMON_QUANT': maxForks=0; fair=false; array=0
Sep-14 11:28:44.465 [main] DEBUG n.script.dsl.ProcessConfigBuilder - Config settings `withLabel:process_single` matches labels `process_single` for process with name NFCORE_RNASEQ:RNASEQ:QUANTIFY_PSEUDO_ALIGNMENT:QUANT_TXIMPORT_SUMMARIZEDEXPERIMENT:CUSTOM_TX2GENE
Sep-14 11:28:44.467 [main] DEBUG n.script.dsl.ProcessConfigBuilder - Config settings `withName:.*:QUANT_TXIMPORT_SUMMARIZEDEXPERIMENT:CUSTOM_TX2GENE` matches process NFCORE_RNASEQ:RNASEQ:QUANTIFY_PSEUDO_ALIGNMENT:QUANT_TXIMPORT_SUMMARIZEDEXPERIMENT:CUSTOM_TX2GENE
Sep-14 11:28:44.468 [main] DEBUG n.script.dsl.ProcessConfigBuilder - Config settings `withName:.*:QUANTIFY_PSEUDO_ALIGNMENT:QUANT_TXIMPORT_SUMMARIZEDEXPERIMENT:(CUSTOM_TX2GENE|TXIMETA_TXIMPORT)` matches process NFCORE_RNASEQ:RNASEQ:QUANTIFY_PSEUDO_ALIGNMENT:QUANT_TXIMPORT_SUMMARIZEDEXPERIMENT:CUSTOM_TX2GENE
Sep-14 11:28:44.470 [main] DEBUG nextflow.executor.ExecutorFactory - << taskConfig executor: null
Sep-14 11:28:44.471 [main] DEBUG nextflow.executor.ExecutorFactory - >> processorType: 'local'
Sep-14 11:28:44.471 [main] DEBUG nextflow.processor.TaskProcessor - Creating process 'NFCORE_RNASEQ:RNASEQ:QUANTIFY_PSEUDO_ALIGNMENT:QUANT_TXIMPORT_SUMMARIZEDEXPERIMENT:CUSTOM_TX2GENE': maxForks=0; fair=false; array=0
Sep-14 11:28:44.485 [main] DEBUG n.script.dsl.ProcessConfigBuilder - Config settings `withLabel:process_medium` matches labels `process_medium` for process with name NFCORE_RNASEQ:RNASEQ:QUANTIFY_PSEUDO_ALIGNMENT:QUANT_TXIMPORT_SUMMARIZEDEXPERIMENT:TXIMETA_TXIMPORT
Sep-14 11:28:44.487 [main] DEBUG n.script.dsl.ProcessConfigBuilder - Config settings `withName:.*:QUANT_TXIMPORT_SUMMARIZEDEXPERIMENT:TXIMETA_TXIMPORT` matches process NFCORE_RNASEQ:RNASEQ:QUANTIFY_PSEUDO_ALIGNMENT:QUANT_TXIMPORT_SUMMARIZEDEXPERIMENT:TXIMETA_TXIMPORT
Sep-14 11:28:44.488 [main] DEBUG n.script.dsl.ProcessConfigBuilder - Config settings `withName:.*:QUANTIFY_PSEUDO_ALIGNMENT:QUANT_TXIMPORT_SUMMARIZEDEXPERIMENT:(CUSTOM_TX2GENE|TXIMETA_TXIMPORT)` matches process NFCORE_RNASEQ:RNASEQ:QUANTIFY_PSEUDO_ALIGNMENT:QUANT_TXIMPORT_SUMMARIZEDEXPERIMENT:TXIMETA_TXIMPORT
Sep-14 11:28:44.509 [main] DEBUG nextflow.executor.ExecutorFactory - << taskConfig executor: null
Sep-14 11:28:44.509 [main] DEBUG nextflow.executor.ExecutorFactory - >> processorType: 'local'
Sep-14 11:28:44.510 [main] DEBUG nextflow.processor.TaskProcessor - Creating process 'NFCORE_RNASEQ:RNASEQ:QUANTIFY_PSEUDO_ALIGNMENT:QUANT_TXIMPORT_SUMMARIZEDEXPERIMENT:TXIMETA_TXIMPORT': maxForks=0; fair=false; array=0
Sep-14 11:28:44.538 [main] DEBUG n.script.dsl.ProcessConfigBuilder - Config settings `withLabel:process_medium` matches labels `process_medium` for process with name NFCORE_RNASEQ:RNASEQ:QUANTIFY_PSEUDO_ALIGNMENT:QUANT_TXIMPORT_SUMMARIZEDEXPERIMENT:SE_GENE_UNIFIED
Sep-14 11:28:44.541 [main] DEBUG n.script.dsl.ProcessConfigBuilder - Config settings `withName:.*:QUANT_TXIMPORT_SUMMARIZEDEXPERIMENT:SE_GENE_UNIFIED` matches process NFCORE_RNASEQ:RNASEQ:QUANTIFY_PSEUDO_ALIGNMENT:QUANT_TXIMPORT_SUMMARIZEDEXPERIMENT:SE_GENE_UNIFIED
Sep-14 11:28:44.541 [main] DEBUG n.script.dsl.ProcessConfigBuilder - Config settings `withName:.*:QUANTIFY_PSEUDO_ALIGNMENT:QUANT_TXIMPORT_SUMMARIZEDEXPERIMENT:SE_.*` matches process NFCORE_RNASEQ:RNASEQ:QUANTIFY_PSEUDO_ALIGNMENT:QUANT_TXIMPORT_SUMMARIZEDEXPERIMENT:SE_GENE_UNIFIED
Sep-14 11:28:44.542 [main] DEBUG n.script.dsl.ProcessConfigBuilder - Config settings `withName:.*:QUANTIFY_PSEUDO_ALIGNMENT:QUANT_TXIMPORT_SUMMARIZEDEXPERIMENT:SE_GENE_UNIFIED` matches process NFCORE_RNASEQ:RNASEQ:QUANTIFY_PSEUDO_ALIGNMENT:QUANT_TXIMPORT_SUMMARIZEDEXPERIMENT:SE_GENE_UNIFIED
Sep-14 11:28:44.543 [main] DEBUG nextflow.executor.ExecutorFactory - << taskConfig executor: null
Sep-14 11:28:44.544 [main] DEBUG nextflow.executor.ExecutorFactory - >> processorType: 'local'
Sep-14 11:28:44.545 [main] DEBUG nextflow.processor.TaskProcessor - Creating process 'NFCORE_RNASEQ:RNASEQ:QUANTIFY_PSEUDO_ALIGNMENT:QUANT_TXIMPORT_SUMMARIZEDEXPERIMENT:SE_GENE_UNIFIED': maxForks=0; fair=false; array=0
Sep-14 11:28:44.561 [main] DEBUG n.script.dsl.ProcessConfigBuilder - Config settings `withLabel:process_medium` matches labels `process_medium` for process with name NFCORE_RNASEQ:RNASEQ:QUANTIFY_PSEUDO_ALIGNMENT:QUANT_TXIMPORT_SUMMARIZEDEXPERIMENT:SE_TRANSCRIPT_UNIFIED
Sep-14 11:28:44.564 [main] DEBUG n.script.dsl.ProcessConfigBuilder - Config settings `withName:.*:QUANT_TXIMPORT_SUMMARIZEDEXPERIMENT:SE_TRANSCRIPT_UNIFIED` matches process NFCORE_RNASEQ:RNASEQ:QUANTIFY_PSEUDO_ALIGNMENT:QUANT_TXIMPORT_SUMMARIZEDEXPERIMENT:SE_TRANSCRIPT_UNIFIED
Sep-14 11:28:44.564 [main] DEBUG n.script.dsl.ProcessConfigBuilder - Config settings `withName:.*:QUANTIFY_PSEUDO_ALIGNMENT:QUANT_TXIMPORT_SUMMARIZEDEXPERIMENT:SE_.*` matches process NFCORE_RNASEQ:RNASEQ:QUANTIFY_PSEUDO_ALIGNMENT:QUANT_TXIMPORT_SUMMARIZEDEXPERIMENT:SE_TRANSCRIPT_UNIFIED
Sep-14 11:28:44.564 [main] DEBUG n.script.dsl.ProcessConfigBuilder - Config settings `withName:.*:QUANTIFY_PSEUDO_ALIGNMENT:QUANT_TXIMPORT_SUMMARIZEDEXPERIMENT:SE_TRANSCRIPT_UNIFIED` matches process NFCORE_RNASEQ:RNASEQ:QUANTIFY_PSEUDO_ALIGNMENT:QUANT_TXIMPORT_SUMMARIZEDEXPERIMENT:SE_TRANSCRIPT_UNIFIED
Sep-14 11:28:44.570 [main] DEBUG nextflow.executor.ExecutorFactory - << taskConfig executor: null
Sep-14 11:28:44.570 [main] DEBUG nextflow.executor.ExecutorFactory - >> processorType: 'local'
Sep-14 11:28:44.571 [main] DEBUG nextflow.processor.TaskProcessor - Creating process 'NFCORE_RNASEQ:RNASEQ:QUANTIFY_PSEUDO_ALIGNMENT:QUANT_TXIMPORT_SUMMARIZEDEXPERIMENT:SE_TRANSCRIPT_UNIFIED': maxForks=0; fair=false; array=0
Sep-14 11:28:44.591 [main] DEBUG n.script.dsl.ProcessConfigBuilder - Config settings `withLabel:process_medium` matches labels `process_medium` for process with name NFCORE_RNASEQ:RNASEQ:DESEQ2_QC_PSEUDO
Sep-14 11:28:44.593 [main] DEBUG n.script.dsl.ProcessConfigBuilder - Config settings `withName:DESEQ2_QC_PSEUDO` matches process NFCORE_RNASEQ:RNASEQ:DESEQ2_QC_PSEUDO
Sep-14 11:28:44.596 [main] DEBUG nextflow.executor.ExecutorFactory - << taskConfig executor: null
Sep-14 11:28:44.596 [main] DEBUG nextflow.executor.ExecutorFactory - >> processorType: 'local'
Sep-14 11:28:44.597 [main] DEBUG nextflow.processor.TaskProcessor - Creating process 'NFCORE_RNASEQ:RNASEQ:DESEQ2_QC_PSEUDO': maxForks=0; fair=false; array=0
Sep-14 11:28:47.372 [main] DEBUG n.script.dsl.ProcessConfigBuilder - Config settings `withLabel:process_single` matches labels `process_single` for process with name NFCORE_RNASEQ:RNASEQ:MULTIQC_RNASEQ:MULTIQC
Sep-14 11:28:47.373 [main] DEBUG n.script.dsl.ProcessConfigBuilder - Config settings `withName:MULTIQC` matches process NFCORE_RNASEQ:RNASEQ:MULTIQC_RNASEQ:MULTIQC
Sep-14 11:28:47.376 [main] DEBUG nextflow.executor.ExecutorFactory - << taskConfig executor: null
Sep-14 11:28:47.376 [main] DEBUG nextflow.executor.ExecutorFactory - >> processorType: 'local'
Sep-14 11:28:47.377 [main] DEBUG nextflow.processor.TaskProcessor - Creating process 'NFCORE_RNASEQ:RNASEQ:MULTIQC_RNASEQ:MULTIQC': maxForks=0; fair=false; array=0
Sep-14 11:28:47.402 [main] DEBUG nextflow.Session - Config process names validation disabled as requested
Sep-14 11:28:47.412 [main] DEBUG nextflow.Session - Igniting dataflow network (176)
Sep-14 11:28:47.412 [main] DEBUG nextflow.processor.TaskProcessor - Starting process > NFCORE_RNASEQ:PREPARE_GENOME:GUNZIP_GTF
Sep-14 11:28:47.413 [main] DEBUG nextflow.processor.TaskProcessor - Starting process > NFCORE_RNASEQ:PREPARE_GENOME:CUSTOM_GTFFILTER
Sep-14 11:28:47.413 [main] DEBUG nextflow.processor.TaskProcessor - Starting process > NFCORE_RNASEQ:PREPARE_GENOME:GUNZIP_ADDITIONAL_FASTA
Sep-14 11:28:47.413 [main] DEBUG nextflow.processor.TaskProcessor - Starting process > NFCORE_RNASEQ:PREPARE_GENOME:CUSTOM_CATADDITIONALFASTA
Sep-14 11:28:47.413 [main] DEBUG nextflow.processor.TaskProcessor - Starting process > NFCORE_RNASEQ:PREPARE_GENOME:EAUTILS_GTF2BED
Sep-14 11:28:47.413 [main] DEBUG nextflow.processor.TaskProcessor - Starting process > NFCORE_RNASEQ:PREPARE_GENOME:SAMTOOLS_FAIDX
Sep-14 11:28:47.414 [main] DEBUG nextflow.processor.TaskProcessor - Starting process > NFCORE_RNASEQ:PREPARE_GENOME:BBMAP_BBSPLIT
Sep-14 11:28:47.415 [main] DEBUG nextflow.processor.TaskProcessor - Starting process > NFCORE_RNASEQ:PREPARE_GENOME:STAR_GENOMEGENERATE
Sep-14 11:28:47.415 [main] DEBUG nextflow.processor.TaskProcessor - Starting process > NFCORE_RNASEQ:PREPARE_GENOME:UNTAR_SALMON_INDEX
Sep-14 11:28:47.416 [main] DEBUG nextflow.processor.TaskProcessor - Starting process > NFCORE_RNASEQ:RNASEQ:SAMTOOLS_INDEX
Sep-14 11:28:47.417 [main] DEBUG nextflow.processor.TaskProcessor - Starting process > NFCORE_RNASEQ:RNASEQ:FASTQ_QC_TRIM_FILTER_SETSTRANDEDNESS:CAT_FASTQ
Sep-14 11:28:47.417 [main] DEBUG nextflow.processor.TaskProcessor - Starting process > NFCORE_RNASEQ:RNASEQ:FASTQ_QC_TRIM_FILTER_SETSTRANDEDNESS:FQ_LINT
Sep-14 11:28:47.417 [main] DEBUG nextflow.processor.TaskProcessor - Starting process > NFCORE_RNASEQ:RNASEQ:FASTQ_QC_TRIM_FILTER_SETSTRANDEDNESS:FASTQ_FASTQC_UMITOOLS_TRIMGALORE:FASTQC
Sep-14 11:28:47.417 [main] DEBUG nextflow.processor.TaskProcessor - Starting process > NFCORE_RNASEQ:RNASEQ:FASTQ_QC_TRIM_FILTER_SETSTRANDEDNESS:FASTQ_FASTQC_UMITOOLS_TRIMGALORE:TRIMGALORE
Sep-14 11:28:47.417 [main] DEBUG nextflow.processor.TaskProcessor - Starting process > NFCORE_RNASEQ:RNASEQ:FASTQ_QC_TRIM_FILTER_SETSTRANDEDNESS:FQ_LINT_AFTER_TRIMMING
Sep-14 11:28:47.417 [main] DEBUG nextflow.processor.TaskProcessor - Starting process > NFCORE_RNASEQ:RNASEQ:FASTQ_QC_TRIM_FILTER_SETSTRANDEDNESS:BBMAP_BBSPLIT
Sep-14 11:28:47.417 [main] DEBUG nextflow.processor.TaskProcessor - Starting process > NFCORE_RNASEQ:RNASEQ:FASTQ_QC_TRIM_FILTER_SETSTRANDEDNESS:FQ_LINT_AFTER_BBSPLIT
Sep-14 11:28:47.417 [main] DEBUG nextflow.processor.TaskProcessor - Starting process > NFCORE_RNASEQ:RNASEQ:FASTQ_QC_TRIM_FILTER_SETSTRANDEDNESS:FASTQC_FILTERED
Sep-14 11:28:47.417 [main] DEBUG nextflow.processor.TaskProcessor - Starting process > NFCORE_RNASEQ:RNASEQ:FASTQ_QC_TRIM_FILTER_SETSTRANDEDNESS:FASTQ_SUBSAMPLE_FQ_SALMON:FQ_SUBSAMPLE
Sep-14 11:28:47.417 [main] DEBUG nextflow.processor.TaskProcessor - Starting process > NFCORE_RNASEQ:RNASEQ:FASTQ_QC_TRIM_FILTER_SETSTRANDEDNESS:FASTQ_SUBSAMPLE_FQ_SALMON:SALMON_QUANT
Sep-14 11:28:47.418 [main] DEBUG nextflow.processor.TaskProcessor - Starting process > NFCORE_RNASEQ:RNASEQ:ALIGN_STAR:STAR_ALIGN
Sep-14 11:28:47.418 [main] DEBUG nextflow.processor.TaskProcessor - Starting process > NFCORE_RNASEQ:RNASEQ:ALIGN_STAR:BAM_SORT_STATS_SAMTOOLS:SAMTOOLS_SORT
Sep-14 11:28:47.418 [main] DEBUG nextflow.processor.TaskProcessor - Starting process > NFCORE_RNASEQ:RNASEQ:ALIGN_STAR:BAM_SORT_STATS_SAMTOOLS:SAMTOOLS_INDEX
Sep-14 11:28:47.418 [main] DEBUG nextflow.processor.TaskProcessor - Starting process > NFCORE_RNASEQ:RNASEQ:ALIGN_STAR:BAM_SORT_STATS_SAMTOOLS:BAM_STATS_SAMTOOLS:SAMTOOLS_STATS
Sep-14 11:28:47.418 [main] DEBUG nextflow.processor.TaskProcessor - Starting process > NFCORE_RNASEQ:RNASEQ:ALIGN_STAR:BAM_SORT_STATS_SAMTOOLS:BAM_STATS_SAMTOOLS:SAMTOOLS_FLAGSTAT
Sep-14 11:28:47.418 [main] DEBUG nextflow.processor.TaskProcessor - Starting process > NFCORE_RNASEQ:RNASEQ:ALIGN_STAR:BAM_SORT_STATS_SAMTOOLS:BAM_STATS_SAMTOOLS:SAMTOOLS_IDXSTATS
Sep-14 11:28:47.418 [main] DEBUG nextflow.processor.TaskProcessor - Starting process > NFCORE_RNASEQ:RNASEQ:QUANTIFY_BAM_SALMON:SALMON_QUANT
Sep-14 11:28:47.418 [main] DEBUG nextflow.processor.TaskProcessor - Starting process > NFCORE_RNASEQ:RNASEQ:QUANTIFY_BAM_SALMON:QUANT_TXIMPORT_SUMMARIZEDEXPERIMENT:CUSTOM_TX2GENE
Sep-14 11:28:47.418 [main] DEBUG nextflow.processor.TaskProcessor - Starting process > NFCORE_RNASEQ:RNASEQ:QUANTIFY_BAM_SALMON:QUANT_TXIMPORT_SUMMARIZEDEXPERIMENT:TXIMETA_TXIMPORT
Sep-14 11:28:47.418 [main] DEBUG nextflow.processor.TaskProcessor - Starting process > NFCORE_RNASEQ:RNASEQ:QUANTIFY_BAM_SALMON:QUANT_TXIMPORT_SUMMARIZEDEXPERIMENT:SE_GENE_UNIFIED
Sep-14 11:28:47.418 [main] DEBUG nextflow.processor.TaskProcessor - Starting process > NFCORE_RNASEQ:RNASEQ:QUANTIFY_BAM_SALMON:QUANT_TXIMPORT_SUMMARIZEDEXPERIMENT:SE_TRANSCRIPT_UNIFIED
Sep-14 11:28:47.418 [main] DEBUG nextflow.processor.TaskProcessor - Starting process > NFCORE_RNASEQ:RNASEQ:DESEQ2_QC_BAM_SALMON
Sep-14 11:28:47.418 [main] DEBUG nextflow.processor.TaskProcessor - Starting process > NFCORE_RNASEQ:RNASEQ:BAM_MARKDUPLICATES_PICARD:PICARD_MARKDUPLICATES
Sep-14 11:28:47.418 [main] DEBUG nextflow.processor.TaskProcessor - Starting process > NFCORE_RNASEQ:RNASEQ:BAM_MARKDUPLICATES_PICARD:SAMTOOLS_INDEX
Sep-14 11:28:47.418 [main] DEBUG nextflow.processor.TaskProcessor - Starting process > NFCORE_RNASEQ:RNASEQ:BAM_MARKDUPLICATES_PICARD:BAM_STATS_SAMTOOLS:SAMTOOLS_STATS
Sep-14 11:28:47.419 [main] DEBUG nextflow.processor.TaskProcessor - Starting process > NFCORE_RNASEQ:RNASEQ:BAM_MARKDUPLICATES_PICARD:BAM_STATS_SAMTOOLS:SAMTOOLS_FLAGSTAT
Sep-14 11:28:47.419 [main] DEBUG nextflow.processor.TaskProcessor - Starting process > NFCORE_RNASEQ:RNASEQ:BAM_MARKDUPLICATES_PICARD:BAM_STATS_SAMTOOLS:SAMTOOLS_IDXSTATS
Sep-14 11:28:47.419 [main] DEBUG nextflow.processor.TaskProcessor - Starting process > NFCORE_RNASEQ:RNASEQ:STRINGTIE_STRINGTIE
Sep-14 11:28:47.419 [main] DEBUG nextflow.processor.TaskProcessor - Starting process > NFCORE_RNASEQ:RNASEQ:BAM_QC_RNASEQ:PRESEQ_LCEXTRAP
Sep-14 11:28:47.419 [main] DEBUG nextflow.processor.TaskProcessor - Starting process > NFCORE_RNASEQ:RNASEQ:BAM_QC_RNASEQ:SUBREAD_FEATURECOUNTS
Sep-14 11:28:47.419 [main] DEBUG nextflow.processor.TaskProcessor - Starting process > NFCORE_RNASEQ:RNASEQ:BAM_QC_RNASEQ:CUSTOM_MULTIQCCUSTOMBIOTYPE
Sep-14 11:28:47.419 [main] DEBUG nextflow.processor.TaskProcessor - Starting process > NFCORE_RNASEQ:RNASEQ:BAM_QC_RNASEQ:SAMTOOLS_SORT_QUALIMAP
Sep-14 11:28:47.419 [main] DEBUG nextflow.processor.TaskProcessor - Starting process > NFCORE_RNASEQ:RNASEQ:BAM_QC_RNASEQ:QUALIMAP_RNASEQ
Sep-14 11:28:47.419 [main] DEBUG nextflow.processor.TaskProcessor - Starting process > NFCORE_RNASEQ:RNASEQ:BAM_QC_RNASEQ:DUPRADAR
Sep-14 11:28:47.419 [main] DEBUG nextflow.processor.TaskProcessor - Starting process > NFCORE_RNASEQ:RNASEQ:BAM_QC_RNASEQ:BAM_RSEQC:RSEQC_BAMSTAT
Sep-14 11:28:47.419 [main] DEBUG nextflow.processor.TaskProcessor - Starting process > NFCORE_RNASEQ:RNASEQ:BAM_QC_RNASEQ:BAM_RSEQC:RSEQC_INNERDISTANCE
Sep-14 11:28:47.419 [main] DEBUG nextflow.processor.TaskProcessor - Starting process > NFCORE_RNASEQ:RNASEQ:BAM_QC_RNASEQ:BAM_RSEQC:RSEQC_INFEREXPERIMENT
Sep-14 11:28:47.419 [main] DEBUG nextflow.processor.TaskProcessor - Starting process > NFCORE_RNASEQ:RNASEQ:BAM_QC_RNASEQ:BAM_RSEQC:RSEQC_JUNCTIONANNOTATION
Sep-14 11:28:47.419 [main] DEBUG nextflow.processor.TaskProcessor - Starting process > NFCORE_RNASEQ:RNASEQ:BAM_QC_RNASEQ:BAM_RSEQC:RSEQC_JUNCTIONSATURATION
Sep-14 11:28:47.419 [main] DEBUG nextflow.processor.TaskProcessor - Starting process > NFCORE_RNASEQ:RNASEQ:BAM_QC_RNASEQ:BAM_RSEQC:RSEQC_READDISTRIBUTION
Sep-14 11:28:47.419 [main] DEBUG nextflow.processor.TaskProcessor - Starting process > NFCORE_RNASEQ:RNASEQ:BAM_QC_RNASEQ:BAM_RSEQC:RSEQC_READDUPLICATION
Sep-14 11:28:47.420 [main] DEBUG nextflow.processor.TaskProcessor - Starting process > NFCORE_RNASEQ:RNASEQ:BEDTOOLS_GENOMECOV_FW
Sep-14 11:28:47.420 [main] DEBUG nextflow.processor.TaskProcessor - Starting process > NFCORE_RNASEQ:RNASEQ:BEDTOOLS_GENOMECOV_REV
Sep-14 11:28:47.420 [main] DEBUG nextflow.processor.TaskProcessor - Starting process > NFCORE_RNASEQ:RNASEQ:BEDTOOLS_GENOMECOV_COMBINED
Sep-14 11:28:47.420 [main] DEBUG nextflow.processor.TaskProcessor - Starting process > NFCORE_RNASEQ:RNASEQ:BEDGRAPH_BEDCLIP_BEDGRAPHTOBIGWIG_FORWARD:UCSC_BEDCLIP
Sep-14 11:28:47.420 [main] DEBUG nextflow.processor.TaskProcessor - Starting process > NFCORE_RNASEQ:RNASEQ:BEDGRAPH_BEDCLIP_BEDGRAPHTOBIGWIG_FORWARD:UCSC_BEDGRAPHTOBIGWIG
Sep-14 11:28:47.420 [main] DEBUG nextflow.processor.TaskProcessor - Starting process > NFCORE_RNASEQ:RNASEQ:BEDGRAPH_BEDCLIP_BEDGRAPHTOBIGWIG_REVERSE:UCSC_BEDCLIP
Sep-14 11:28:47.420 [main] DEBUG nextflow.processor.TaskProcessor - Starting process > NFCORE_RNASEQ:RNASEQ:BEDGRAPH_BEDCLIP_BEDGRAPHTOBIGWIG_REVERSE:UCSC_BEDGRAPHTOBIGWIG
Sep-14 11:28:47.420 [main] DEBUG nextflow.processor.TaskProcessor - Starting process > NFCORE_RNASEQ:RNASEQ:BEDGRAPH_BEDCLIP_BEDGRAPHTOBIGWIG_COMBINED:UCSC_BEDCLIP
Sep-14 11:28:47.420 [main] DEBUG nextflow.processor.TaskProcessor - Starting process > NFCORE_RNASEQ:RNASEQ:BEDGRAPH_BEDCLIP_BEDGRAPHTOBIGWIG_COMBINED:UCSC_BEDGRAPHTOBIGWIG
Sep-14 11:28:47.420 [main] DEBUG nextflow.processor.TaskProcessor - Starting process > NFCORE_RNASEQ:RNASEQ:QUANTIFY_PSEUDO_ALIGNMENT:SALMON_QUANT
Sep-14 11:28:47.420 [main] DEBUG nextflow.processor.TaskProcessor - Starting process > NFCORE_RNASEQ:RNASEQ:QUANTIFY_PSEUDO_ALIGNMENT:QUANT_TXIMPORT_SUMMARIZEDEXPERIMENT:CUSTOM_TX2GENE
Sep-14 11:28:47.420 [main] DEBUG nextflow.processor.TaskProcessor - Starting process > NFCORE_RNASEQ:RNASEQ:QUANTIFY_PSEUDO_ALIGNMENT:QUANT_TXIMPORT_SUMMARIZEDEXPERIMENT:TXIMETA_TXIMPORT
Sep-14 11:28:47.420 [main] DEBUG nextflow.processor.TaskProcessor - Starting process > NFCORE_RNASEQ:RNASEQ:QUANTIFY_PSEUDO_ALIGNMENT:QUANT_TXIMPORT_SUMMARIZEDEXPERIMENT:SE_GENE_UNIFIED
Sep-14 11:28:47.420 [main] DEBUG nextflow.processor.TaskProcessor - Starting process > NFCORE_RNASEQ:RNASEQ:QUANTIFY_PSEUDO_ALIGNMENT:QUANT_TXIMPORT_SUMMARIZEDEXPERIMENT:SE_TRANSCRIPT_UNIFIED
Sep-14 11:28:47.420 [main] DEBUG nextflow.processor.TaskProcessor - Starting process > NFCORE_RNASEQ:RNASEQ:DESEQ2_QC_PSEUDO
Sep-14 11:28:47.420 [main] DEBUG nextflow.processor.TaskProcessor - Starting process > NFCORE_RNASEQ:RNASEQ:MULTIQC_RNASEQ:MULTIQC
Sep-14 11:28:47.423 [main] DEBUG nextflow.script.ScriptRunner - Parsed script files:
  _nf_script_475f07240d4f003e: /groups/dthain/users/jzhou24/hpds-fa26/project-list/gbcf-nf-core/source/subworkflows/nf-core/quantify_rsem/main.nf
  _nf_script_379ca316cb66e84f: /groups/dthain/users/jzhou24/hpds-fa26/project-list/gbcf-nf-core/source/modules/nf-core/rseqc/junctionsaturation/main.nf
  _nf_script_f0abb231b4747bfa: /groups/dthain/users/jzhou24/hpds-fa26/project-list/gbcf-nf-core/source/modules/nf-core/dupradar/main.nf
  _nf_script_12bffa46644cbde6: /groups/dthain/users/jzhou24/hpds-fa26/project-list/gbcf-nf-core/source/modules/nf-core/samtools/view/main.nf
  _nf_script_3d414a33f926f31c: /groups/dthain/users/jzhou24/hpds-fa26/project-list/gbcf-nf-core/source/modules/nf-core/kallisto/index/main.nf
  _nf_script_ed75aceacde80e4a: /groups/dthain/users/jzhou24/hpds-fa26/project-list/gbcf-nf-core/source/modules/nf-core/hisat2/build/main.nf
  _nf_script_c559a09b6b3cd4ff: /groups/dthain/users/jzhou24/hpds-fa26/project-list/gbcf-nf-core/source/modules/nf-core/picard/markduplicates/main.nf
  _nf_script_806bacf318f782aa: /groups/dthain/users/jzhou24/hpds-fa26/project-list/gbcf-nf-core/source/modules/nf-core/sentieon/rsempreparereference/main.nf
  _nf_script_4a2cd20001c01a5c: /groups/dthain/users/jzhou24/hpds-fa26/project-list/gbcf-nf-core/source/modules/local/preprocess_transcripts_fasta_gencode/main.nf
  _nf_script_a94dc929e49e6a28: /groups/dthain/users/jzhou24/hpds-fa26/project-list/gbcf-nf-core/source/modules/nf-core/fq/lint/main.nf
  _nf_script_e10646ccef9f473f: /groups/dthain/users/jzhou24/hpds-fa26/project-list/gbcf-nf-core/source/modules/nf-core/seqkit/replace/main.nf
  _nf_script_bf6b4c9748484202: /groups/dthain/users/jzhou24/hpds-fa26/project-list/gbcf-nf-core/source/modules/nf-core/preseq/lcextrap/main.nf
  _nf_script_d5261d1ac6e183f0: /groups/dthain/users/jzhou24/hpds-fa26/project-list/gbcf-nf-core/source/modules/nf-core/rseqc/inferexperiment/main.nf
  _nf_script_470968d80d67339b: /groups/dthain/users/jzhou24/hpds-fa26/project-list/gbcf-nf-core/source/modules/nf-core/rseqc/readdistribution/main.nf
  _nf_script_4009e339d88476e5: /groups/dthain/users/jzhou24/hpds-fa26/project-list/gbcf-nf-core/source/modules/nf-core/umitools/prepareforrsem/main.nf
  _nf_script_8fd37a632a7966c9: /groups/dthain/users/jzhou24/hpds-fa26/project-list/gbcf-nf-core/source/subworkflows/nf-core/bedgraph_bedclip_bedgraphtobigwig/main.nf
  _nf_script_ee43d77838296b2d: /groups/dthain/users/jzhou24/hpds-fa26/project-list/gbcf-nf-core/source/modules/nf-core/hisat2/extractsplicesites/main.nf
  _nf_script_c340ff6eefdbc607: /groups/dthain/users/jzhou24/hpds-fa26/project-list/gbcf-nf-core/source/subworkflows/nf-core/quant_tximport_summarizedexperiment/main.nf
  _nf_script_565e258fa298d4b0: /groups/dthain/users/jzhou24/hpds-fa26/project-list/gbcf-nf-core/source/subworkflows/nf-core/bam_stringtie_merge/main.nf
  _nf_script_bebf2d8685f3dc7f: /groups/dthain/users/jzhou24/hpds-fa26/project-list/gbcf-nf-core/source/modules/nf-core/rustqc/main.nf
  _nf_script_845420cfd0b9e78a: /groups/dthain/users/jzhou24/hpds-fa26/project-list/gbcf-nf-core/source/modules/nf-core/samtools/index/main.nf
  _nf_script_845afc2bc992d969: /groups/dthain/users/jzhou24/hpds-fa26/project-list/gbcf-nf-core/source/subworkflows/local/prepare_genome/main.nf
  _nf_script_1c49db66c0cdfbe5: /groups/dthain/users/jzhou24/hpds-fa26/project-list/gbcf-nf-core/source/modules/nf-core/custom/gtffilter/main.nf
  _nf_script_6c5ff86f7f1e3e9d: /groups/dthain/users/jzhou24/hpds-fa26/project-list/gbcf-nf-core/source/modules/nf-core/bbmap/bbsplit/main.nf
  _nf_script_4f814fc33e8fd336: /groups/dthain/users/jzhou24/hpds-fa26/project-list/gbcf-nf-core/source/modules/nf-core/custom/catadditionalfasta/main.nf
  _nf_script_31d31e4248eb7bb2: /groups/dthain/users/jzhou24/hpds-fa26/project-list/gbcf-nf-core/source/modules/nf-core/custom/tx2gene/main.nf
  _nf_script_cebdd657ab4b3a5a: /groups/dthain/users/jzhou24/hpds-fa26/project-list/gbcf-nf-core/source/subworkflows/nf-core/bam_stats_samtools/main.nf
  _nf_script_5180664f99f95f3d: /groups/dthain/users/jzhou24/hpds-fa26/project-list/gbcf-nf-core/source/modules/nf-core/rsem/calculateexpression/main.nf
  _nf_script_ed944335b8b22955: /groups/dthain/users/jzhou24/hpds-fa26/project-list/gbcf-nf-core/source/subworkflows/nf-core/fastq_fastqc_umitools_trimgalore/main.nf
  _nf_script_65effac622bf0433: /groups/dthain/users/jzhou24/hpds-fa26/project-list/gbcf-nf-core/source/subworkflows/nf-core/bam_dedup_stats_samtools_umitools/main.nf
  _nf_script_cc8e8095ebf155f7: /groups/dthain/users/jzhou24/hpds-fa26/project-list/gbcf-nf-core/source/modules/nf-core/cat/fastq/main.nf
  _nf_script_098dc577b4f1a3e1: /groups/dthain/users/jzhou24/hpds-fa26/project-list/gbcf-nf-core/source/subworkflows/local/align_bowtie2/main.nf
  _nf_script_4bd0b44f6eb6a815: /groups/dthain/users/jzhou24/hpds-fa26/project-list/gbcf-nf-core/source/subworkflows/nf-core/utils_nfcore_pipeline/main.nf
  _nf_script_41e9a14bc04a9157: /groups/dthain/users/jzhou24/hpds-fa26/project-list/gbcf-nf-core/source/subworkflows/nf-core/bam_sort_stats_samtools/main.nf
  _nf_script_207e93025f9f5e18: /groups/dthain/users/jzhou24/hpds-fa26/project-list/gbcf-nf-core/source/subworkflows/nf-core/bam_dedup_umi/main.nf
  _nf_script_f82d605b8050ccff: /groups/dthain/users/jzhou24/hpds-fa26/project-list/gbcf-nf-core/source/modules/nf-core/sentieon/rsemcalculateexpression/main.nf
  _nf_script_8dc16df790ffb240: /groups/dthain/users/jzhou24/hpds-fa26/project-list/gbcf-nf-core/source/modules/nf-core/subread/featurecounts/main.nf
  _nf_script_0f81bc491e4d6b20: /groups/dthain/users/jzhou24/hpds-fa26/project-list/gbcf-nf-core/source/subworkflows/nf-core/bam_rseqc/main.nf
  _nf_script_558d3f3852f8eca4: /groups/dthain/users/jzhou24/hpds-fa26/project-list/gbcf-nf-core/source/subworkflows/nf-core/utils_nfschema_plugin/main.nf
  _nf_script_fc816c9f3f8bcad6: /groups/dthain/users/jzhou24/hpds-fa26/project-list/gbcf-nf-core/source/modules/nf-core/custom/rsemmergecounts/main.nf
  _nf_script_3d121b40fcca6c66: /groups/dthain/users/jzhou24/hpds-fa26/project-list/gbcf-nf-core/source/subworkflows/nf-core/bam_qc_rnaseq/main.nf
  _nf_script_89dc88e6b190a9c5: /groups/dthain/users/jzhou24/hpds-fa26/project-list/gbcf-nf-core/source/subworkflows/nf-core/fastq_align_hisat2/main.nf
  _nf_script_5f5f903da0b361c5: /groups/dthain/users/jzhou24/hpds-fa26/project-list/gbcf-nf-core/source/modules/nf-core/sylph/profile/main.nf
  _nf_script_782d4a89f2e3cad9: /groups/dthain/users/jzhou24/hpds-fa26/project-list/gbcf-nf-core/source/modules/nf-core/rseqc/junctionannotation/main.nf
  _nf_script_e13dc4952a20496e: /groups/dthain/users/jzhou24/hpds-fa26/project-list/gbcf-nf-core/source/subworkflows/nf-core/fastq_remove_rrna/main.nf
  _nf_script_bbe841071adab466: /groups/dthain/users/jzhou24/hpds-fa26/project-list/gbcf-nf-core/source/modules/nf-core/stringtie/merge/main.nf
  _nf_script_96dbfe262974cd6d: /groups/dthain/users/jzhou24/hpds-fa26/project-list/gbcf-nf-core/source/modules/nf-core/samtools/sort/main.nf
  _nf_script_09c72ff0ad4412c9: /groups/dthain/users/jzhou24/hpds-fa26/project-list/gbcf-nf-core/source/modules/nf-core/rseqc/readduplication/main.nf
  _nf_script_2b81b760e1453cd7: /groups/dthain/users/jzhou24/hpds-fa26/project-list/gbcf-nf-core/source/modules/nf-core/bowtie2/align/main.nf
  _nf_script_0e8cb33769a5bad0: /groups/dthain/users/jzhou24/hpds-fa26/project-list/gbcf-nf-core/source/modules/nf-core/kraken2/kraken2/main.nf
  _nf_script_c9e0a27ae8e6ac8e: /groups/dthain/users/jzhou24/hpds-fa26/project-list/gbcf-nf-core/source/modules/nf-core/parabricks/rnafq2bam/main.nf
  _nf_script_0c3a24708c479850: /groups/dthain/users/jzhou24/hpds-fa26/project-list/gbcf-nf-core/source/modules/nf-core/ea-utils/gtf2bed/main.nf
  _nf_script_dce28a0e5b85a93e: /groups/dthain/users/jzhou24/hpds-fa26/project-list/gbcf-nf-core/source/modules/local/deseq2_qc/main.nf
  _nf_script_66d55ecd40d91d51: /groups/dthain/users/jzhou24/hpds-fa26/project-list/gbcf-nf-core/source/modules/nf-core/sentieon/staralign/main.nf
  _nf_script_9cc027fbcdbe89e2: /groups/dthain/users/jzhou24/hpds-fa26/project-list/gbcf-nf-core/source/modules/nf-core/star/align/main.nf
  _nf_script_0df37af872cc4d29: /groups/dthain/users/jzhou24/hpds-fa26/project-list/gbcf-nf-core/source/subworkflows/local/utils_nfcore_rnaseq_pipeline/main.nf
  _nf_script_ab120d2a75473ea0: /groups/dthain/users/jzhou24/hpds-fa26/project-list/gbcf-nf-core/source/modules/nf-core/star/genomegenerate/main.nf
  _nf_script_5de39bf3d2237b8f: /groups/dthain/users/jzhou24/hpds-fa26/project-list/gbcf-nf-core/source/subworkflows/local/multiqc_rnaseq/main.nf
  _nf_script_da65c66d6e27aa7c: /groups/dthain/users/jzhou24/hpds-fa26/project-list/gbcf-nf-core/source/subworkflows/nf-core/fastq_subsample_fq_salmon/main.nf
  _nf_script_d53785e8ee6e8a0c: /groups/dthain/users/jzhou24/hpds-fa26/project-list/gbcf-nf-core/source/modules/nf-core/sortmerna/main.nf
  _nf_script_3fa45e6d367c204f: /groups/dthain/users/jzhou24/hpds-fa26/project-list/gbcf-nf-core/source/modules/nf-core/umitools/dedup/main.nf
  _nf_script_fd281f1159b16106: /groups/dthain/users/jzhou24/hpds-fa26/project-list/gbcf-nf-core/source/modules/local/star_genomeparams_upgrade/main.nf
  _nf_script_f012e7b048f99c4a: /groups/dthain/users/jzhou24/hpds-fa26/project-list/gbcf-nf-core/source/modules/nf-core/rsem/preparereference/main.nf
  _nf_script_f007fdd64b861cdb: /groups/dthain/users/jzhou24/hpds-fa26/project-list/gbcf-nf-core/source/modules/nf-core/fq/subsample/main.nf
  _nf_script_d8b6cf73df343dd7: /groups/dthain/users/jzhou24/hpds-fa26/project-list/gbcf-nf-core/source/modules/nf-core/multiqc/main.nf
  _nf_script_ba1e80e9b2029181: /groups/dthain/users/jzhou24/hpds-fa26/project-list/gbcf-nf-core/source/modules/nf-core/rseqc/bamstat/main.nf
  _nf_script_a698ab453c5cc750: /groups/dthain/users/jzhou24/hpds-fa26/project-list/gbcf-nf-core/source/modules/nf-core/sylphtax/taxprof/main.nf
  _nf_script_e496eb4230545377: /groups/dthain/users/jzhou24/hpds-fa26/project-list/gbcf-nf-core/source/modules/nf-core/rseqc/innerdistance/main.nf
  _nf_script_66d04637b214c54d: /groups/dthain/users/jzhou24/hpds-fa26/project-list/gbcf-nf-core/source/subworkflows/nf-core/bam_dedup_stats_samtools_umicollapse/main.nf
  _nf_script_037379a91058725f: /groups/dthain/users/jzhou24/hpds-fa26/project-list/gbcf-nf-core/source/modules/nf-core/bracken/bracken/main.nf
  _nf_script_f86f1da5b2c8214a: /groups/dthain/users/jzhou24/hpds-fa26/project-list/gbcf-nf-core/source/subworkflows/nf-core/bam_markduplicates_picard/main.nf
  _nf_script_ccff2d6201562bea: /groups/dthain/users/jzhou24/hpds-fa26/project-list/gbcf-nf-core/source/modules/nf-core/samtools/stats/main.nf
  _nf_script_b4570436d2b17ae8: /groups/dthain/users/jzhou24/hpds-fa26/project-list/gbcf-nf-core/source/modules/nf-core/hisat2/align/main.nf
  _nf_script_848d1c11f3f58c6e: /groups/dthain/users/jzhou24/hpds-fa26/project-list/gbcf-nf-core/source/subworkflows/local/align_star/main.nf
  _nf_script_9e4e193faca61362: /groups/dthain/users/jzhou24/hpds-fa26/project-list/gbcf-nf-core/source/modules/nf-core/gunzip/main.nf
  _nf_script_7f8ce0b7130c2905: /groups/dthain/users/jzhou24/hpds-fa26/project-list/gbcf-nf-core/source/modules/nf-core/trimgalore/main.nf
  _nf_script_b4447f649c8d61b8: /groups/dthain/users/jzhou24/hpds-fa26/project-list/gbcf-nf-core/source/modules/nf-core/kallisto/quant/main.nf
  _nf_script_a5f1b64dad784d28: /groups/dthain/users/jzhou24/hpds-fa26/project-list/gbcf-nf-core/source/modules/nf-core/umitools/extract/main.nf
  _nf_script_66b49d54619f85be: /groups/dthain/users/jzhou24/hpds-fa26/project-list/gbcf-nf-core/source/modules/nf-core/tximeta/tximport/main.nf
  _nf_script_a462ed8f9ea0509e: /groups/dthain/users/jzhou24/hpds-fa26/project-list/gbcf-nf-core/source/modules/nf-core/samtools/fastq/main.nf
  _nf_script_a1a256a854c281b5: /groups/dthain/users/jzhou24/hpds-fa26/project-list/gbcf-nf-core/source/modules/nf-core/bedtools/genomecov/main.nf
  _nf_script_4c00de8bd95511c4: /groups/dthain/users/jzhou24/hpds-fa26/project-list/gbcf-nf-core/source/modules/nf-core/rseqc/tin/main.nf
  _nf_script_180223e0e642938d: /groups/dthain/users/jzhou24/hpds-fa26/project-list/gbcf-nf-core/source/modules/nf-core/samtools/faidx/main.nf
  _nf_script_9e806fc61010094d: /groups/dthain/users/jzhou24/hpds-fa26/project-list/gbcf-nf-core/source/modules/nf-core/salmon/index/main.nf
  _nf_script_7a94c34d131f1cf6: /groups/dthain/users/jzhou24/hpds-fa26/project-list/gbcf-nf-core/source/subworkflows/nf-core/fastq_qc_trim_filter_setstrandedness/main.nf
  _nf_script_e9f217fc1af07c4b: /groups/dthain/users/jzhou24/hpds-fa26/project-list/gbcf-nf-core/source/modules/nf-core/bowtie2/build/main.nf
  _nf_script_fd14f3519e5d838c: /groups/dthain/users/jzhou24/hpds-fa26/project-list/gbcf-nf-core/source/modules/nf-core/samtools/idxstats/main.nf
  _nf_script_3697d347ccc14737: /groups/dthain/users/jzhou24/hpds-fa26/project-list/gbcf-nf-core/source/modules/nf-core/seqkit/stats/main.nf
  _nf_script_ff747ef5b05451dd: /groups/dthain/users/jzhou24/hpds-fa26/project-list/gbcf-nf-core/source/modules/nf-core/fastp/main.nf
  _nf_script_ee9f4dc9b9ff832b: /groups/dthain/users/jzhou24/hpds-fa26/project-list/gbcf-nf-core/source/modules/nf-core/qualimap/rnaseq/main.nf
  _nf_script_d85e5a5e3d3aef1b: /groups/dthain/users/jzhou24/hpds-fa26/project-list/gbcf-nf-core/source/modules/nf-core/ribodetector/main.nf
  _nf_script_1558efe49e8aff47: /groups/dthain/users/jzhou24/hpds-fa26/project-list/gbcf-nf-core/source/modules/nf-core/gffread/main.nf
  _nf_script_762bd928bf6ccac9: /groups/dthain/users/jzhou24/hpds-fa26/project-list/gbcf-nf-core/source/modules/nf-core/untar/main.nf
  _nf_script_89999311ef5d37f5: /groups/dthain/users/jzhou24/hpds-fa26/project-list/gbcf-nf-core/source/modules/nf-core/summarizedexperiment/summarizedexperiment/main.nf
  _nf_script_913e292379a282fc: /groups/dthain/users/jzhou24/hpds-fa26/project-list/gbcf-nf-core/source/modules/nf-core/samtools/flagstat/main.nf
  _nf_script_69e15245f80cd946: /groups/dthain/users/jzhou24/hpds-fa26/project-list/gbcf-nf-core/source/subworkflows/nf-core/quantify_pseudo_alignment/main.nf
  _nf_script_21081967b6ec0f4b: /groups/dthain/users/jzhou24/hpds-fa26/project-list/gbcf-nf-core/source/modules/nf-core/ucsc/bedclip/main.nf
  _nf_script_27ca6c939b70da74: /groups/dthain/users/jzhou24/hpds-fa26/project-list/gbcf-nf-core/source/modules/nf-core/umicollapse/main.nf
  _nf_script_bb31c8b07a221a18: /groups/dthain/users/jzhou24/hpds-fa26/project-list/gbcf-nf-core/source/modules/nf-core/ucsc/bedgraphtobigwig/main.nf
  _nf_script_d9c5b997c07c2730: /groups/dthain/users/jzhou24/hpds-fa26/project-list/gbcf-nf-core/source/workflows/rnaseq/main.nf
  _nf_script_f6c7aa4678b4a376: /groups/dthain/users/jzhou24/hpds-fa26/project-list/gbcf-nf-core/source/modules/nf-core/custom/multiqccustombiotype/main.nf
  _nf_script_b0d388391ad50539: /groups/dthain/users/jzhou24/hpds-fa26/project-list/gbcf-nf-core/source/modules/nf-core/fastqc/main.nf
  _nf_script_b0dc8aad9f334793: /groups/dthain/users/jzhou24/hpds-fa26/project-list/gbcf-nf-core/source/modules/nf-core/salmon/quant/main.nf
  _nf_script_0f4ebc38a62b1aa4: /groups/dthain/users/jzhou24/hpds-fa26/project-list/gbcf-nf-core/source/modules/nf-core/stringtie/stringtie/main.nf
  _nf_script_047ad556cb26a872: /groups/dthain/users/jzhou24/hpds-fa26/project-list/gbcf-nf-core/source/subworkflows/nf-core/fastq_fastqc_umitools_fastp/main.nf
  _nf_script_3e0fc93e36e92914: /groups/dthain/users/jzhou24/hpds-fa26/project-list/gbcf-nf-core/source/subworkflows/nf-core/utils_nextflow_pipeline/main.nf
  Main: /groups/dthain/users/jzhou24/hpds-fa26/project-list/gbcf-nf-core/source/main.nf
Sep-14 11:28:47.423 [main] DEBUG nextflow.script.ScriptRunner - > Awaiting termination 
Sep-14 11:28:47.423 [main] DEBUG nextflow.Session - Session await
Sep-14 11:28:47.525 [Actor Thread 16] DEBUG nextflow.sort.BigSort - Sort completed -- entries: 1; slices: 1; internal sort time: 0.002 s; external sort time: 0.014 s; total time: 0.016 s
Sep-14 11:28:47.525 [Actor Thread 15] DEBUG nextflow.sort.BigSort - Sort completed -- entries: 1; slices: 1; internal sort time: 0.001 s; external sort time: 0.014 s; total time: 0.015 s
Sep-14 11:28:47.525 [Actor Thread 11] DEBUG nextflow.sort.BigSort - Sort completed -- entries: 1; slices: 1; internal sort time: 0.002 s; external sort time: 0.014 s; total time: 0.016 s
Sep-14 11:28:47.529 [Actor Thread 3] DEBUG nextflow.sort.BigSort - Sort completed -- entries: 8; slices: 1; internal sort time: 0.018 s; external sort time: 0.001 s; total time: 0.019 s
Sep-14 11:28:47.535 [Actor Thread 11] DEBUG nextflow.file.FileCollector - Saved collect-files list to: /groups/dthain/users/jzhou24/hpds-fa26/project-list/gbcf-nf-core/validation/test-run-sge/work/collect-file/d0657792bc3864754a035a968ebef4d8
Sep-14 11:28:47.536 [Actor Thread 15] DEBUG nextflow.file.FileCollector - Saved collect-files list to: /groups/dthain/users/jzhou24/hpds-fa26/project-list/gbcf-nf-core/validation/test-run-sge/work/collect-file/6a4fc856f6019f95bc66a8ccbcedf9fe
Sep-14 11:28:47.543 [Actor Thread 11] DEBUG nextflow.file.FileCollector - Deleting file collector temp dir: /tmp/1442032.1.long/nxf-191072556201102325
Sep-14 11:28:47.543 [Actor Thread 16] DEBUG nextflow.file.FileCollector - Saved collect-files list to: /groups/dthain/users/jzhou24/hpds-fa26/project-list/gbcf-nf-core/validation/test-run-sge/work/collect-file/b7b18f1e192a933fe902087f5ebc7952
Sep-14 11:28:47.543 [Actor Thread 15] DEBUG nextflow.file.FileCollector - Deleting file collector temp dir: /tmp/1442032.1.long/nxf-14318757222595762266
Sep-14 11:28:47.544 [Actor Thread 16] DEBUG nextflow.file.FileCollector - Deleting file collector temp dir: /tmp/1442032.1.long/nxf-12964493033368366354
Sep-14 11:28:47.561 [Actor Thread 3] DEBUG nextflow.file.FileCollector - Saved collect-files list to: /groups/dthain/users/jzhou24/hpds-fa26/project-list/gbcf-nf-core/validation/test-run-sge/work/collect-file/b8acc4d8d533294741c57217a9f488d7
Sep-14 11:28:47.562 [Actor Thread 3] DEBUG nextflow.file.FileCollector - Deleting file collector temp dir: /tmp/1442032.1.long/nxf-4731324220938704850
Sep-14 11:28:47.892 [FileTransfer-1] DEBUG nextflow.file.FilePorter - Copying foreign file https://raw.githubusercontent.com/nf-core/test-datasets/626c8fab639062eade4b10747e919341cbf9b41a/reference/genes_with_empty_tid.gtf.gz to work dir: /groups/dthain/users/jzhou24/hpds-fa26/project-list/gbcf-nf-core/validation/test-run-sge/work/stage-500a9fd0-63f5-4d48-ad6d-8865a90bde0e/4d/369ef28bb5846f2463aa8115944924/genes_with_empty_tid.gtf.gz
Sep-14 11:28:47.892 [FileTransfer-3] DEBUG nextflow.file.FilePorter - Copying foreign file https://raw.githubusercontent.com/nf-core/test-datasets/rnaseq/testdata/GSE110004/SRR6357073_1.fastq.gz to work dir: /groups/dthain/users/jzhou24/hpds-fa26/project-list/gbcf-nf-core/validation/test-run-sge/work/stage-500a9fd0-63f5-4d48-ad6d-8865a90bde0e/e6/ed98170e851779b3379fa622201566/SRR6357073_1.fastq.gz
Sep-14 11:28:47.892 [FileTransfer-2] DEBUG nextflow.file.FilePorter - Copying foreign file https://raw.githubusercontent.com/nf-core/test-datasets/626c8fab639062eade4b10747e919341cbf9b41a/reference/salmon.tar.gz to work dir: /groups/dthain/users/jzhou24/hpds-fa26/project-list/gbcf-nf-core/validation/test-run-sge/work/stage-500a9fd0-63f5-4d48-ad6d-8865a90bde0e/0d/3c3c25da959a93254c9bd11d3ce56c/salmon.tar.gz
Sep-14 11:28:47.932 [FileTransfer-4] DEBUG nextflow.file.FilePorter - Copying foreign file https://raw.githubusercontent.com/nf-core/test-datasets/626c8fab639062eade4b10747e919341cbf9b41a/reference/gfp.fa.gz to work dir: /groups/dthain/users/jzhou24/hpds-fa26/project-list/gbcf-nf-core/validation/test-run-sge/work/stage-500a9fd0-63f5-4d48-ad6d-8865a90bde0e/96/c3d9e5ba1cdf9bb28199d6b7aaabaf/gfp.fa.gz
Sep-14 11:28:48.001 [Actor Thread 3] DEBUG nextflow.container.SingularityCache - Apptainer found local store for image=docker://community.wave.seqera.io/library/coreutils_grep_gzip_lbzip2_pruned:838ba80435a629f8; path=/groups/dthain/users/jzhou24/hpds-fa26/project-list/gbcf-nf-core/.apptainer/community.wave.seqera.io-library-coreutils_grep_gzip_lbzip2_pruned-838ba80435a629f8.img
Sep-14 11:28:48.021 [FileTransfer-8] DEBUG nextflow.file.FilePorter - Copying foreign file https://raw.githubusercontent.com/nf-core/test-datasets/rnaseq/testdata/GSE110004/SRR6357076_2.fastq.gz to work dir: /groups/dthain/users/jzhou24/hpds-fa26/project-list/gbcf-nf-core/validation/test-run-sge/work/stage-500a9fd0-63f5-4d48-ad6d-8865a90bde0e/28/5496c384a5903e8cdaf64d4bb5d4eb/SRR6357076_2.fastq.gz
Sep-14 11:28:48.021 [FileTransfer-5] DEBUG nextflow.file.FilePorter - Copying foreign file https://raw.githubusercontent.com/nf-core/test-datasets/rnaseq/testdata/GSE110004/SRR6357074_1.fastq.gz to work dir: /groups/dthain/users/jzhou24/hpds-fa26/project-list/gbcf-nf-core/validation/test-run-sge/work/stage-500a9fd0-63f5-4d48-ad6d-8865a90bde0e/19/77edbc2d64cb688ee7c8894e56a088/SRR6357074_1.fastq.gz
Sep-14 11:28:48.021 [FileTransfer-7] DEBUG nextflow.file.FilePorter - Copying foreign file https://raw.githubusercontent.com/nf-core/test-datasets/rnaseq/testdata/GSE110004/SRR6357076_1.fastq.gz to work dir: /groups/dthain/users/jzhou24/hpds-fa26/project-list/gbcf-nf-core/validation/test-run-sge/work/stage-500a9fd0-63f5-4d48-ad6d-8865a90bde0e/0e/e59d6abe9eee86222c7216ea01388c/SRR6357076_1.fastq.gz
Sep-14 11:28:48.021 [FileTransfer-6] DEBUG nextflow.file.FilePorter - Copying foreign file https://raw.githubusercontent.com/nf-core/test-datasets/rnaseq/testdata/GSE110004/SRR6357075_1.fastq.gz to work dir: /groups/dthain/users/jzhou24/hpds-fa26/project-list/gbcf-nf-core/validation/test-run-sge/work/stage-500a9fd0-63f5-4d48-ad6d-8865a90bde0e/4c/7061a41518c2c0d83eba966e269c06/SRR6357075_1.fastq.gz
Sep-14 11:28:48.021 [FileTransfer-10] DEBUG nextflow.file.FilePorter - Copying foreign file https://raw.githubusercontent.com/nf-core/test-datasets/rnaseq/testdata/GSE110004/SRR6357072_2.fastq.gz to work dir: /groups/dthain/users/jzhou24/hpds-fa26/project-list/gbcf-nf-core/validation/test-run-sge/work/stage-500a9fd0-63f5-4d48-ad6d-8865a90bde0e/cd/bdcdaa195410dbe477d9a3455940ce/SRR6357072_2.fastq.gz
Sep-14 11:28:48.021 [FileTransfer-9] DEBUG nextflow.file.FilePorter - Copying foreign file https://raw.githubusercontent.com/nf-core/test-datasets/rnaseq/testdata/GSE110004/SRR6357072_1.fastq.gz to work dir: /groups/dthain/users/jzhou24/hpds-fa26/project-list/gbcf-nf-core/validation/test-run-sge/work/stage-500a9fd0-63f5-4d48-ad6d-8865a90bde0e/dd/bb29f3a55547a1d8c6911bb694c1db/SRR6357072_1.fastq.gz
Sep-14 11:28:48.044 [Actor Thread 3] DEBUG nextflow.container.SingularityCache - Apptainer found local store for image=docker://quay.io/biocontainers/fq:0.12.0--h9ee0642_0; path=/groups/dthain/users/jzhou24/hpds-fa26/project-list/gbcf-nf-core/.apptainer/quay.io-biocontainers-fq-0.12.0--h9ee0642_0.img
Sep-14 11:28:48.064 [FileTransfer-2] DEBUG nextflow.file.FilePorter - Copying foreign file https://raw.githubusercontent.com/nf-core/test-datasets/rnaseq/testdata/GSE110004/SRR6357071_1.fastq.gz to work dir: /groups/dthain/users/jzhou24/hpds-fa26/project-list/gbcf-nf-core/validation/test-run-sge/work/stage-500a9fd0-63f5-4d48-ad6d-8865a90bde0e/6b/d2bd23c3c2e6d5572da61345da7de0/SRR6357071_1.fastq.gz
Sep-14 11:28:48.065 [FileTransfer-3] DEBUG nextflow.file.FilePorter - Copying foreign file https://raw.githubusercontent.com/nf-core/test-datasets/rnaseq/testdata/GSE110004/SRR6357071_2.fastq.gz to work dir: /groups/dthain/users/jzhou24/hpds-fa26/project-list/gbcf-nf-core/validation/test-run-sge/work/stage-500a9fd0-63f5-4d48-ad6d-8865a90bde0e/de/80d4e77eea5e1f73e0ebde1c7b47df/SRR6357071_2.fastq.gz
Sep-14 11:28:48.065 [FileTransfer-4] DEBUG nextflow.file.FilePorter - Copying foreign file https://raw.githubusercontent.com/nf-core/test-datasets/rnaseq/testdata/GSE110004/SRR6357070_2.fastq.gz to work dir: /groups/dthain/users/jzhou24/hpds-fa26/project-list/gbcf-nf-core/validation/test-run-sge/work/stage-500a9fd0-63f5-4d48-ad6d-8865a90bde0e/7a/d061e04860589e6fcd2275577c1b91/SRR6357070_2.fastq.gz
Sep-14 11:28:48.065 [FileTransfer-1] DEBUG nextflow.file.FilePorter - Copying foreign file https://raw.githubusercontent.com/nf-core/test-datasets/rnaseq/testdata/GSE110004/SRR6357070_1.fastq.gz to work dir: /groups/dthain/users/jzhou24/hpds-fa26/project-list/gbcf-nf-core/validation/test-run-sge/work/stage-500a9fd0-63f5-4d48-ad6d-8865a90bde0e/b0/a8f3e0cba3819379e45e959e7441a9/SRR6357070_1.fastq.gz
Sep-14 11:28:48.100 [Task submitter] DEBUG n.executor.local.LocalTaskHandler - Launch cmd line: /bin/bash -ue .command.run
Sep-14 11:28:48.101 [Task submitter] INFO  nextflow.Session - [f0/ab8abe] Submitted process > NFCORE_RNASEQ:PREPARE_GENOME:GUNZIP_GTF (genes_with_empty_tid.gtf.gz)
Sep-14 11:28:48.115 [Task submitter] DEBUG n.executor.local.LocalTaskHandler - Launch cmd line: /bin/bash -ue .command.run
Sep-14 11:28:48.115 [Task submitter] INFO  nextflow.Session - [5f/774687] Submitted process > NFCORE_RNASEQ:PREPARE_GENOME:UNTAR_SALMON_INDEX (salmon.tar.gz)
Sep-14 11:28:48.125 [Task submitter] DEBUG n.executor.local.LocalTaskHandler - Launch cmd line: /bin/bash -ue .command.run
Sep-14 11:28:48.126 [Task submitter] INFO  nextflow.Session - [30/af5f33] Submitted process > NFCORE_RNASEQ:PREPARE_GENOME:GUNZIP_ADDITIONAL_FASTA (gfp.fa.gz)
Sep-14 11:28:48.138 [Task submitter] DEBUG n.executor.local.LocalTaskHandler - Launch cmd line: /bin/bash -ue .command.run
Sep-14 11:28:48.139 [Task submitter] INFO  nextflow.Session - [67/751bf5] Submitted process > NFCORE_RNASEQ:RNASEQ:FASTQ_QC_TRIM_FILTER_SETSTRANDEDNESS:FQ_LINT (RAP1_UNINDUCED_REP1)
Sep-14 11:28:48.230 [Task submitter] DEBUG n.executor.local.LocalTaskHandler - Launch cmd line: /bin/bash -ue .command.run
Sep-14 11:28:48.233 [Task submitter] INFO  nextflow.Session - [f5/3f290e] Submitted process > NFCORE_RNASEQ:RNASEQ:FASTQ_QC_TRIM_FILTER_SETSTRANDEDNESS:FQ_LINT (RAP1_IAA_30M_REP1)
Sep-14 11:28:48.646 [Task monitor] DEBUG n.processor.TaskPollingMonitor - Task completed > TaskHandler[id: 2; name: NFCORE_RNASEQ:PREPARE_GENOME:GUNZIP_GTF (genes_with_empty_tid.gtf.gz); status: COMPLETED; exit: 0; error: -; workDir: /groups/dthain/users/jzhou24/hpds-fa26/project-list/gbcf-nf-core/validation/test-run-sge/work/f0/ab8abed5fd58ca2e0e34facb728565]
Sep-14 11:28:48.647 [Task monitor] DEBUG nextflow.util.ThreadPoolBuilder - Creating thread pool 'TaskFinalizer' minSize=10; maxSize=24; workQueue=LinkedBlockingQueue[-1]; allowCoreThreadTimeout=false
Sep-14 11:28:48.649 [Task monitor] DEBUG n.processor.TaskPollingMonitor - Task completed > TaskHandler[id: 1; name: NFCORE_RNASEQ:PREPARE_GENOME:GUNZIP_ADDITIONAL_FASTA (gfp.fa.gz); status: COMPLETED; exit: 0; error: -; workDir: /groups/dthain/users/jzhou24/hpds-fa26/project-list/gbcf-nf-core/validation/test-run-sge/work/30/af5f3304cfbd67a05c5d8d842c5048]
Sep-14 11:28:48.657 [Task submitter] DEBUG n.executor.local.LocalTaskHandler - Launch cmd line: /bin/bash -ue .command.run
Sep-14 11:28:48.658 [Task submitter] INFO  nextflow.Session - [a6/d309b0] Submitted process > NFCORE_RNASEQ:RNASEQ:FASTQ_QC_TRIM_FILTER_SETSTRANDEDNESS:FQ_LINT (WT_REP2)
Sep-14 11:28:48.663 [Task monitor] DEBUG n.processor.TaskPollingMonitor - Task completed > TaskHandler[id: 6; name: NFCORE_RNASEQ:RNASEQ:FASTQ_QC_TRIM_FILTER_SETSTRANDEDNESS:FQ_LINT (RAP1_UNINDUCED_REP1); status: COMPLETED; exit: 0; error: -; workDir: /groups/dthain/users/jzhou24/hpds-fa26/project-list/gbcf-nf-core/validation/test-run-sge/work/67/751bf5f51456e620786357ce76e370]
Sep-14 11:28:48.672 [Task submitter] DEBUG n.executor.local.LocalTaskHandler - Launch cmd line: /bin/bash -ue .command.run
Sep-14 11:28:48.673 [Task submitter] INFO  nextflow.Session - [4b/6a963e] Submitted process > NFCORE_RNASEQ:RNASEQ:FASTQ_QC_TRIM_FILTER_SETSTRANDEDNESS:CAT_FASTQ (RAP1_UNINDUCED_REP2)
Sep-14 11:28:48.683 [Task submitter] DEBUG n.executor.local.LocalTaskHandler - Launch cmd line: /bin/bash -ue .command.run
Sep-14 11:28:48.684 [Task submitter] INFO  nextflow.Session - [2b/8c0112] Submitted process > NFCORE_RNASEQ:RNASEQ:FASTQ_QC_TRIM_FILTER_SETSTRANDEDNESS:CAT_FASTQ (WT_REP1)
Sep-14 11:28:48.706 [TaskFinalizer-3] DEBUG nextflow.util.ThreadPoolBuilder - Creating thread pool 'PublishDir' minSize=10; maxSize=24; workQueue=LinkedBlockingQueue[-1]; allowCoreThreadTimeout=false
Sep-14 11:28:48.802 [FileTransfer-9] DEBUG nextflow.file.FilePorter - Copying foreign file https://raw.githubusercontent.com/nf-core/test-datasets/626c8fab639062eade4b10747e919341cbf9b41a/reference/genome.fasta to work dir: /groups/dthain/users/jzhou24/hpds-fa26/project-list/gbcf-nf-core/validation/test-run-sge/work/stage-500a9fd0-63f5-4d48-ad6d-8865a90bde0e/09/85fa9f3052b136361a7427c0325102/genome.fasta
Sep-14 11:28:48.803 [Actor Thread 17] DEBUG nextflow.container.SingularityCache - Apptainer found local store for image=docker://quay.io/biocontainers/fastqc:0.12.1--hdfd78af_0; path=/groups/dthain/users/jzhou24/hpds-fa26/project-list/gbcf-nf-core/.apptainer/quay.io-biocontainers-fastqc-0.12.1--hdfd78af_0.img
Sep-14 11:28:48.808 [Actor Thread 17] DEBUG nextflow.container.SingularityCache - Apptainer found local store for image=https://community-cr-prod.seqera.io/docker/registry/v2/blobs/sha256/7e/7e44249e3fafe3d136ea726225551b51bca642387e16d9687b3e602207dedb20/data; path=/groups/dthain/users/jzhou24/hpds-fa26/project-list/gbcf-nf-core/.apptainer/community-cr-prod.seqera.io-docker-registry-v2-blobs-sha256-7e-7e44249e3fafe3d136ea726225551b51bca642387e16d9687b3e602207dedb20-data.img
Sep-14 11:28:48.839 [Task monitor] DEBUG n.processor.TaskPollingMonitor - Task completed > TaskHandler[id: 3; name: NFCORE_RNASEQ:PREPARE_GENOME:UNTAR_SALMON_INDEX (salmon.tar.gz); status: COMPLETED; exit: 0; error: -; workDir: /groups/dthain/users/jzhou24/hpds-fa26/project-list/gbcf-nf-core/validation/test-run-sge/work/5f/7746878ccf9a879bf191f5293fc9d9]
Sep-14 11:28:48.839 [Task monitor] DEBUG n.processor.TaskPollingMonitor - Task completed > TaskHandler[id: 7; name: NFCORE_RNASEQ:RNASEQ:FASTQ_QC_TRIM_FILTER_SETSTRANDEDNESS:FQ_LINT (RAP1_IAA_30M_REP1); status: COMPLETED; exit: 0; error: -; workDir: /groups/dthain/users/jzhou24/hpds-fa26/project-list/gbcf-nf-core/validation/test-run-sge/work/f5/3f290e07432d0eed8db851b66397eb]
Sep-14 11:28:48.869 [Task submitter] DEBUG n.executor.local.LocalTaskHandler - Launch cmd line: /bin/bash -ue .command.run
Sep-14 11:28:48.869 [Task submitter] INFO  nextflow.Session - [d7/498b87] Submitted process > NFCORE_RNASEQ:RNASEQ:FASTQ_QC_TRIM_FILTER_SETSTRANDEDNESS:FASTQ_FASTQC_UMITOOLS_TRIMGALORE:FASTQC (RAP1_UNINDUCED_REP1)
Sep-14 11:28:48.907 [Actor Thread 1] DEBUG nextflow.container.SingularityCache - Apptainer found local store for image=docker://quay.io/biocontainers/python:3.9--1; path=/groups/dthain/users/jzhou24/hpds-fa26/project-list/gbcf-nf-core/.apptainer/quay.io-biocontainers-python-3.9--1.img
Sep-14 11:28:49.132 [Task monitor] DEBUG n.processor.TaskPollingMonitor - Task completed > TaskHandler[id: 8; name: NFCORE_RNASEQ:RNASEQ:FASTQ_QC_TRIM_FILTER_SETSTRANDEDNESS:CAT_FASTQ (RAP1_UNINDUCED_REP2); status: COMPLETED; exit: 0; error: -; workDir: /groups/dthain/users/jzhou24/hpds-fa26/project-list/gbcf-nf-core/validation/test-run-sge/work/4b/6a963e365c0495ba1206ac7b54fb4d]
Sep-14 11:28:49.142 [Task submitter] DEBUG n.executor.local.LocalTaskHandler - Launch cmd line: /bin/bash -ue .command.run
Sep-14 11:28:49.143 [Task submitter] INFO  nextflow.Session - [01/951cc7] Submitted process > NFCORE_RNASEQ:PREPARE_GENOME:CUSTOM_GTFFILTER (genes_with_empty_tid.filtered)
Sep-14 11:28:49.157 [Task submitter] DEBUG n.executor.local.LocalTaskHandler - Launch cmd line: /bin/bash -ue .command.run
Sep-14 11:28:49.158 [Task submitter] INFO  nextflow.Session - [6c/3b53c0] Submitted process > NFCORE_RNASEQ:RNASEQ:FASTQ_QC_TRIM_FILTER_SETSTRANDEDNESS:FASTQ_FASTQC_UMITOOLS_TRIMGALORE:FASTQC (RAP1_IAA_30M_REP1)
Sep-14 11:28:49.193 [Task monitor] DEBUG n.processor.TaskPollingMonitor - Task completed > TaskHandler[id: 4; name: NFCORE_RNASEQ:RNASEQ:FASTQ_QC_TRIM_FILTER_SETSTRANDEDNESS:CAT_FASTQ (WT_REP1); status: COMPLETED; exit: 0; error: -; workDir: /groups/dthain/users/jzhou24/hpds-fa26/project-list/gbcf-nf-core/validation/test-run-sge/work/2b/8c011288d0486bc1647f5df5ab0f3a]
Sep-14 11:28:49.256 [Task monitor] DEBUG n.processor.TaskPollingMonitor - Task completed > TaskHandler[id: 5; name: NFCORE_RNASEQ:RNASEQ:FASTQ_QC_TRIM_FILTER_SETSTRANDEDNESS:FQ_LINT (WT_REP2); status: COMPLETED; exit: 0; error: -; workDir: /groups/dthain/users/jzhou24/hpds-fa26/project-list/gbcf-nf-core/validation/test-run-sge/work/a6/d309b04fe1414bf684658db6b14b2e]
Sep-14 11:28:49.265 [Task submitter] DEBUG n.executor.local.LocalTaskHandler - Launch cmd line: /bin/bash -ue .command.run
Sep-14 11:28:49.265 [Task submitter] INFO  nextflow.Session - [fc/52ef73] Submitted process > NFCORE_RNASEQ:RNASEQ:FASTQ_QC_TRIM_FILTER_SETSTRANDEDNESS:FQ_LINT (RAP1_UNINDUCED_REP2)
Sep-14 11:28:49.700 [Task monitor] DEBUG n.processor.TaskPollingMonitor - Task completed > TaskHandler[id: 14; name: NFCORE_RNASEQ:RNASEQ:FASTQ_QC_TRIM_FILTER_SETSTRANDEDNESS:FQ_LINT (RAP1_UNINDUCED_REP2); status: COMPLETED; exit: 0; error: -; workDir: /groups/dthain/users/jzhou24/hpds-fa26/project-list/gbcf-nf-core/validation/test-run-sge/work/fc/52ef7354b86c41b5785417c95ad407]
Sep-14 11:28:49.710 [Task submitter] DEBUG n.executor.local.LocalTaskHandler - Launch cmd line: /bin/bash -ue .command.run
Sep-14 11:28:49.710 [Task submitter] INFO  nextflow.Session - [23/2d2aa6] Submitted process > NFCORE_RNASEQ:RNASEQ:FASTQ_QC_TRIM_FILTER_SETSTRANDEDNESS:FQ_LINT (WT_REP1)
Sep-14 11:28:49.819 [Task monitor] DEBUG n.processor.TaskPollingMonitor - Task completed > TaskHandler[id: 9; name: NFCORE_RNASEQ:PREPARE_GENOME:CUSTOM_GTFFILTER (genes_with_empty_tid.filtered); status: COMPLETED; exit: 0; error: -; workDir: /groups/dthain/users/jzhou24/hpds-fa26/project-list/gbcf-nf-core/validation/test-run-sge/work/01/951cc76c41b64e1bae194fcf9543d8]
Sep-14 11:28:49.829 [Task submitter] DEBUG n.executor.local.LocalTaskHandler - Launch cmd line: /bin/bash -ue .command.run
Sep-14 11:28:49.829 [Task submitter] INFO  nextflow.Session - [cd/0951fd] Submitted process > NFCORE_RNASEQ:RNASEQ:FASTQ_QC_TRIM_FILTER_SETSTRANDEDNESS:FASTQ_FASTQC_UMITOOLS_TRIMGALORE:FASTQC (WT_REP2)
Sep-14 11:28:49.894 [Actor Thread 2] DEBUG nextflow.container.SingularityCache - Apptainer found local store for image=docker://quay.io/biocontainers/python:3.12; path=/groups/dthain/users/jzhou24/hpds-fa26/project-list/gbcf-nf-core/.apptainer/quay.io-biocontainers-python-3.12.img
Sep-14 11:28:50.479 [Task monitor] DEBUG n.processor.TaskPollingMonitor - Task completed > TaskHandler[id: 15; name: NFCORE_RNASEQ:RNASEQ:FASTQ_QC_TRIM_FILTER_SETSTRANDEDNESS:FQ_LINT (WT_REP1); status: COMPLETED; exit: 0; error: -; workDir: /groups/dthain/users/jzhou24/hpds-fa26/project-list/gbcf-nf-core/validation/test-run-sge/work/23/2d2aa655053d0e979e301eb264a427]
Sep-14 11:28:50.496 [Task submitter] DEBUG n.executor.local.LocalTaskHandler - Launch cmd line: /bin/bash -ue .command.run
Sep-14 11:28:50.497 [Task submitter] INFO  nextflow.Session - [65/d33c04] Submitted process > NFCORE_RNASEQ:RNASEQ:FASTQ_QC_TRIM_FILTER_SETSTRANDEDNESS:FASTQ_FASTQC_UMITOOLS_TRIMGALORE:FASTQC (RAP1_UNINDUCED_REP2)
Sep-14 11:28:54.431 [Task monitor] DEBUG n.processor.TaskPollingMonitor - Task completed > TaskHandler[id: 12; name: NFCORE_RNASEQ:RNASEQ:FASTQ_QC_TRIM_FILTER_SETSTRANDEDNESS:FASTQ_FASTQC_UMITOOLS_TRIMGALORE:FASTQC (RAP1_IAA_30M_REP1); status: COMPLETED; exit: 0; error: -; workDir: /groups/dthain/users/jzhou24/hpds-fa26/project-list/gbcf-nf-core/validation/test-run-sge/work/6c/3b53c0674fe30885e0c98ee64a7a27]
Sep-14 11:28:54.440 [Task submitter] DEBUG n.executor.local.LocalTaskHandler - Launch cmd line: /bin/bash -ue .command.run
Sep-14 11:28:54.440 [Task submitter] INFO  nextflow.Session - [c6/67252b] Submitted process > NFCORE_RNASEQ:PREPARE_GENOME:CUSTOM_CATADDITIONALFASTA (genome_transcriptome)
Sep-14 11:28:54.461 [Task monitor] DEBUG n.processor.TaskPollingMonitor - Task completed > TaskHandler[id: 11; name: NFCORE_RNASEQ:RNASEQ:FASTQ_QC_TRIM_FILTER_SETSTRANDEDNESS:FASTQ_FASTQC_UMITOOLS_TRIMGALORE:FASTQC (RAP1_UNINDUCED_REP1); status: COMPLETED; exit: 0; error: -; workDir: /groups/dthain/users/jzhou24/hpds-fa26/project-list/gbcf-nf-core/validation/test-run-sge/work/d7/498b87ac5d29e194fee03b303afb12]
Sep-14 11:28:54.471 [Task submitter] DEBUG n.executor.local.LocalTaskHandler - Launch cmd line: /bin/bash -ue .command.run
Sep-14 11:28:54.472 [Task submitter] INFO  nextflow.Session - [1c/11ebc3] Submitted process > NFCORE_RNASEQ:RNASEQ:FASTQ_QC_TRIM_FILTER_SETSTRANDEDNESS:FASTQ_FASTQC_UMITOOLS_TRIMGALORE:FASTQC (WT_REP1)
Sep-14 11:28:54.917 [Task monitor] DEBUG n.processor.TaskPollingMonitor - Task completed > TaskHandler[id: 17; name: NFCORE_RNASEQ:RNASEQ:FASTQ_QC_TRIM_FILTER_SETSTRANDEDNESS:FASTQ_FASTQC_UMITOOLS_TRIMGALORE:FASTQC (WT_REP2); status: COMPLETED; exit: 0; error: -; workDir: /groups/dthain/users/jzhou24/hpds-fa26/project-list/gbcf-nf-core/validation/test-run-sge/work/cd/0951fd509aab2aa2dc246ed9893e13]
Sep-14 11:28:55.038 [Task monitor] DEBUG n.processor.TaskPollingMonitor - Task completed > TaskHandler[id: 20; name: NFCORE_RNASEQ:PREPARE_GENOME:CUSTOM_CATADDITIONALFASTA (genome_transcriptome); status: COMPLETED; exit: 0; error: -; workDir: /groups/dthain/users/jzhou24/hpds-fa26/project-list/gbcf-nf-core/validation/test-run-sge/work/c6/67252b6c4e7071cce9dcad388dae52]
Sep-14 11:28:55.047 [Task submitter] DEBUG n.executor.local.LocalTaskHandler - Launch cmd line: /bin/bash -ue .command.run
Sep-14 11:28:55.048 [Task submitter] INFO  nextflow.Session - [25/18ed51] Submitted process > NFCORE_RNASEQ:RNASEQ:FASTQ_QC_TRIM_FILTER_SETSTRANDEDNESS:FASTQ_FASTQC_UMITOOLS_TRIMGALORE:TRIMGALORE (RAP1_UNINDUCED_REP1)
Sep-14 11:28:55.048 [Actor Thread 1] DEBUG nextflow.container.SingularityCache - Apptainer found local store for image=docker://community.wave.seqera.io/library/htslib_samtools:1.23.1--5b6bb4ede7e612e5; path=/groups/dthain/users/jzhou24/hpds-fa26/project-list/gbcf-nf-core/.apptainer/community.wave.seqera.io-library-htslib_samtools-1.23.1--5b6bb4ede7e612e5.img
Sep-14 11:28:55.049 [Actor Thread 10] DEBUG nextflow.container.SingularityCache - Apptainer found local store for image=docker://community.wave.seqera.io/library/htslib_samtools_star_gawk:ae438e9a604351a4; path=/groups/dthain/users/jzhou24/hpds-fa26/project-list/gbcf-nf-core/.apptainer/community.wave.seqera.io-library-htslib_samtools_star_gawk-ae438e9a604351a4.img
Sep-14 11:28:55.062 [Actor Thread 17] DEBUG nextflow.container.SingularityCache - Apptainer found local store for image=docker://quay.io/biocontainers/perl:5.26.2; path=/groups/dthain/users/jzhou24/hpds-fa26/project-list/gbcf-nf-core/.apptainer/quay.io-biocontainers-perl-5.26.2.img
Sep-14 11:28:55.110 [FileTransfer-8] DEBUG nextflow.file.FilePorter - Copying foreign file https://raw.githubusercontent.com/nf-core/test-datasets/rnaseq/reference/GCA_009858895.3_ASM985889v3_genomic.200409.fna to work dir: /groups/dthain/users/jzhou24/hpds-fa26/project-list/gbcf-nf-core/validation/test-run-sge/work/stage-500a9fd0-63f5-4d48-ad6d-8865a90bde0e/bb/064a52a57775c9785ec47f18970148/GCA_009858895.3_ASM985889v3_genomic.200409.fna
Sep-14 11:28:55.111 [FileTransfer-6] DEBUG nextflow.file.FilePorter - Copying foreign file https://raw.githubusercontent.com/nf-core/test-datasets/rnaseq/reference/chr22_23800000-23980000.fa to work dir: /groups/dthain/users/jzhou24/hpds-fa26/project-list/gbcf-nf-core/validation/test-run-sge/work/stage-500a9fd0-63f5-4d48-ad6d-8865a90bde0e/98/545678e9a302fab84b531370fe7f55/chr22_23800000-23980000.fa
Sep-14 11:28:55.216 [Actor Thread 2] DEBUG nextflow.container.SingularityCache - Apptainer found local store for image=docker://community.wave.seqera.io/library/bbmap_pigz:07416fe99b090fa9; path=/groups/dthain/users/jzhou24/hpds-fa26/project-list/gbcf-nf-core/.apptainer/community.wave.seqera.io-library-bbmap_pigz-07416fe99b090fa9.img
Sep-14 11:28:55.798 [Task monitor] DEBUG n.processor.TaskPollingMonitor - Task completed > TaskHandler[id: 18; name: NFCORE_RNASEQ:RNASEQ:FASTQ_QC_TRIM_FILTER_SETSTRANDEDNESS:FASTQ_FASTQC_UMITOOLS_TRIMGALORE:FASTQC (RAP1_UNINDUCED_REP2); status: COMPLETED; exit: 0; error: -; workDir: /groups/dthain/users/jzhou24/hpds-fa26/project-list/gbcf-nf-core/validation/test-run-sge/work/65/d33c04d92d044bee563c9a8deb18e9]
Sep-14 11:28:55.806 [Task submitter] DEBUG n.executor.local.LocalTaskHandler - Launch cmd line: /bin/bash -ue .command.run
Sep-14 11:28:55.807 [Task submitter] INFO  nextflow.Session - [30/41ffbd] Submitted process > NFCORE_RNASEQ:PREPARE_GENOME:SAMTOOLS_FAIDX (genome_gfp.fasta)
Sep-14 11:28:56.396 [Task monitor] DEBUG n.processor.TaskPollingMonitor - Task completed > TaskHandler[id: 26; name: NFCORE_RNASEQ:PREPARE_GENOME:SAMTOOLS_FAIDX (genome_gfp.fasta); status: COMPLETED; exit: 0; error: -; workDir: /groups/dthain/users/jzhou24/hpds-fa26/project-list/gbcf-nf-core/validation/test-run-sge/work/30/41ffbd8ed679ec7a73c44b6f3fc548]
Sep-14 11:28:56.406 [Task submitter] DEBUG n.executor.local.LocalTaskHandler - Launch cmd line: /bin/bash -ue .command.run
Sep-14 11:28:56.406 [Task submitter] INFO  nextflow.Session - [68/1eaa8b] Submitted process > NFCORE_RNASEQ:PREPARE_GENOME:EAUTILS_GTF2BED (genome_gfp)
Sep-14 11:28:56.429 [Task monitor] DEBUG n.processor.TaskPollingMonitor - Task completed > TaskHandler[id: 10; name: NFCORE_RNASEQ:RNASEQ:FASTQ_QC_TRIM_FILTER_SETSTRANDEDNESS:FASTQ_FASTQC_UMITOOLS_TRIMGALORE:TRIMGALORE (RAP1_UNINDUCED_REP1); status: COMPLETED; exit: 0; error: -; workDir: /groups/dthain/users/jzhou24/hpds-fa26/project-list/gbcf-nf-core/validation/test-run-sge/work/25/18ed51f403eedc20e9d185b5e3789b]
Sep-14 11:28:56.452 [Task submitter] DEBUG n.executor.local.LocalTaskHandler - Launch cmd line: /bin/bash -ue .command.run
Sep-14 11:28:56.452 [Task submitter] INFO  nextflow.Session - [46/f03477] Submitted process > NFCORE_RNASEQ:RNASEQ:FASTQ_QC_TRIM_FILTER_SETSTRANDEDNESS:FASTQ_FASTQC_UMITOOLS_TRIMGALORE:TRIMGALORE (RAP1_IAA_30M_REP1)
Sep-14 11:28:56.549 [TaskFinalizer-7] DEBUG nextflow.processor.TaskProcessor - Process NFCORE_RNASEQ:PREPARE_GENOME:SAMTOOLS_FAIDX > Skipping output binding because one or more optional files are missing: fileoutparam<0:1>
Sep-14 11:28:56.550 [TaskFinalizer-7] DEBUG nextflow.processor.TaskProcessor - Process NFCORE_RNASEQ:PREPARE_GENOME:SAMTOOLS_FAIDX > Skipping output binding because one or more optional files are missing: fileoutparam<3:1>
Sep-14 11:28:56.551 [TaskFinalizer-8] DEBUG nextflow.processor.TaskProcessor - Process NFCORE_RNASEQ:RNASEQ:FASTQ_QC_TRIM_FILTER_SETSTRANDEDNESS:FASTQ_FASTQC_UMITOOLS_TRIMGALORE:TRIMGALORE > Skipping output binding because one or more optional files are missing: fileoutparam<2:1>
Sep-14 11:28:57.991 [Task monitor] DEBUG n.processor.TaskPollingMonitor - Task completed > TaskHandler[id: 24; name: NFCORE_RNASEQ:PREPARE_GENOME:EAUTILS_GTF2BED (genome_gfp); status: COMPLETED; exit: 0; error: -; workDir: /groups/dthain/users/jzhou24/hpds-fa26/project-list/gbcf-nf-core/validation/test-run-sge/work/68/1eaa8bb634222f09677f1aa5878947]
Sep-14 11:28:58.007 [Task submitter] DEBUG n.executor.local.LocalTaskHandler - Launch cmd line: /bin/bash -ue .command.run
Sep-14 11:28:58.007 [Task submitter] INFO  nextflow.Session - [b1/fbe32a] Submitted process > NFCORE_RNASEQ:RNASEQ:FASTQ_QC_TRIM_FILTER_SETSTRANDEDNESS:FQ_LINT_AFTER_TRIMMING (RAP1_UNINDUCED_REP1)
Sep-14 11:28:58.393 [Task monitor] DEBUG n.processor.TaskPollingMonitor - Task completed > TaskHandler[id: 27; name: NFCORE_RNASEQ:RNASEQ:FASTQ_QC_TRIM_FILTER_SETSTRANDEDNESS:FQ_LINT_AFTER_TRIMMING (RAP1_UNINDUCED_REP1); status: COMPLETED; exit: 0; error: -; workDir: /groups/dthain/users/jzhou24/hpds-fa26/project-list/gbcf-nf-core/validation/test-run-sge/work/b1/fbe32af8f043a6cc07a5f33ebce787]
Sep-14 11:28:58.489 [Task monitor] DEBUG n.processor.TaskPollingMonitor - Task completed > TaskHandler[id: 13; name: NFCORE_RNASEQ:RNASEQ:FASTQ_QC_TRIM_FILTER_SETSTRANDEDNESS:FASTQ_FASTQC_UMITOOLS_TRIMGALORE:TRIMGALORE (RAP1_IAA_30M_REP1); status: COMPLETED; exit: 0; error: -; workDir: /groups/dthain/users/jzhou24/hpds-fa26/project-list/gbcf-nf-core/validation/test-run-sge/work/46/f03477659d89ad9447f1700f32366e]
Sep-14 11:28:58.497 [Task submitter] DEBUG n.executor.local.LocalTaskHandler - Launch cmd line: /bin/bash -ue .command.run
Sep-14 11:28:58.497 [Task submitter] INFO  nextflow.Session - [c6/8422d3] Submitted process > NFCORE_RNASEQ:RNASEQ:FASTQ_QC_TRIM_FILTER_SETSTRANDEDNESS:FASTQ_FASTQC_UMITOOLS_TRIMGALORE:TRIMGALORE (WT_REP2)
Sep-14 11:28:58.502 [TaskFinalizer-2] DEBUG nextflow.processor.TaskProcessor - Process NFCORE_RNASEQ:RNASEQ:FASTQ_QC_TRIM_FILTER_SETSTRANDEDNESS:FASTQ_FASTQC_UMITOOLS_TRIMGALORE:TRIMGALORE > Skipping output binding because one or more optional files are missing: fileoutparam<2:1>
Sep-14 11:28:58.508 [Task monitor] DEBUG n.processor.TaskPollingMonitor - Task completed > TaskHandler[id: 21; name: NFCORE_RNASEQ:RNASEQ:FASTQ_QC_TRIM_FILTER_SETSTRANDEDNESS:FASTQ_FASTQC_UMITOOLS_TRIMGALORE:FASTQC (WT_REP1); status: COMPLETED; exit: 0; error: -; workDir: /groups/dthain/users/jzhou24/hpds-fa26/project-list/gbcf-nf-core/validation/test-run-sge/work/1c/11ebc3f3d92b0ff59ccddc32f478da]
Sep-14 11:28:58.516 [Task submitter] DEBUG n.executor.local.LocalTaskHandler - Launch cmd line: /bin/bash -ue .command.run
Sep-14 11:28:58.517 [Task submitter] INFO  nextflow.Session - [f0/36603e] Submitted process > NFCORE_RNASEQ:RNASEQ:FASTQ_QC_TRIM_FILTER_SETSTRANDEDNESS:FASTQ_FASTQC_UMITOOLS_TRIMGALORE:TRIMGALORE (RAP1_UNINDUCED_REP2)
Sep-14 11:29:00.051 [Task monitor] DEBUG n.processor.TaskPollingMonitor - Task completed > TaskHandler[id: 19; name: NFCORE_RNASEQ:RNASEQ:FASTQ_QC_TRIM_FILTER_SETSTRANDEDNESS:FASTQ_FASTQC_UMITOOLS_TRIMGALORE:TRIMGALORE (RAP1_UNINDUCED_REP2); status: COMPLETED; exit: 0; error: -; workDir: /groups/dthain/users/jzhou24/hpds-fa26/project-list/gbcf-nf-core/validation/test-run-sge/work/f0/36603e7904c1d943c6e8e57969902f]
Sep-14 11:29:00.059 [Task submitter] DEBUG n.executor.local.LocalTaskHandler - Launch cmd line: /bin/bash -ue .command.run
Sep-14 11:29:00.060 [Task submitter] INFO  nextflow.Session - [a4/7f6e73] Submitted process > NFCORE_RNASEQ:RNASEQ:FASTQ_QC_TRIM_FILTER_SETSTRANDEDNESS:FASTQ_FASTQC_UMITOOLS_TRIMGALORE:TRIMGALORE (WT_REP1)
Sep-14 11:29:00.061 [TaskFinalizer-1] DEBUG nextflow.processor.TaskProcessor - Process NFCORE_RNASEQ:RNASEQ:FASTQ_QC_TRIM_FILTER_SETSTRANDEDNESS:FASTQ_FASTQC_UMITOOLS_TRIMGALORE:TRIMGALORE > Skipping output binding because one or more optional files are missing: fileoutparam<2:1>
Sep-14 11:29:00.335 [Task monitor] DEBUG n.processor.TaskPollingMonitor - Task completed > TaskHandler[id: 16; name: NFCORE_RNASEQ:RNASEQ:FASTQ_QC_TRIM_FILTER_SETSTRANDEDNESS:FASTQ_FASTQC_UMITOOLS_TRIMGALORE:TRIMGALORE (WT_REP2); status: COMPLETED; exit: 0; error: -; workDir: /groups/dthain/users/jzhou24/hpds-fa26/project-list/gbcf-nf-core/validation/test-run-sge/work/c6/8422d3f7aa811e65cc4bb106752129]
Sep-14 11:29:00.345 [Task submitter] DEBUG n.executor.local.LocalTaskHandler - Launch cmd line: /bin/bash -ue .command.run
Sep-14 11:29:00.345 [Task submitter] INFO  nextflow.Session - [43/48959b] Submitted process > NFCORE_RNASEQ:PREPARE_GENOME:STAR_GENOMEGENERATE (genome_gfp.fasta)
Sep-14 11:29:00.348 [TaskFinalizer-4] DEBUG nextflow.processor.TaskProcessor - Process NFCORE_RNASEQ:RNASEQ:FASTQ_QC_TRIM_FILTER_SETSTRANDEDNESS:FASTQ_FASTQC_UMITOOLS_TRIMGALORE:TRIMGALORE > Skipping output binding because one or more optional files are missing: fileoutparam<2:1>
Sep-14 11:29:01.304 [Task monitor] DEBUG n.processor.TaskPollingMonitor - Task completed > TaskHandler[id: 23; name: NFCORE_RNASEQ:PREPARE_GENOME:STAR_GENOMEGENERATE (genome_gfp.fasta); status: COMPLETED; exit: 0; error: -; workDir: /groups/dthain/users/jzhou24/hpds-fa26/project-list/gbcf-nf-core/validation/test-run-sge/work/43/48959bba50ba60da2cb8d9c248d4f8]
Sep-14 11:29:01.323 [Task submitter] DEBUG n.executor.local.LocalTaskHandler - Launch cmd line: /bin/bash -ue .command.run
Sep-14 11:29:01.323 [Task submitter] INFO  nextflow.Session - [cb/f9aedb] Submitted process > NFCORE_RNASEQ:PREPARE_GENOME:BBMAP_BBSPLIT (null)
Sep-14 11:29:02.827 [Task monitor] DEBUG n.processor.TaskPollingMonitor - Task completed > TaskHandler[id: 22; name: NFCORE_RNASEQ:RNASEQ:FASTQ_QC_TRIM_FILTER_SETSTRANDEDNESS:FASTQ_FASTQC_UMITOOLS_TRIMGALORE:TRIMGALORE (WT_REP1); status: COMPLETED; exit: 0; error: -; workDir: /groups/dthain/users/jzhou24/hpds-fa26/project-list/gbcf-nf-core/validation/test-run-sge/work/a4/7f6e7344a3f6c7ac6316eef42044f3]
Sep-14 11:29:02.835 [Task submitter] DEBUG n.executor.local.LocalTaskHandler - Launch cmd line: /bin/bash -ue .command.run
Sep-14 11:29:02.835 [Task submitter] INFO  nextflow.Session - [bc/ae6229] Submitted process > NFCORE_RNASEQ:RNASEQ:FASTQ_QC_TRIM_FILTER_SETSTRANDEDNESS:FQ_LINT_AFTER_TRIMMING (RAP1_IAA_30M_REP1)
Sep-14 11:29:02.841 [TaskFinalizer-6] DEBUG nextflow.processor.TaskProcessor - Process NFCORE_RNASEQ:RNASEQ:FASTQ_QC_TRIM_FILTER_SETSTRANDEDNESS:FASTQ_FASTQC_UMITOOLS_TRIMGALORE:TRIMGALORE > Skipping output binding because one or more optional files are missing: fileoutparam<2:1>
Sep-14 11:29:02.846 [Task submitter] DEBUG n.executor.local.LocalTaskHandler - Launch cmd line: /bin/bash -ue .command.run
Sep-14 11:29:02.846 [Task submitter] INFO  nextflow.Session - [9c/7c0815] Submitted process > NFCORE_RNASEQ:RNASEQ:FASTQ_QC_TRIM_FILTER_SETSTRANDEDNESS:FQ_LINT_AFTER_TRIMMING (RAP1_UNINDUCED_REP2)
Sep-14 11:29:02.857 [Actor Thread 11] DEBUG nextflow.file.SortFileCollector - FileCollector temp dir not removed: null
Sep-14 11:29:02.857 [Actor Thread 26] DEBUG nextflow.file.SortFileCollector - FileCollector temp dir not removed: null
Sep-14 11:29:03.305 [Task monitor] DEBUG n.processor.TaskPollingMonitor - Task completed > TaskHandler[id: 29; name: NFCORE_RNASEQ:RNASEQ:FASTQ_QC_TRIM_FILTER_SETSTRANDEDNESS:FQ_LINT_AFTER_TRIMMING (RAP1_UNINDUCED_REP2); status: COMPLETED; exit: 0; error: -; workDir: /groups/dthain/users/jzhou24/hpds-fa26/project-list/gbcf-nf-core/validation/test-run-sge/work/9c/7c0815a587d8dfe05e8dccee93b9c5]
Sep-14 11:29:03.314 [Task submitter] DEBUG n.executor.local.LocalTaskHandler - Launch cmd line: /bin/bash -ue .command.run
Sep-14 11:29:03.314 [Task submitter] INFO  nextflow.Session - [05/0a26c7] Submitted process > NFCORE_RNASEQ:RNASEQ:FASTQ_QC_TRIM_FILTER_SETSTRANDEDNESS:FQ_LINT_AFTER_TRIMMING (WT_REP2)
Sep-14 11:29:03.412 [Task monitor] DEBUG n.processor.TaskPollingMonitor - Task completed > TaskHandler[id: 28; name: NFCORE_RNASEQ:RNASEQ:FASTQ_QC_TRIM_FILTER_SETSTRANDEDNESS:FQ_LINT_AFTER_TRIMMING (RAP1_IAA_30M_REP1); status: COMPLETED; exit: 0; error: -; workDir: /groups/dthain/users/jzhou24/hpds-fa26/project-list/gbcf-nf-core/validation/test-run-sge/work/bc/ae6229446d38ddba5c9042782c9790]
Sep-14 11:29:03.420 [Task submitter] DEBUG n.executor.local.LocalTaskHandler - Launch cmd line: /bin/bash -ue .command.run
Sep-14 11:29:03.421 [Task submitter] INFO  nextflow.Session - [4d/43c358] Submitted process > NFCORE_RNASEQ:RNASEQ:FASTQ_QC_TRIM_FILTER_SETSTRANDEDNESS:FQ_LINT_AFTER_TRIMMING (WT_REP1)
Sep-14 11:29:03.842 [Task monitor] DEBUG n.processor.TaskPollingMonitor - Task completed > TaskHandler[id: 30; name: NFCORE_RNASEQ:RNASEQ:FASTQ_QC_TRIM_FILTER_SETSTRANDEDNESS:FQ_LINT_AFTER_TRIMMING (WT_REP2); status: COMPLETED; exit: 0; error: -; workDir: /groups/dthain/users/jzhou24/hpds-fa26/project-list/gbcf-nf-core/validation/test-run-sge/work/05/0a26c7860d40809f76613c1fbb743b]
Sep-14 11:29:04.131 [Task monitor] DEBUG n.processor.TaskPollingMonitor - Task completed > TaskHandler[id: 31; name: NFCORE_RNASEQ:RNASEQ:FASTQ_QC_TRIM_FILTER_SETSTRANDEDNESS:FQ_LINT_AFTER_TRIMMING (WT_REP1); status: COMPLETED; exit: 0; error: -; workDir: /groups/dthain/users/jzhou24/hpds-fa26/project-list/gbcf-nf-core/validation/test-run-sge/work/4d/43c358d8a186a046340f5c0270e645]
Sep-14 11:29:04.808 [Task monitor] DEBUG n.processor.TaskPollingMonitor - Task completed > TaskHandler[id: 25; name: NFCORE_RNASEQ:PREPARE_GENOME:BBMAP_BBSPLIT (null); status: COMPLETED; exit: 0; error: -; workDir: /groups/dthain/users/jzhou24/hpds-fa26/project-list/gbcf-nf-core/validation/test-run-sge/work/cb/f9aedb56f3f24860e5a805ac9b2392]
Sep-14 11:29:04.820 [TaskFinalizer-2] DEBUG nextflow.processor.TaskProcessor - Process NFCORE_RNASEQ:PREPARE_GENOME:BBMAP_BBSPLIT > Skipping output binding because one or more optional files are missing: fileoutparam<1:1>
Sep-14 11:29:04.820 [TaskFinalizer-2] DEBUG nextflow.processor.TaskProcessor - Process NFCORE_RNASEQ:PREPARE_GENOME:BBMAP_BBSPLIT > Skipping output binding because one or more optional files are missing: fileoutparam<2:1>
Sep-14 11:29:04.820 [TaskFinalizer-2] DEBUG nextflow.processor.TaskProcessor - Process NFCORE_RNASEQ:PREPARE_GENOME:BBMAP_BBSPLIT > Skipping output binding because one or more optional files are missing: fileoutparam<3:1>
Sep-14 11:29:04.845 [Task submitter] DEBUG n.executor.local.LocalTaskHandler - Launch cmd line: /bin/bash -ue .command.run
Sep-14 11:29:04.845 [Task submitter] INFO  nextflow.Session - [f1/3d3cf6] Submitted process > NFCORE_RNASEQ:RNASEQ:FASTQ_QC_TRIM_FILTER_SETSTRANDEDNESS:BBMAP_BBSPLIT (RAP1_UNINDUCED_REP2)
Sep-14 11:29:04.853 [Task submitter] DEBUG n.executor.local.LocalTaskHandler - Launch cmd line: /bin/bash -ue .command.run
Sep-14 11:29:04.853 [Task submitter] INFO  nextflow.Session - [e9/d1dca4] Submitted process > NFCORE_RNASEQ:RNASEQ:FASTQ_QC_TRIM_FILTER_SETSTRANDEDNESS:BBMAP_BBSPLIT (WT_REP1)
Sep-14 11:29:24.223 [Task monitor] DEBUG n.processor.TaskPollingMonitor - Task completed > TaskHandler[id: 33; name: NFCORE_RNASEQ:RNASEQ:FASTQ_QC_TRIM_FILTER_SETSTRANDEDNESS:BBMAP_BBSPLIT (RAP1_UNINDUCED_REP2); status: COMPLETED; exit: 0; error: -; workDir: /groups/dthain/users/jzhou24/hpds-fa26/project-list/gbcf-nf-core/validation/test-run-sge/work/f1/3d3cf6fa157c91a6462b836fd9b071]
Sep-14 11:29:24.233 [Task submitter] DEBUG n.executor.local.LocalTaskHandler - Launch cmd line: /bin/bash -ue .command.run
Sep-14 11:29:24.233 [TaskFinalizer-3] DEBUG n.processor.TaskFileCollector - Process `NFCORE_RNASEQ:RNASEQ:FASTQ_QC_TRIM_FILTER_SETSTRANDEDNESS:BBMAP_BBSPLIT (RAP1_UNINDUCED_REP2)` is unable to find [UnixPath]: `/groups/dthain/users/jzhou24/hpds-fa26/project-list/gbcf-nf-core/validation/test-run-sge/work/f1/3d3cf6fa157c91a6462b836fd9b071/bbsplit_index` (pattern: `bbsplit_index`)
Sep-14 11:29:24.233 [Task submitter] INFO  nextflow.Session - [10/6539f4] Submitted process > NFCORE_RNASEQ:RNASEQ:FASTQ_QC_TRIM_FILTER_SETSTRANDEDNESS:BBMAP_BBSPLIT (WT_REP2)
Sep-14 11:29:24.246 [TaskFinalizer-3] DEBUG nextflow.processor.TaskProcessor - Process NFCORE_RNASEQ:RNASEQ:FASTQ_QC_TRIM_FILTER_SETSTRANDEDNESS:BBMAP_BBSPLIT > Skipping output binding because one or more optional files are missing: fileoutparam<0>
Sep-14 11:29:37.826 [Task monitor] DEBUG n.processor.TaskPollingMonitor - Task completed > TaskHandler[id: 36; name: NFCORE_RNASEQ:RNASEQ:FASTQ_QC_TRIM_FILTER_SETSTRANDEDNESS:BBMAP_BBSPLIT (WT_REP1); status: COMPLETED; exit: 0; error: -; workDir: /groups/dthain/users/jzhou24/hpds-fa26/project-list/gbcf-nf-core/validation/test-run-sge/work/e9/d1dca42d5bef497528d35dfa68a532]
Sep-14 11:29:37.841 [TaskFinalizer-1] DEBUG n.processor.TaskFileCollector - Process `NFCORE_RNASEQ:RNASEQ:FASTQ_QC_TRIM_FILTER_SETSTRANDEDNESS:BBMAP_BBSPLIT (WT_REP1)` is unable to find [UnixPath]: `/groups/dthain/users/jzhou24/hpds-fa26/project-list/gbcf-nf-core/validation/test-run-sge/work/e9/d1dca42d5bef497528d35dfa68a532/bbsplit_index` (pattern: `bbsplit_index`)
Sep-14 11:29:37.842 [Task submitter] DEBUG n.executor.local.LocalTaskHandler - Launch cmd line: /bin/bash -ue .command.run
Sep-14 11:29:37.843 [Task submitter] INFO  nextflow.Session - [ee/ed51ad] Submitted process > NFCORE_RNASEQ:RNASEQ:FASTQ_QC_TRIM_FILTER_SETSTRANDEDNESS:BBMAP_BBSPLIT (RAP1_IAA_30M_REP1)
Sep-14 11:29:37.857 [TaskFinalizer-1] DEBUG nextflow.processor.TaskProcessor - Process NFCORE_RNASEQ:RNASEQ:FASTQ_QC_TRIM_FILTER_SETSTRANDEDNESS:BBMAP_BBSPLIT > Skipping output binding because one or more optional files are missing: fileoutparam<0>
Sep-14 11:29:44.948 [Task monitor] DEBUG n.processor.TaskPollingMonitor - Task completed > TaskHandler[id: 35; name: NFCORE_RNASEQ:RNASEQ:FASTQ_QC_TRIM_FILTER_SETSTRANDEDNESS:BBMAP_BBSPLIT (WT_REP2); status: COMPLETED; exit: 0; error: -; workDir: /groups/dthain/users/jzhou24/hpds-fa26/project-list/gbcf-nf-core/validation/test-run-sge/work/10/6539f4e676d707f62b4d6971bdc376]
Sep-14 11:29:44.949 [TaskFinalizer-4] DEBUG n.processor.TaskFileCollector - Process `NFCORE_RNASEQ:RNASEQ:FASTQ_QC_TRIM_FILTER_SETSTRANDEDNESS:BBMAP_BBSPLIT (WT_REP2)` is unable to find [UnixPath]: `/groups/dthain/users/jzhou24/hpds-fa26/project-list/gbcf-nf-core/validation/test-run-sge/work/10/6539f4e676d707f62b4d6971bdc376/bbsplit_index` (pattern: `bbsplit_index`)
Sep-14 11:29:44.958 [Task submitter] DEBUG n.executor.local.LocalTaskHandler - Launch cmd line: /bin/bash -ue .command.run
Sep-14 11:29:44.958 [Task submitter] INFO  nextflow.Session - [49/2e3151] Submitted process > NFCORE_RNASEQ:RNASEQ:FASTQ_QC_TRIM_FILTER_SETSTRANDEDNESS:BBMAP_BBSPLIT (RAP1_UNINDUCED_REP1)
Sep-14 11:29:44.960 [TaskFinalizer-4] DEBUG nextflow.processor.TaskProcessor - Process NFCORE_RNASEQ:RNASEQ:FASTQ_QC_TRIM_FILTER_SETSTRANDEDNESS:BBMAP_BBSPLIT > Skipping output binding because one or more optional files are missing: fileoutparam<0>
Sep-14 11:30:01.429 [Task monitor] DEBUG n.processor.TaskPollingMonitor - Task completed > TaskHandler[id: 34; name: NFCORE_RNASEQ:RNASEQ:FASTQ_QC_TRIM_FILTER_SETSTRANDEDNESS:BBMAP_BBSPLIT (RAP1_IAA_30M_REP1); status: COMPLETED; exit: 0; error: -; workDir: /groups/dthain/users/jzhou24/hpds-fa26/project-list/gbcf-nf-core/validation/test-run-sge/work/ee/ed51ad41e707be7def4b90f83839db]
Sep-14 11:30:01.430 [TaskFinalizer-5] DEBUG n.processor.TaskFileCollector - Process `NFCORE_RNASEQ:RNASEQ:FASTQ_QC_TRIM_FILTER_SETSTRANDEDNESS:BBMAP_BBSPLIT (RAP1_IAA_30M_REP1)` is unable to find [UnixPath]: `/groups/dthain/users/jzhou24/hpds-fa26/project-list/gbcf-nf-core/validation/test-run-sge/work/ee/ed51ad41e707be7def4b90f83839db/bbsplit_index` (pattern: `bbsplit_index`)
Sep-14 11:30:01.437 [Task submitter] DEBUG n.executor.local.LocalTaskHandler - Launch cmd line: /bin/bash -ue .command.run
Sep-14 11:30:01.437 [Task submitter] INFO  nextflow.Session - [3f/e07aaf] Submitted process > NFCORE_RNASEQ:RNASEQ:FASTQ_QC_TRIM_FILTER_SETSTRANDEDNESS:FQ_LINT_AFTER_BBSPLIT (RAP1_UNINDUCED_REP2)
Sep-14 11:30:01.440 [TaskFinalizer-5] DEBUG nextflow.processor.TaskProcessor - Process NFCORE_RNASEQ:RNASEQ:FASTQ_QC_TRIM_FILTER_SETSTRANDEDNESS:BBMAP_BBSPLIT > Skipping output binding because one or more optional files are missing: fileoutparam<0>
Sep-14 11:30:01.455 [Task submitter] DEBUG n.executor.local.LocalTaskHandler - Launch cmd line: /bin/bash -ue .command.run
Sep-14 11:30:01.455 [Task submitter] INFO  nextflow.Session - [fe/0db5c8] Submitted process > NFCORE_RNASEQ:RNASEQ:FASTQ_QC_TRIM_FILTER_SETSTRANDEDNESS:FQ_LINT_AFTER_BBSPLIT (WT_REP1)
Sep-14 11:30:01.929 [Task monitor] DEBUG n.processor.TaskPollingMonitor - Task completed > TaskHandler[id: 37; name: NFCORE_RNASEQ:RNASEQ:FASTQ_QC_TRIM_FILTER_SETSTRANDEDNESS:FQ_LINT_AFTER_BBSPLIT (RAP1_UNINDUCED_REP2); status: COMPLETED; exit: 0; error: -; workDir: /groups/dthain/users/jzhou24/hpds-fa26/project-list/gbcf-nf-core/validation/test-run-sge/work/3f/e07aaf7ae749aa3837a1abf2d3cfd3]
Sep-14 11:30:01.943 [Task monitor] DEBUG n.processor.TaskPollingMonitor - Task completed > TaskHandler[id: 32; name: NFCORE_RNASEQ:RNASEQ:FASTQ_QC_TRIM_FILTER_SETSTRANDEDNESS:BBMAP_BBSPLIT (RAP1_UNINDUCED_REP1); status: COMPLETED; exit: 0; error: -; workDir: /groups/dthain/users/jzhou24/hpds-fa26/project-list/gbcf-nf-core/validation/test-run-sge/work/49/2e3151958f72f07238cac9db95f371]
Sep-14 11:30:01.944 [TaskFinalizer-7] DEBUG n.processor.TaskFileCollector - Process `NFCORE_RNASEQ:RNASEQ:FASTQ_QC_TRIM_FILTER_SETSTRANDEDNESS:BBMAP_BBSPLIT (RAP1_UNINDUCED_REP1)` is unable to find [UnixPath]: `/groups/dthain/users/jzhou24/hpds-fa26/project-list/gbcf-nf-core/validation/test-run-sge/work/49/2e3151958f72f07238cac9db95f371/bbsplit_index` (pattern: `bbsplit_index`)
Sep-14 11:30:01.947 [Task submitter] DEBUG n.executor.local.LocalTaskHandler - Launch cmd line: /bin/bash -ue .command.run
Sep-14 11:30:01.947 [Task submitter] INFO  nextflow.Session - [60/68ce07] Submitted process > NFCORE_RNASEQ:RNASEQ:FASTQ_QC_TRIM_FILTER_SETSTRANDEDNESS:FQ_LINT_AFTER_BBSPLIT (WT_REP2)
Sep-14 11:30:01.959 [Task submitter] DEBUG n.executor.local.LocalTaskHandler - Launch cmd line: /bin/bash -ue .command.run
Sep-14 11:30:01.959 [Task submitter] INFO  nextflow.Session - [e9/95c353] Submitted process > NFCORE_RNASEQ:RNASEQ:FASTQ_QC_TRIM_FILTER_SETSTRANDEDNESS:FQ_LINT_AFTER_BBSPLIT (RAP1_IAA_30M_REP1)
Sep-14 11:30:01.965 [TaskFinalizer-7] DEBUG nextflow.processor.TaskProcessor - Process NFCORE_RNASEQ:RNASEQ:FASTQ_QC_TRIM_FILTER_SETSTRANDEDNESS:BBMAP_BBSPLIT > Skipping output binding because one or more optional files are missing: fileoutparam<0>
Sep-14 11:30:01.968 [Actor Thread 2] DEBUG nextflow.container.SingularityCache - Apptainer found local store for image=docker://quay.io/biocontainers/salmon:1.10.3--h6dccd9a_2; path=/groups/dthain/users/jzhou24/hpds-fa26/project-list/gbcf-nf-core/.apptainer/quay.io-biocontainers-salmon-1.10.3--h6dccd9a_2.img
Sep-14 11:30:01.977 [Task submitter] DEBUG n.executor.local.LocalTaskHandler - Launch cmd line: /bin/bash -ue .command.run
Sep-14 11:30:01.977 [Task submitter] INFO  nextflow.Session - [dd/c4be0e] Submitted process > NFCORE_RNASEQ:RNASEQ:FASTQ_QC_TRIM_FILTER_SETSTRANDEDNESS:FASTQC_FILTERED (RAP1_UNINDUCED_REP2)
Sep-14 11:30:02.214 [Task monitor] DEBUG n.processor.TaskPollingMonitor - Task completed > TaskHandler[id: 38; name: NFCORE_RNASEQ:RNASEQ:FASTQ_QC_TRIM_FILTER_SETSTRANDEDNESS:FQ_LINT_AFTER_BBSPLIT (WT_REP1); status: COMPLETED; exit: 0; error: -; workDir: /groups/dthain/users/jzhou24/hpds-fa26/project-list/gbcf-nf-core/validation/test-run-sge/work/fe/0db5c86e06a631ffa89f61212544e4]
Sep-14 11:30:02.224 [Task submitter] DEBUG n.executor.local.LocalTaskHandler - Launch cmd line: /bin/bash -ue .command.run
Sep-14 11:30:02.224 [Task submitter] INFO  nextflow.Session - [e5/514391] Submitted process > NFCORE_RNASEQ:RNASEQ:FASTQ_QC_TRIM_FILTER_SETSTRANDEDNESS:FQ_LINT_AFTER_BBSPLIT (RAP1_UNINDUCED_REP1)
Sep-14 11:30:02.225 [Actor Thread 15] DEBUG nextflow.Nextflow - FQ/SUBSAMPLE found 2 FASTQ files
Sep-14 11:30:02.495 [Task monitor] DEBUG n.processor.TaskPollingMonitor - Task completed > TaskHandler[id: 39; name: NFCORE_RNASEQ:RNASEQ:FASTQ_QC_TRIM_FILTER_SETSTRANDEDNESS:FQ_LINT_AFTER_BBSPLIT (WT_REP2); status: COMPLETED; exit: 0; error: -; workDir: /groups/dthain/users/jzhou24/hpds-fa26/project-list/gbcf-nf-core/validation/test-run-sge/work/60/68ce07f8996c3713d086aed52b0eb2]
Sep-14 11:30:02.495 [Task monitor] DEBUG n.processor.TaskPollingMonitor - Task completed > TaskHandler[id: 40; name: NFCORE_RNASEQ:RNASEQ:FASTQ_QC_TRIM_FILTER_SETSTRANDEDNESS:FQ_LINT_AFTER_BBSPLIT (RAP1_IAA_30M_REP1); status: COMPLETED; exit: 0; error: -; workDir: /groups/dthain/users/jzhou24/hpds-fa26/project-list/gbcf-nf-core/validation/test-run-sge/work/e9/95c35352affd8d757065fe32d28306]
Sep-14 11:30:02.504 [Task submitter] DEBUG n.executor.local.LocalTaskHandler - Launch cmd line: /bin/bash -ue .command.run
Sep-14 11:30:02.505 [Task submitter] INFO  nextflow.Session - [1f/93cfc4] Submitted process > NFCORE_RNASEQ:RNASEQ:QUANTIFY_PSEUDO_ALIGNMENT:SALMON_QUANT (RAP1_UNINDUCED_REP2)
Sep-14 11:30:02.663 [Task monitor] DEBUG n.processor.TaskPollingMonitor - Task completed > TaskHandler[id: 44; name: NFCORE_RNASEQ:RNASEQ:FASTQ_QC_TRIM_FILTER_SETSTRANDEDNESS:FQ_LINT_AFTER_BBSPLIT (RAP1_UNINDUCED_REP1); status: COMPLETED; exit: 0; error: -; workDir: /groups/dthain/users/jzhou24/hpds-fa26/project-list/gbcf-nf-core/validation/test-run-sge/work/e5/514391c03bb0e14063c98c1c8a94cf]
Sep-14 11:30:02.671 [Task submitter] DEBUG n.executor.local.LocalTaskHandler - Launch cmd line: /bin/bash -ue .command.run
Sep-14 11:30:02.671 [Task submitter] INFO  nextflow.Session - [b4/009852] Submitted process > NFCORE_RNASEQ:RNASEQ:FASTQ_QC_TRIM_FILTER_SETSTRANDEDNESS:FASTQC_FILTERED (WT_REP1)
Sep-14 11:30:04.281 [Task monitor] DEBUG n.processor.TaskPollingMonitor - Task completed > TaskHandler[id: 42; name: NFCORE_RNASEQ:RNASEQ:QUANTIFY_PSEUDO_ALIGNMENT:SALMON_QUANT (RAP1_UNINDUCED_REP2); status: COMPLETED; exit: 0; error: -; workDir: /groups/dthain/users/jzhou24/hpds-fa26/project-list/gbcf-nf-core/validation/test-run-sge/work/1f/93cfc4e2da9ea660a4f17b18002415]
Sep-14 11:30:04.293 [Task submitter] DEBUG n.executor.local.LocalTaskHandler - Launch cmd line: /bin/bash -ue .command.run
Sep-14 11:30:04.294 [Task submitter] INFO  nextflow.Session - [51/171cfe] Submitted process > NFCORE_RNASEQ:RNASEQ:ALIGN_STAR:STAR_ALIGN (RAP1_UNINDUCED_REP2)
Sep-14 11:30:04.355 [Actor Thread 11] DEBUG nextflow.container.SingularityCache - Apptainer found local store for image=docker://quay.io/biocontainers/python:3.10.4; path=/groups/dthain/users/jzhou24/hpds-fa26/project-list/gbcf-nf-core/.apptainer/quay.io-biocontainers-python-3.10.4.img
Sep-14 11:30:06.033 [Task monitor] DEBUG n.processor.TaskPollingMonitor - Task completed > TaskHandler[id: 41; name: NFCORE_RNASEQ:RNASEQ:FASTQ_QC_TRIM_FILTER_SETSTRANDEDNESS:FASTQC_FILTERED (RAP1_UNINDUCED_REP2); status: COMPLETED; exit: 0; error: -; workDir: /groups/dthain/users/jzhou24/hpds-fa26/project-list/gbcf-nf-core/validation/test-run-sge/work/dd/c4be0e0aa85a48b91a67f9a136731b]
Sep-14 11:30:06.046 [Task submitter] DEBUG n.executor.local.LocalTaskHandler - Launch cmd line: /bin/bash -ue .command.run
Sep-14 11:30:06.046 [Task submitter] INFO  nextflow.Session - [56/0bda9f] Submitted process > NFCORE_RNASEQ:RNASEQ:FASTQ_QC_TRIM_FILTER_SETSTRANDEDNESS:FASTQ_SUBSAMPLE_FQ_SALMON:FQ_SUBSAMPLE (WT_REP1)
Sep-14 11:30:06.056 [Task submitter] DEBUG n.executor.local.LocalTaskHandler - Launch cmd line: /bin/bash -ue .command.run
Sep-14 11:30:06.057 [Task submitter] INFO  nextflow.Session - [0c/0a4b4f] Submitted process > NFCORE_RNASEQ:RNASEQ:QUANTIFY_PSEUDO_ALIGNMENT:QUANT_TXIMPORT_SUMMARIZEDEXPERIMENT:CUSTOM_TX2GENE (null)
Sep-14 11:30:06.680 [Task monitor] DEBUG n.processor.TaskPollingMonitor - Task completed > TaskHandler[id: 56; name: NFCORE_RNASEQ:RNASEQ:QUANTIFY_PSEUDO_ALIGNMENT:QUANT_TXIMPORT_SUMMARIZEDEXPERIMENT:CUSTOM_TX2GENE (null); status: COMPLETED; exit: 0; error: -; workDir: /groups/dthain/users/jzhou24/hpds-fa26/project-list/gbcf-nf-core/validation/test-run-sge/work/0c/0a4b4f7783d4091a4158f3a414fe3f]
Sep-14 11:30:06.701 [Task monitor] DEBUG n.processor.TaskPollingMonitor - Task completed > TaskHandler[id: 45; name: NFCORE_RNASEQ:RNASEQ:FASTQ_QC_TRIM_FILTER_SETSTRANDEDNESS:FASTQC_FILTERED (WT_REP1); status: COMPLETED; exit: 0; error: -; workDir: /groups/dthain/users/jzhou24/hpds-fa26/project-list/gbcf-nf-core/validation/test-run-sge/work/b4/0098526aecf8bb8dbee5a8ca5742a8]
Sep-14 11:30:06.712 [Task submitter] DEBUG n.executor.local.LocalTaskHandler - Launch cmd line: /bin/bash -ue .command.run
Sep-14 11:30:06.712 [Task submitter] INFO  nextflow.Session - [1f/19db38] Submitted process > NFCORE_RNASEQ:RNASEQ:FASTQ_QC_TRIM_FILTER_SETSTRANDEDNESS:FASTQC_FILTERED (RAP1_IAA_30M_REP1)
Sep-14 11:30:10.683 [Task monitor] DEBUG n.processor.TaskPollingMonitor - Task completed > TaskHandler[id: 50; name: NFCORE_RNASEQ:RNASEQ:FASTQ_QC_TRIM_FILTER_SETSTRANDEDNESS:FASTQC_FILTERED (RAP1_IAA_30M_REP1); status: COMPLETED; exit: 0; error: -; workDir: /groups/dthain/users/jzhou24/hpds-fa26/project-list/gbcf-nf-core/validation/test-run-sge/work/1f/19db381de26a0532468a285b3af87a]
Sep-14 11:30:10.690 [Task submitter] DEBUG n.executor.local.LocalTaskHandler - Launch cmd line: /bin/bash -ue .command.run
Sep-14 11:30:10.691 [Task submitter] INFO  nextflow.Session - [41/ff5800] Submitted process > NFCORE_RNASEQ:RNASEQ:FASTQ_QC_TRIM_FILTER_SETSTRANDEDNESS:FASTQC_FILTERED (WT_REP2)
Sep-14 11:30:11.511 [Task monitor] DEBUG n.processor.TaskPollingMonitor - Task completed > TaskHandler[id: 46; name: NFCORE_RNASEQ:RNASEQ:FASTQ_QC_TRIM_FILTER_SETSTRANDEDNESS:FASTQ_SUBSAMPLE_FQ_SALMON:FQ_SUBSAMPLE (WT_REP1); status: COMPLETED; exit: 0; error: -; workDir: /groups/dthain/users/jzhou24/hpds-fa26/project-list/gbcf-nf-core/validation/test-run-sge/work/56/0bda9fee48ef4a1c4e149fae02fe30]
Sep-14 11:30:11.526 [Task submitter] DEBUG n.executor.local.LocalTaskHandler - Launch cmd line: /bin/bash -ue .command.run
Sep-14 11:30:11.527 [Task submitter] INFO  nextflow.Session - [2c/54ce33] Submitted process > NFCORE_RNASEQ:RNASEQ:FASTQ_QC_TRIM_FILTER_SETSTRANDEDNESS:FASTQC_FILTERED (RAP1_UNINDUCED_REP1)
Sep-14 11:30:11.640 [FileTransfer-5] DEBUG nextflow.file.FilePorter - Copying foreign file https://raw.githubusercontent.com/nf-core/test-datasets/626c8fab639062eade4b10747e919341cbf9b41a/reference/transcriptome.fasta to work dir: /groups/dthain/users/jzhou24/hpds-fa26/project-list/gbcf-nf-core/validation/test-run-sge/work/stage-500a9fd0-63f5-4d48-ad6d-8865a90bde0e/8a/4dbcf69186db87573e4131ce07937d/transcriptome.fasta
Sep-14 11:30:14.662 [Task monitor] DEBUG n.processor.TaskPollingMonitor - Task completed > TaskHandler[id: 47; name: NFCORE_RNASEQ:RNASEQ:FASTQ_QC_TRIM_FILTER_SETSTRANDEDNESS:FASTQC_FILTERED (WT_REP2); status: COMPLETED; exit: 0; error: -; workDir: /groups/dthain/users/jzhou24/hpds-fa26/project-list/gbcf-nf-core/validation/test-run-sge/work/41/ff580082ca689b370a2762b122e5de]
Sep-14 11:30:15.530 [Task monitor] DEBUG n.processor.TaskPollingMonitor - Task completed > TaskHandler[id: 53; name: NFCORE_RNASEQ:RNASEQ:FASTQ_QC_TRIM_FILTER_SETSTRANDEDNESS:FASTQC_FILTERED (RAP1_UNINDUCED_REP1); status: COMPLETED; exit: 0; error: -; workDir: /groups/dthain/users/jzhou24/hpds-fa26/project-list/gbcf-nf-core/validation/test-run-sge/work/2c/54ce330c386bad724bf1cd0fc08728]
Sep-14 11:30:15.538 [Task submitter] DEBUG n.executor.local.LocalTaskHandler - Launch cmd line: /bin/bash -ue .command.run
Sep-14 11:30:15.539 [Task submitter] INFO  nextflow.Session - [56/e5ca14] Submitted process > NFCORE_RNASEQ:RNASEQ:QUANTIFY_PSEUDO_ALIGNMENT:SALMON_QUANT (RAP1_IAA_30M_REP1)
Sep-14 11:30:17.082 [Task monitor] DEBUG n.processor.TaskPollingMonitor - Task completed > TaskHandler[id: 51; name: NFCORE_RNASEQ:RNASEQ:QUANTIFY_PSEUDO_ALIGNMENT:SALMON_QUANT (RAP1_IAA_30M_REP1); status: COMPLETED; exit: 0; error: -; workDir: /groups/dthain/users/jzhou24/hpds-fa26/project-list/gbcf-nf-core/validation/test-run-sge/work/56/e5ca1450db8e867074827d40e7a03f]
Sep-14 11:30:17.090 [Task submitter] DEBUG n.executor.local.LocalTaskHandler - Launch cmd line: /bin/bash -ue .command.run
Sep-14 11:30:17.090 [Task submitter] INFO  nextflow.Session - [7d/b8432e] Submitted process > NFCORE_RNASEQ:RNASEQ:QUANTIFY_PSEUDO_ALIGNMENT:SALMON_QUANT (WT_REP2)
Sep-14 11:30:18.332 [Task monitor] DEBUG n.processor.TaskPollingMonitor - Task completed > TaskHandler[id: 48; name: NFCORE_RNASEQ:RNASEQ:QUANTIFY_PSEUDO_ALIGNMENT:SALMON_QUANT (WT_REP2); status: COMPLETED; exit: 0; error: -; workDir: /groups/dthain/users/jzhou24/hpds-fa26/project-list/gbcf-nf-core/validation/test-run-sge/work/7d/b8432e3f09ae2ca535d9b7d3d19ee6]
Sep-14 11:30:18.341 [Task submitter] DEBUG n.executor.local.LocalTaskHandler - Launch cmd line: /bin/bash -ue .command.run
Sep-14 11:30:18.341 [Task submitter] INFO  nextflow.Session - [75/b56728] Submitted process > NFCORE_RNASEQ:RNASEQ:ALIGN_STAR:STAR_ALIGN (WT_REP2)
Sep-14 11:30:26.743 [Task monitor] DEBUG n.processor.TaskPollingMonitor - Task completed > TaskHandler[id: 43; name: NFCORE_RNASEQ:RNASEQ:ALIGN_STAR:STAR_ALIGN (RAP1_UNINDUCED_REP2); status: COMPLETED; exit: 0; error: -; workDir: /groups/dthain/users/jzhou24/hpds-fa26/project-list/gbcf-nf-core/validation/test-run-sge/work/51/171cfe52a5a4af0ce8df98caa1fa5d]
Sep-14 11:30:26.753 [Task submitter] DEBUG n.executor.local.LocalTaskHandler - Launch cmd line: /bin/bash -ue .command.run
Sep-14 11:30:26.753 [Task submitter] INFO  nextflow.Session - [30/42b7a2] Submitted process > NFCORE_RNASEQ:RNASEQ:ALIGN_STAR:STAR_ALIGN (RAP1_IAA_30M_REP1)
Sep-14 11:30:26.760 [TaskFinalizer-3] DEBUG n.processor.TaskFileCollector - Process `NFCORE_RNASEQ:RNASEQ:ALIGN_STAR:STAR_ALIGN (RAP1_UNINDUCED_REP2)` is unable to find [UnixPath]: `/groups/dthain/users/jzhou24/hpds-fa26/project-list/gbcf-nf-core/validation/test-run-sge/work/51/171cfe52a5a4af0ce8df98caa1fa5d/RAP1_UNINDUCED_REP2.sortedByCoord.out.bam` (pattern: `RAP1_UNINDUCED_REP2.sortedByCoord.out.bam`)
Sep-14 11:30:26.761 [TaskFinalizer-3] DEBUG n.processor.TaskFileCollector - Process `NFCORE_RNASEQ:RNASEQ:ALIGN_STAR:STAR_ALIGN (RAP1_UNINDUCED_REP2)` is unable to find [UnixPath]: `/groups/dthain/users/jzhou24/hpds-fa26/project-list/gbcf-nf-core/validation/test-run-sge/work/51/171cfe52a5a4af0ce8df98caa1fa5d/RAP1_UNINDUCED_REP2.Aligned.sortedByCoord.out.bam` (pattern: `RAP1_UNINDUCED_REP2.Aligned.sortedByCoord.out.bam`)
Sep-14 11:30:26.787 [TaskFinalizer-3] DEBUG nextflow.processor.TaskProcessor - Process NFCORE_RNASEQ:RNASEQ:ALIGN_STAR:STAR_ALIGN > Skipping output binding because one or more optional files are missing: fileoutparam<7:1>
Sep-14 11:30:26.787 [TaskFinalizer-3] DEBUG nextflow.processor.TaskProcessor - Process NFCORE_RNASEQ:RNASEQ:ALIGN_STAR:STAR_ALIGN > Skipping output binding because one or more optional files are missing: fileoutparam<8:1>
Sep-14 11:30:26.787 [TaskFinalizer-3] DEBUG nextflow.processor.TaskProcessor - Process NFCORE_RNASEQ:RNASEQ:ALIGN_STAR:STAR_ALIGN > Skipping output binding because one or more optional files are missing: fileoutparam<10:1>
Sep-14 11:30:26.787 [TaskFinalizer-3] DEBUG nextflow.processor.TaskProcessor - Process NFCORE_RNASEQ:RNASEQ:ALIGN_STAR:STAR_ALIGN > Skipping output binding because one or more optional files are missing: fileoutparam<11:1>
Sep-14 11:30:26.787 [TaskFinalizer-3] DEBUG nextflow.processor.TaskProcessor - Process NFCORE_RNASEQ:RNASEQ:ALIGN_STAR:STAR_ALIGN > Skipping output binding because one or more optional files are missing: fileoutparam<14:1>
Sep-14 11:30:26.787 [TaskFinalizer-3] DEBUG nextflow.processor.TaskProcessor - Process NFCORE_RNASEQ:RNASEQ:ALIGN_STAR:STAR_ALIGN > Skipping output binding because one or more optional files are missing: fileoutparam<15:1>
Sep-14 11:30:26.787 [TaskFinalizer-3] DEBUG nextflow.processor.TaskProcessor - Process NFCORE_RNASEQ:RNASEQ:ALIGN_STAR:STAR_ALIGN > Skipping output binding because one or more optional files are missing: fileoutparam<16:1>
Sep-14 11:30:26.787 [TaskFinalizer-3] DEBUG nextflow.processor.TaskProcessor - Process NFCORE_RNASEQ:RNASEQ:ALIGN_STAR:STAR_ALIGN > Skipping output binding because one or more optional files are missing: fileoutparam<17:1>
Sep-14 11:30:26.787 [TaskFinalizer-3] DEBUG nextflow.processor.TaskProcessor - Process NFCORE_RNASEQ:RNASEQ:ALIGN_STAR:STAR_ALIGN > Skipping output binding because one or more optional files are missing: fileoutparam<18:1>
Sep-14 11:31:38.874 [Task monitor] DEBUG n.processor.TaskPollingMonitor - Task completed > TaskHandler[id: 49; name: NFCORE_RNASEQ:RNASEQ:ALIGN_STAR:STAR_ALIGN (WT_REP2); status: COMPLETED; exit: 0; error: -; workDir: /groups/dthain/users/jzhou24/hpds-fa26/project-list/gbcf-nf-core/validation/test-run-sge/work/75/b56728de879142af01fc12377e7381]
Sep-14 11:31:38.885 [Task submitter] DEBUG n.executor.local.LocalTaskHandler - Launch cmd line: /bin/bash -ue .command.run
Sep-14 11:31:38.886 [Task submitter] INFO  nextflow.Session - [35/ded4e2] Submitted process > NFCORE_RNASEQ:RNASEQ:ALIGN_STAR:STAR_ALIGN (RAP1_UNINDUCED_REP1)
Sep-14 11:31:38.892 [TaskFinalizer-1] DEBUG n.processor.TaskFileCollector - Process `NFCORE_RNASEQ:RNASEQ:ALIGN_STAR:STAR_ALIGN (WT_REP2)` is unable to find [UnixPath]: `/groups/dthain/users/jzhou24/hpds-fa26/project-list/gbcf-nf-core/validation/test-run-sge/work/75/b56728de879142af01fc12377e7381/WT_REP2.sortedByCoord.out.bam` (pattern: `WT_REP2.sortedByCoord.out.bam`)
Sep-14 11:31:38.892 [TaskFinalizer-1] DEBUG n.processor.TaskFileCollector - Process `NFCORE_RNASEQ:RNASEQ:ALIGN_STAR:STAR_ALIGN (WT_REP2)` is unable to find [UnixPath]: `/groups/dthain/users/jzhou24/hpds-fa26/project-list/gbcf-nf-core/validation/test-run-sge/work/75/b56728de879142af01fc12377e7381/WT_REP2.Aligned.sortedByCoord.out.bam` (pattern: `WT_REP2.Aligned.sortedByCoord.out.bam`)
Sep-14 11:31:38.926 [TaskFinalizer-1] DEBUG nextflow.processor.TaskProcessor - Process NFCORE_RNASEQ:RNASEQ:ALIGN_STAR:STAR_ALIGN > Skipping output binding because one or more optional files are missing: fileoutparam<7:1>
Sep-14 11:31:38.926 [TaskFinalizer-1] DEBUG nextflow.processor.TaskProcessor - Process NFCORE_RNASEQ:RNASEQ:ALIGN_STAR:STAR_ALIGN > Skipping output binding because one or more optional files are missing: fileoutparam<8:1>
Sep-14 11:31:38.927 [TaskFinalizer-1] DEBUG nextflow.processor.TaskProcessor - Process NFCORE_RNASEQ:RNASEQ:ALIGN_STAR:STAR_ALIGN > Skipping output binding because one or more optional files are missing: fileoutparam<10:1>
Sep-14 11:31:38.927 [TaskFinalizer-1] DEBUG nextflow.processor.TaskProcessor - Process NFCORE_RNASEQ:RNASEQ:ALIGN_STAR:STAR_ALIGN > Skipping output binding because one or more optional files are missing: fileoutparam<11:1>
Sep-14 11:31:38.927 [TaskFinalizer-1] DEBUG nextflow.processor.TaskProcessor - Process NFCORE_RNASEQ:RNASEQ:ALIGN_STAR:STAR_ALIGN > Skipping output binding because one or more optional files are missing: fileoutparam<14:1>
Sep-14 11:31:38.927 [TaskFinalizer-1] DEBUG nextflow.processor.TaskProcessor - Process NFCORE_RNASEQ:RNASEQ:ALIGN_STAR:STAR_ALIGN > Skipping output binding because one or more optional files are missing: fileoutparam<15:1>
Sep-14 11:31:38.927 [TaskFinalizer-1] DEBUG nextflow.processor.TaskProcessor - Process NFCORE_RNASEQ:RNASEQ:ALIGN_STAR:STAR_ALIGN > Skipping output binding because one or more optional files are missing: fileoutparam<16:1>
Sep-14 11:31:38.927 [TaskFinalizer-1] DEBUG nextflow.processor.TaskProcessor - Process NFCORE_RNASEQ:RNASEQ:ALIGN_STAR:STAR_ALIGN > Skipping output binding because one or more optional files are missing: fileoutparam<17:1>
Sep-14 11:31:38.927 [TaskFinalizer-1] DEBUG nextflow.processor.TaskProcessor - Process NFCORE_RNASEQ:RNASEQ:ALIGN_STAR:STAR_ALIGN > Skipping output binding because one or more optional files are missing: fileoutparam<18:1>
Sep-14 11:31:45.163 [Task monitor] DEBUG n.processor.TaskPollingMonitor - Task completed > TaskHandler[id: 52; name: NFCORE_RNASEQ:RNASEQ:ALIGN_STAR:STAR_ALIGN (RAP1_IAA_30M_REP1); status: COMPLETED; exit: 0; error: -; workDir: /groups/dthain/users/jzhou24/hpds-fa26/project-list/gbcf-nf-core/validation/test-run-sge/work/30/42b7a2621f69020180d9e4b58900ee]
Sep-14 11:31:45.173 [Task submitter] DEBUG n.executor.local.LocalTaskHandler - Launch cmd line: /bin/bash -ue .command.run
Sep-14 11:31:45.173 [Task submitter] INFO  nextflow.Session - [38/124217] Submitted process > NFCORE_RNASEQ:RNASEQ:QUANTIFY_PSEUDO_ALIGNMENT:SALMON_QUANT (RAP1_UNINDUCED_REP1)
Sep-14 11:31:45.186 [TaskFinalizer-4] DEBUG n.processor.TaskFileCollector - Process `NFCORE_RNASEQ:RNASEQ:ALIGN_STAR:STAR_ALIGN (RAP1_IAA_30M_REP1)` is unable to find [UnixPath]: `/groups/dthain/users/jzhou24/hpds-fa26/project-list/gbcf-nf-core/validation/test-run-sge/work/30/42b7a2621f69020180d9e4b58900ee/RAP1_IAA_30M_REP1.sortedByCoord.out.bam` (pattern: `RAP1_IAA_30M_REP1.sortedByCoord.out.bam`)
Sep-14 11:31:45.187 [TaskFinalizer-4] DEBUG n.processor.TaskFileCollector - Process `NFCORE_RNASEQ:RNASEQ:ALIGN_STAR:STAR_ALIGN (RAP1_IAA_30M_REP1)` is unable to find [UnixPath]: `/groups/dthain/users/jzhou24/hpds-fa26/project-list/gbcf-nf-core/validation/test-run-sge/work/30/42b7a2621f69020180d9e4b58900ee/RAP1_IAA_30M_REP1.Aligned.sortedByCoord.out.bam` (pattern: `RAP1_IAA_30M_REP1.Aligned.sortedByCoord.out.bam`)
Sep-14 11:31:45.220 [TaskFinalizer-4] DEBUG nextflow.processor.TaskProcessor - Process NFCORE_RNASEQ:RNASEQ:ALIGN_STAR:STAR_ALIGN > Skipping output binding because one or more optional files are missing: fileoutparam<7:1>
Sep-14 11:31:45.220 [TaskFinalizer-4] DEBUG nextflow.processor.TaskProcessor - Process NFCORE_RNASEQ:RNASEQ:ALIGN_STAR:STAR_ALIGN > Skipping output binding because one or more optional files are missing: fileoutparam<8:1>
Sep-14 11:31:45.220 [TaskFinalizer-4] DEBUG nextflow.processor.TaskProcessor - Process NFCORE_RNASEQ:RNASEQ:ALIGN_STAR:STAR_ALIGN > Skipping output binding because one or more optional files are missing: fileoutparam<10:1>
Sep-14 11:31:45.220 [TaskFinalizer-4] DEBUG nextflow.processor.TaskProcessor - Process NFCORE_RNASEQ:RNASEQ:ALIGN_STAR:STAR_ALIGN > Skipping output binding because one or more optional files are missing: fileoutparam<11:1>
Sep-14 11:31:45.220 [TaskFinalizer-4] DEBUG nextflow.processor.TaskProcessor - Process NFCORE_RNASEQ:RNASEQ:ALIGN_STAR:STAR_ALIGN > Skipping output binding because one or more optional files are missing: fileoutparam<14:1>
Sep-14 11:31:45.220 [TaskFinalizer-4] DEBUG nextflow.processor.TaskProcessor - Process NFCORE_RNASEQ:RNASEQ:ALIGN_STAR:STAR_ALIGN > Skipping output binding because one or more optional files are missing: fileoutparam<15:1>
Sep-14 11:31:45.220 [TaskFinalizer-4] DEBUG nextflow.processor.TaskProcessor - Process NFCORE_RNASEQ:RNASEQ:ALIGN_STAR:STAR_ALIGN > Skipping output binding because one or more optional files are missing: fileoutparam<16:1>
Sep-14 11:31:45.220 [TaskFinalizer-4] DEBUG nextflow.processor.TaskProcessor - Process NFCORE_RNASEQ:RNASEQ:ALIGN_STAR:STAR_ALIGN > Skipping output binding because one or more optional files are missing: fileoutparam<17:1>
Sep-14 11:31:45.220 [TaskFinalizer-4] DEBUG nextflow.processor.TaskProcessor - Process NFCORE_RNASEQ:RNASEQ:ALIGN_STAR:STAR_ALIGN > Skipping output binding because one or more optional files are missing: fileoutparam<18:1>
Sep-14 11:31:46.594 [Task monitor] DEBUG n.processor.TaskPollingMonitor - Task completed > TaskHandler[id: 55; name: NFCORE_RNASEQ:RNASEQ:QUANTIFY_PSEUDO_ALIGNMENT:SALMON_QUANT (RAP1_UNINDUCED_REP1); status: COMPLETED; exit: 0; error: -; workDir: /groups/dthain/users/jzhou24/hpds-fa26/project-list/gbcf-nf-core/validation/test-run-sge/work/38/12421790eee6015f16edfc9b7784a9]
Sep-14 11:31:46.604 [Task submitter] DEBUG n.executor.local.LocalTaskHandler - Launch cmd line: /bin/bash -ue .command.run
Sep-14 11:31:46.604 [Task submitter] INFO  nextflow.Session - [d4/9ec694] Submitted process > NFCORE_RNASEQ:RNASEQ:FASTQ_QC_TRIM_FILTER_SETSTRANDEDNESS:FASTQ_SUBSAMPLE_FQ_SALMON:SALMON_QUANT (WT_REP1)
Sep-14 11:31:48.206 [Task monitor] DEBUG n.processor.TaskPollingMonitor - Task completed > TaskHandler[id: 57; name: NFCORE_RNASEQ:RNASEQ:FASTQ_QC_TRIM_FILTER_SETSTRANDEDNESS:FASTQ_SUBSAMPLE_FQ_SALMON:SALMON_QUANT (WT_REP1); status: COMPLETED; exit: 0; error: -; workDir: /groups/dthain/users/jzhou24/hpds-fa26/project-list/gbcf-nf-core/validation/test-run-sge/work/d4/9ec694448f2935d9f28486d8580276]
Sep-14 11:31:48.215 [Task submitter] DEBUG n.executor.local.LocalTaskHandler - Launch cmd line: /bin/bash -ue .command.run
Sep-14 11:31:48.215 [Task submitter] INFO  nextflow.Session - [c9/886ba5] Submitted process > NFCORE_RNASEQ:RNASEQ:ALIGN_STAR:BAM_SORT_STATS_SAMTOOLS:SAMTOOLS_SORT (RAP1_UNINDUCED_REP2)
Sep-14 11:31:48.812 [Task monitor] DEBUG n.processor.TaskPollingMonitor - Task completed > TaskHandler[id: 58; name: NFCORE_RNASEQ:RNASEQ:ALIGN_STAR:BAM_SORT_STATS_SAMTOOLS:SAMTOOLS_SORT (RAP1_UNINDUCED_REP2); status: COMPLETED; exit: 0; error: -; workDir: /groups/dthain/users/jzhou24/hpds-fa26/project-list/gbcf-nf-core/validation/test-run-sge/work/c9/886ba5e41695ed155efc88ad2aa11f]
Sep-14 11:31:48.814 [TaskFinalizer-7] DEBUG n.processor.TaskFileCollector - Process `NFCORE_RNASEQ:RNASEQ:ALIGN_STAR:BAM_SORT_STATS_SAMTOOLS:SAMTOOLS_SORT (RAP1_UNINDUCED_REP2)` is unable to find [UnixPath]: `/groups/dthain/users/jzhou24/hpds-fa26/project-list/gbcf-nf-core/validation/test-run-sge/work/c9/886ba5e41695ed155efc88ad2aa11f/RAP1_UNINDUCED_REP2.sorted.cram` (pattern: `RAP1_UNINDUCED_REP2.sorted.cram`)
Sep-14 11:31:48.815 [TaskFinalizer-7] DEBUG n.processor.TaskFileCollector - Process `NFCORE_RNASEQ:RNASEQ:ALIGN_STAR:BAM_SORT_STATS_SAMTOOLS:SAMTOOLS_SORT (RAP1_UNINDUCED_REP2)` is unable to find [UnixPath]: `/groups/dthain/users/jzhou24/hpds-fa26/project-list/gbcf-nf-core/validation/test-run-sge/work/c9/886ba5e41695ed155efc88ad2aa11f/RAP1_UNINDUCED_REP2.sorted.sam` (pattern: `RAP1_UNINDUCED_REP2.sorted.sam`)
Sep-14 11:31:48.821 [Task submitter] DEBUG n.executor.local.LocalTaskHandler - Launch cmd line: /bin/bash -ue .command.run
Sep-14 11:31:48.821 [TaskFinalizer-7] DEBUG nextflow.processor.TaskProcessor - Process NFCORE_RNASEQ:RNASEQ:ALIGN_STAR:BAM_SORT_STATS_SAMTOOLS:SAMTOOLS_SORT > Skipping output binding because one or more optional files are missing: fileoutparam<1:1>
Sep-14 11:31:48.821 [TaskFinalizer-7] DEBUG nextflow.processor.TaskProcessor - Process NFCORE_RNASEQ:RNASEQ:ALIGN_STAR:BAM_SORT_STATS_SAMTOOLS:SAMTOOLS_SORT > Skipping output binding because one or more optional files are missing: fileoutparam<2:1>
Sep-14 11:31:48.821 [Task submitter] INFO  nextflow.Session - [62/b37ce7] Submitted process > NFCORE_RNASEQ:RNASEQ:QUANTIFY_BAM_SALMON:SALMON_QUANT (RAP1_UNINDUCED_REP2)
Sep-14 11:31:48.821 [TaskFinalizer-7] DEBUG nextflow.processor.TaskProcessor - Process NFCORE_RNASEQ:RNASEQ:ALIGN_STAR:BAM_SORT_STATS_SAMTOOLS:SAMTOOLS_SORT > Skipping output binding because one or more optional files are missing: fileoutparam<3:1>
Sep-14 11:31:50.335 [Task monitor] DEBUG n.processor.TaskPollingMonitor - Task completed > TaskHandler[id: 54; name: NFCORE_RNASEQ:RNASEQ:ALIGN_STAR:STAR_ALIGN (RAP1_UNINDUCED_REP1); status: COMPLETED; exit: 0; error: -; workDir: /groups/dthain/users/jzhou24/hpds-fa26/project-list/gbcf-nf-core/validation/test-run-sge/work/35/ded4e2c65a43b6f38854631116457a]
Sep-14 11:31:50.343 [Task submitter] DEBUG n.executor.local.LocalTaskHandler - Launch cmd line: /bin/bash -ue .command.run
Sep-14 11:31:50.343 [Task submitter] INFO  nextflow.Session - [dd/2ead03] Submitted process > NFCORE_RNASEQ:RNASEQ:ALIGN_STAR:BAM_SORT_STATS_SAMTOOLS:SAMTOOLS_SORT (WT_REP2)
Sep-14 11:31:50.356 [TaskFinalizer-8] DEBUG n.processor.TaskFileCollector - Process `NFCORE_RNASEQ:RNASEQ:ALIGN_STAR:STAR_ALIGN (RAP1_UNINDUCED_REP1)` is unable to find [UnixPath]: `/groups/dthain/users/jzhou24/hpds-fa26/project-list/gbcf-nf-core/validation/test-run-sge/work/35/ded4e2c65a43b6f38854631116457a/RAP1_UNINDUCED_REP1.sortedByCoord.out.bam` (pattern: `RAP1_UNINDUCED_REP1.sortedByCoord.out.bam`)
Sep-14 11:31:50.356 [TaskFinalizer-8] DEBUG n.processor.TaskFileCollector - Process `NFCORE_RNASEQ:RNASEQ:ALIGN_STAR:STAR_ALIGN (RAP1_UNINDUCED_REP1)` is unable to find [UnixPath]: `/groups/dthain/users/jzhou24/hpds-fa26/project-list/gbcf-nf-core/validation/test-run-sge/work/35/ded4e2c65a43b6f38854631116457a/RAP1_UNINDUCED_REP1.Aligned.sortedByCoord.out.bam` (pattern: `RAP1_UNINDUCED_REP1.Aligned.sortedByCoord.out.bam`)
Sep-14 11:31:50.382 [TaskFinalizer-8] DEBUG nextflow.processor.TaskProcessor - Process NFCORE_RNASEQ:RNASEQ:ALIGN_STAR:STAR_ALIGN > Skipping output binding because one or more optional files are missing: fileoutparam<7:1>
Sep-14 11:31:50.382 [TaskFinalizer-8] DEBUG nextflow.processor.TaskProcessor - Process NFCORE_RNASEQ:RNASEQ:ALIGN_STAR:STAR_ALIGN > Skipping output binding because one or more optional files are missing: fileoutparam<8:1>
Sep-14 11:31:50.383 [TaskFinalizer-8] DEBUG nextflow.processor.TaskProcessor - Process NFCORE_RNASEQ:RNASEQ:ALIGN_STAR:STAR_ALIGN > Skipping output binding because one or more optional files are missing: fileoutparam<10:1>
Sep-14 11:31:50.383 [TaskFinalizer-8] DEBUG nextflow.processor.TaskProcessor - Process NFCORE_RNASEQ:RNASEQ:ALIGN_STAR:STAR_ALIGN > Skipping output binding because one or more optional files are missing: fileoutparam<11:1>
Sep-14 11:31:50.383 [TaskFinalizer-8] DEBUG nextflow.processor.TaskProcessor - Process NFCORE_RNASEQ:RNASEQ:ALIGN_STAR:STAR_ALIGN > Skipping output binding because one or more optional files are missing: fileoutparam<14:1>
Sep-14 11:31:50.383 [TaskFinalizer-8] DEBUG nextflow.processor.TaskProcessor - Process NFCORE_RNASEQ:RNASEQ:ALIGN_STAR:STAR_ALIGN > Skipping output binding because one or more optional files are missing: fileoutparam<15:1>
Sep-14 11:31:50.383 [TaskFinalizer-8] DEBUG nextflow.processor.TaskProcessor - Process NFCORE_RNASEQ:RNASEQ:ALIGN_STAR:STAR_ALIGN > Skipping output binding because one or more optional files are missing: fileoutparam<16:1>
Sep-14 11:31:50.383 [TaskFinalizer-8] DEBUG nextflow.processor.TaskProcessor - Process NFCORE_RNASEQ:RNASEQ:ALIGN_STAR:STAR_ALIGN > Skipping output binding because one or more optional files are missing: fileoutparam<17:1>
Sep-14 11:31:50.383 [TaskFinalizer-8] DEBUG nextflow.processor.TaskProcessor - Process NFCORE_RNASEQ:RNASEQ:ALIGN_STAR:STAR_ALIGN > Skipping output binding because one or more optional files are missing: fileoutparam<18:1>
Sep-14 11:31:50.913 [Task monitor] DEBUG n.processor.TaskPollingMonitor - Task completed > TaskHandler[id: 60; name: NFCORE_RNASEQ:RNASEQ:ALIGN_STAR:BAM_SORT_STATS_SAMTOOLS:SAMTOOLS_SORT (WT_REP2); status: COMPLETED; exit: 0; error: -; workDir: /groups/dthain/users/jzhou24/hpds-fa26/project-list/gbcf-nf-core/validation/test-run-sge/work/dd/2ead032cffd09d442f09c7e9ad073b]
Sep-14 11:31:50.915 [TaskFinalizer-9] DEBUG n.processor.TaskFileCollector - Process `NFCORE_RNASEQ:RNASEQ:ALIGN_STAR:BAM_SORT_STATS_SAMTOOLS:SAMTOOLS_SORT (WT_REP2)` is unable to find [UnixPath]: `/groups/dthain/users/jzhou24/hpds-fa26/project-list/gbcf-nf-core/validation/test-run-sge/work/dd/2ead032cffd09d442f09c7e9ad073b/WT_REP2.sorted.cram` (pattern: `WT_REP2.sorted.cram`)
Sep-14 11:31:50.915 [TaskFinalizer-9] DEBUG n.processor.TaskFileCollector - Process `NFCORE_RNASEQ:RNASEQ:ALIGN_STAR:BAM_SORT_STATS_SAMTOOLS:SAMTOOLS_SORT (WT_REP2)` is unable to find [UnixPath]: `/groups/dthain/users/jzhou24/hpds-fa26/project-list/gbcf-nf-core/validation/test-run-sge/work/dd/2ead032cffd09d442f09c7e9ad073b/WT_REP2.sorted.sam` (pattern: `WT_REP2.sorted.sam`)
Sep-14 11:31:50.920 [TaskFinalizer-9] DEBUG nextflow.processor.TaskProcessor - Process NFCORE_RNASEQ:RNASEQ:ALIGN_STAR:BAM_SORT_STATS_SAMTOOLS:SAMTOOLS_SORT > Skipping output binding because one or more optional files are missing: fileoutparam<1:1>
Sep-14 11:31:50.920 [TaskFinalizer-9] DEBUG nextflow.processor.TaskProcessor - Process NFCORE_RNASEQ:RNASEQ:ALIGN_STAR:BAM_SORT_STATS_SAMTOOLS:SAMTOOLS_SORT > Skipping output binding because one or more optional files are missing: fileoutparam<2:1>
Sep-14 11:31:50.920 [TaskFinalizer-9] DEBUG nextflow.processor.TaskProcessor - Process NFCORE_RNASEQ:RNASEQ:ALIGN_STAR:BAM_SORT_STATS_SAMTOOLS:SAMTOOLS_SORT > Skipping output binding because one or more optional files are missing: fileoutparam<3:1>
Sep-14 11:31:50.922 [Task submitter] DEBUG n.executor.local.LocalTaskHandler - Launch cmd line: /bin/bash -ue .command.run
Sep-14 11:31:50.923 [Task submitter] INFO  nextflow.Session - [80/16dfcd] Submitted process > NFCORE_RNASEQ:RNASEQ:QUANTIFY_BAM_SALMON:SALMON_QUANT (WT_REP2)
Sep-14 11:31:52.041 [Task monitor] DEBUG n.processor.TaskPollingMonitor - Task completed > TaskHandler[id: 59; name: NFCORE_RNASEQ:RNASEQ:QUANTIFY_BAM_SALMON:SALMON_QUANT (RAP1_UNINDUCED_REP2); status: COMPLETED; exit: 0; error: -; workDir: /groups/dthain/users/jzhou24/hpds-fa26/project-list/gbcf-nf-core/validation/test-run-sge/work/62/b37ce7ddb1f13825bdd2e6926ce5c4]
Sep-14 11:31:52.049 [Task submitter] DEBUG n.executor.local.LocalTaskHandler - Launch cmd line: /bin/bash -ue .command.run
Sep-14 11:31:52.049 [Task submitter] INFO  nextflow.Session - [7a/b42b2b] Submitted process > NFCORE_RNASEQ:RNASEQ:ALIGN_STAR:BAM_SORT_STATS_SAMTOOLS:SAMTOOLS_SORT (RAP1_IAA_30M_REP1)
Sep-14 11:31:52.050 [TaskFinalizer-10] DEBUG nextflow.processor.TaskProcessor - Process NFCORE_RNASEQ:RNASEQ:QUANTIFY_BAM_SALMON:SALMON_QUANT > Skipping output binding because one or more optional files are missing: fileoutparam<2:1>
Sep-14 11:31:52.645 [Task monitor] DEBUG n.processor.TaskPollingMonitor - Task completed > TaskHandler[id: 62; name: NFCORE_RNASEQ:RNASEQ:ALIGN_STAR:BAM_SORT_STATS_SAMTOOLS:SAMTOOLS_SORT (RAP1_IAA_30M_REP1); status: COMPLETED; exit: 0; error: -; workDir: /groups/dthain/users/jzhou24/hpds-fa26/project-list/gbcf-nf-core/validation/test-run-sge/work/7a/b42b2bd07d02d9bea9f9d5e474ac51]
Sep-14 11:31:52.647 [TaskFinalizer-2] DEBUG n.processor.TaskFileCollector - Process `NFCORE_RNASEQ:RNASEQ:ALIGN_STAR:BAM_SORT_STATS_SAMTOOLS:SAMTOOLS_SORT (RAP1_IAA_30M_REP1)` is unable to find [UnixPath]: `/groups/dthain/users/jzhou24/hpds-fa26/project-list/gbcf-nf-core/validation/test-run-sge/work/7a/b42b2bd07d02d9bea9f9d5e474ac51/RAP1_IAA_30M_REP1.sorted.cram` (pattern: `RAP1_IAA_30M_REP1.sorted.cram`)
Sep-14 11:31:52.648 [TaskFinalizer-2] DEBUG n.processor.TaskFileCollector - Process `NFCORE_RNASEQ:RNASEQ:ALIGN_STAR:BAM_SORT_STATS_SAMTOOLS:SAMTOOLS_SORT (RAP1_IAA_30M_REP1)` is unable to find [UnixPath]: `/groups/dthain/users/jzhou24/hpds-fa26/project-list/gbcf-nf-core/validation/test-run-sge/work/7a/b42b2bd07d02d9bea9f9d5e474ac51/RAP1_IAA_30M_REP1.sorted.sam` (pattern: `RAP1_IAA_30M_REP1.sorted.sam`)
Sep-14 11:31:52.653 [TaskFinalizer-2] DEBUG nextflow.processor.TaskProcessor - Process NFCORE_RNASEQ:RNASEQ:ALIGN_STAR:BAM_SORT_STATS_SAMTOOLS:SAMTOOLS_SORT > Skipping output binding because one or more optional files are missing: fileoutparam<1:1>
Sep-14 11:31:52.653 [TaskFinalizer-2] DEBUG nextflow.processor.TaskProcessor - Process NFCORE_RNASEQ:RNASEQ:ALIGN_STAR:BAM_SORT_STATS_SAMTOOLS:SAMTOOLS_SORT > Skipping output binding because one or more optional files are missing: fileoutparam<2:1>
Sep-14 11:31:52.653 [TaskFinalizer-2] DEBUG nextflow.processor.TaskProcessor - Process NFCORE_RNASEQ:RNASEQ:ALIGN_STAR:BAM_SORT_STATS_SAMTOOLS:SAMTOOLS_SORT > Skipping output binding because one or more optional files are missing: fileoutparam<3:1>
Sep-14 11:31:52.803 [Task submitter] DEBUG n.executor.local.LocalTaskHandler - Launch cmd line: /bin/bash -ue .command.run
Sep-14 11:31:52.803 [Task submitter] INFO  nextflow.Session - [17/668a0e] Submitted process > NFCORE_RNASEQ:RNASEQ:QUANTIFY_BAM_SALMON:SALMON_QUANT (RAP1_IAA_30M_REP1)
Sep-14 11:31:54.152 [Task monitor] DEBUG n.processor.TaskPollingMonitor - Task completed > TaskHandler[id: 61; name: NFCORE_RNASEQ:RNASEQ:QUANTIFY_BAM_SALMON:SALMON_QUANT (WT_REP2); status: COMPLETED; exit: 0; error: -; workDir: /groups/dthain/users/jzhou24/hpds-fa26/project-list/gbcf-nf-core/validation/test-run-sge/work/80/16dfcd43d21650b98a82ecba8109db]
Sep-14 11:31:54.161 [Task submitter] DEBUG n.executor.local.LocalTaskHandler - Launch cmd line: /bin/bash -ue .command.run
Sep-14 11:31:54.161 [Task submitter] INFO  nextflow.Session - [f9/e22e69] Submitted process > NFCORE_RNASEQ:RNASEQ:QUANTIFY_PSEUDO_ALIGNMENT:SALMON_QUANT (WT_REP1)
Sep-14 11:31:54.169 [TaskFinalizer-3] DEBUG nextflow.processor.TaskProcessor - Process NFCORE_RNASEQ:RNASEQ:QUANTIFY_BAM_SALMON:SALMON_QUANT > Skipping output binding because one or more optional files are missing: fileoutparam<2:1>
Sep-14 11:31:55.410 [Task monitor] DEBUG n.processor.TaskPollingMonitor - Task completed > TaskHandler[id: 64; name: NFCORE_RNASEQ:RNASEQ:QUANTIFY_PSEUDO_ALIGNMENT:SALMON_QUANT (WT_REP1); status: COMPLETED; exit: 0; error: -; workDir: /groups/dthain/users/jzhou24/hpds-fa26/project-list/gbcf-nf-core/validation/test-run-sge/work/f9/e22e696eef95b115450ca0d90df202]
Sep-14 11:31:55.421 [Task submitter] DEBUG n.executor.local.LocalTaskHandler - Launch cmd line: /bin/bash -ue .command.run
Sep-14 11:31:55.422 [Task submitter] INFO  nextflow.Session - [ae/0cb3be] Submitted process > NFCORE_RNASEQ:RNASEQ:ALIGN_STAR:STAR_ALIGN (WT_REP1)
Sep-14 11:31:55.461 [Actor Thread 13] DEBUG nextflow.container.SingularityCache - Apptainer found local store for image=https://depot.galaxyproject.org/singularity/bioconductor-tximeta%3A1.20.1--r43hdfd78af_0; path=/groups/dthain/users/jzhou24/hpds-fa26/project-list/gbcf-nf-core/.apptainer/depot.galaxyproject.org-singularity-bioconductor-tximeta%3A1.20.1--r43hdfd78af_0.img
Sep-14 11:31:55.944 [Task monitor] DEBUG n.processor.TaskPollingMonitor - Task completed > TaskHandler[id: 63; name: NFCORE_RNASEQ:RNASEQ:QUANTIFY_BAM_SALMON:SALMON_QUANT (RAP1_IAA_30M_REP1); status: COMPLETED; exit: 0; error: -; workDir: /groups/dthain/users/jzhou24/hpds-fa26/project-list/gbcf-nf-core/validation/test-run-sge/work/17/668a0eefd2aa796510191a6d86a727]
Sep-14 11:31:55.951 [TaskFinalizer-4] DEBUG nextflow.processor.TaskProcessor - Process NFCORE_RNASEQ:RNASEQ:QUANTIFY_BAM_SALMON:SALMON_QUANT > Skipping output binding because one or more optional files are missing: fileoutparam<2:1>
Sep-14 11:31:55.952 [Task submitter] DEBUG n.executor.local.LocalTaskHandler - Launch cmd line: /bin/bash -ue .command.run
Sep-14 11:31:55.952 [Task submitter] INFO  nextflow.Session - [54/369f7b] Submitted process > NFCORE_RNASEQ:RNASEQ:ALIGN_STAR:BAM_SORT_STATS_SAMTOOLS:SAMTOOLS_INDEX (RAP1_UNINDUCED_REP2)
Sep-14 11:31:55.962 [Task submitter] DEBUG n.executor.local.LocalTaskHandler - Launch cmd line: /bin/bash -ue .command.run
Sep-14 11:31:55.962 [Task submitter] INFO  nextflow.Session - [a2/229a98] Submitted process > NFCORE_RNASEQ:RNASEQ:ALIGN_STAR:BAM_SORT_STATS_SAMTOOLS:SAMTOOLS_INDEX (WT_REP2)
Sep-14 11:31:56.406 [Task monitor] DEBUG n.processor.TaskPollingMonitor - Task completed > TaskHandler[id: 69; name: NFCORE_RNASEQ:RNASEQ:ALIGN_STAR:BAM_SORT_STATS_SAMTOOLS:SAMTOOLS_INDEX (WT_REP2); status: COMPLETED; exit: 0; error: -; workDir: /groups/dthain/users/jzhou24/hpds-fa26/project-list/gbcf-nf-core/validation/test-run-sge/work/a2/229a9812f38f24ea7602d2ccff288c]
Sep-14 11:31:56.413 [Task submitter] DEBUG n.executor.local.LocalTaskHandler - Launch cmd line: /bin/bash -ue .command.run
Sep-14 11:31:56.413 [Task submitter] INFO  nextflow.Session - [a5/d60372] Submitted process > NFCORE_RNASEQ:RNASEQ:QUANTIFY_BAM_SALMON:QUANT_TXIMPORT_SUMMARIZEDEXPERIMENT:CUSTOM_TX2GENE (null)
Sep-14 11:31:56.421 [Actor Thread 11] DEBUG nextflow.container.SingularityCache - Apptainer found local store for image=docker://community.wave.seqera.io/library/picard:3.4.0--e9963040df0a9bf6; path=/groups/dthain/users/jzhou24/hpds-fa26/project-list/gbcf-nf-core/.apptainer/community.wave.seqera.io-library-picard-3.4.0--e9963040df0a9bf6.img
Sep-14 11:31:56.530 [Task monitor] DEBUG n.processor.TaskPollingMonitor - Task completed > TaskHandler[id: 66; name: NFCORE_RNASEQ:RNASEQ:ALIGN_STAR:BAM_SORT_STATS_SAMTOOLS:SAMTOOLS_INDEX (RAP1_UNINDUCED_REP2); status: COMPLETED; exit: 0; error: -; workDir: /groups/dthain/users/jzhou24/hpds-fa26/project-list/gbcf-nf-core/validation/test-run-sge/work/54/369f7bbba4fab6685d45a425da9326]
Sep-14 11:31:56.539 [Task submitter] DEBUG n.executor.local.LocalTaskHandler - Launch cmd line: /bin/bash -ue .command.run
Sep-14 11:31:56.540 [Task submitter] INFO  nextflow.Session - [ff/8415fc] Submitted process > NFCORE_RNASEQ:RNASEQ:ALIGN_STAR:BAM_SORT_STATS_SAMTOOLS:SAMTOOLS_INDEX (RAP1_IAA_30M_REP1)
Sep-14 11:31:56.553 [Task submitter] DEBUG n.executor.local.LocalTaskHandler - Launch cmd line: /bin/bash -ue .command.run
Sep-14 11:31:56.553 [Task submitter] INFO  nextflow.Session - [6a/d2677e] Submitted process > NFCORE_RNASEQ:RNASEQ:ALIGN_STAR:BAM_SORT_STATS_SAMTOOLS:BAM_STATS_SAMTOOLS:SAMTOOLS_STATS (WT_REP2)
Sep-14 11:31:56.871 [Task monitor] DEBUG n.processor.TaskPollingMonitor - Task completed > TaskHandler[id: 70; name: NFCORE_RNASEQ:RNASEQ:QUANTIFY_BAM_SALMON:QUANT_TXIMPORT_SUMMARIZEDEXPERIMENT:CUSTOM_TX2GENE (null); status: COMPLETED; exit: 0; error: -; workDir: /groups/dthain/users/jzhou24/hpds-fa26/project-list/gbcf-nf-core/validation/test-run-sge/work/a5/d60372735edbd0f8788f8346f2b3d1]
Sep-14 11:31:56.880 [Task submitter] DEBUG n.executor.local.LocalTaskHandler - Launch cmd line: /bin/bash -ue .command.run
Sep-14 11:31:56.880 [Task submitter] INFO  nextflow.Session - [ba/85f12a] Submitted process > NFCORE_RNASEQ:RNASEQ:ALIGN_STAR:BAM_SORT_STATS_SAMTOOLS:BAM_STATS_SAMTOOLS:SAMTOOLS_IDXSTATS (WT_REP2)
Sep-14 11:31:57.068 [Task monitor] DEBUG n.processor.TaskPollingMonitor - Task completed > TaskHandler[id: 71; name: NFCORE_RNASEQ:RNASEQ:ALIGN_STAR:BAM_SORT_STATS_SAMTOOLS:SAMTOOLS_INDEX (RAP1_IAA_30M_REP1); status: COMPLETED; exit: 0; error: -; workDir: /groups/dthain/users/jzhou24/hpds-fa26/project-list/gbcf-nf-core/validation/test-run-sge/work/ff/8415fc46d1204cc5b7c435aaf35aa2]
Sep-14 11:31:57.076 [Task submitter] DEBUG n.executor.local.LocalTaskHandler - Launch cmd line: /bin/bash -ue .command.run
Sep-14 11:31:57.076 [Task submitter] INFO  nextflow.Session - [db/92e6ac] Submitted process > NFCORE_RNASEQ:RNASEQ:ALIGN_STAR:BAM_SORT_STATS_SAMTOOLS:BAM_STATS_SAMTOOLS:SAMTOOLS_FLAGSTAT (WT_REP2)
Sep-14 11:31:57.088 [Task submitter] DEBUG n.executor.local.LocalTaskHandler - Launch cmd line: /bin/bash -ue .command.run
Sep-14 11:31:57.089 [Task submitter] INFO  nextflow.Session - [df/2c9c2d] Submitted process > NFCORE_RNASEQ:RNASEQ:ALIGN_STAR:BAM_SORT_STATS_SAMTOOLS:BAM_STATS_SAMTOOLS:SAMTOOLS_IDXSTATS (RAP1_UNINDUCED_REP2)
Sep-14 11:31:57.267 [Task monitor] DEBUG n.processor.TaskPollingMonitor - Task completed > TaskHandler[id: 74; name: NFCORE_RNASEQ:RNASEQ:ALIGN_STAR:BAM_SORT_STATS_SAMTOOLS:BAM_STATS_SAMTOOLS:SAMTOOLS_STATS (WT_REP2); status: COMPLETED; exit: 0; error: -; workDir: /groups/dthain/users/jzhou24/hpds-fa26/project-list/gbcf-nf-core/validation/test-run-sge/work/6a/d2677e386c3dd2c148dffa9ffff96d]
Sep-14 11:31:57.275 [Task submitter] DEBUG n.executor.local.LocalTaskHandler - Launch cmd line: /bin/bash -ue .command.run
Sep-14 11:31:57.276 [Task submitter] INFO  nextflow.Session - [1b/c763f8] Submitted process > NFCORE_RNASEQ:RNASEQ:ALIGN_STAR:BAM_SORT_STATS_SAMTOOLS:BAM_STATS_SAMTOOLS:SAMTOOLS_FLAGSTAT (RAP1_UNINDUCED_REP2)
Sep-14 11:31:57.340 [Task monitor] DEBUG n.processor.TaskPollingMonitor - Task completed > TaskHandler[id: 73; name: NFCORE_RNASEQ:RNASEQ:ALIGN_STAR:BAM_SORT_STATS_SAMTOOLS:BAM_STATS_SAMTOOLS:SAMTOOLS_IDXSTATS (WT_REP2); status: COMPLETED; exit: 0; error: -; workDir: /groups/dthain/users/jzhou24/hpds-fa26/project-list/gbcf-nf-core/validation/test-run-sge/work/ba/85f12aed73e102db39439a6c101b55]
Sep-14 11:31:57.347 [Task submitter] DEBUG n.executor.local.LocalTaskHandler - Launch cmd line: /bin/bash -ue .command.run
Sep-14 11:31:57.347 [Task submitter] INFO  nextflow.Session - [52/f90985] Submitted process > NFCORE_RNASEQ:RNASEQ:ALIGN_STAR:BAM_SORT_STATS_SAMTOOLS:BAM_STATS_SAMTOOLS:SAMTOOLS_STATS (RAP1_UNINDUCED_REP2)
Sep-14 11:31:57.550 [Task monitor] DEBUG n.processor.TaskPollingMonitor - Task completed > TaskHandler[id: 77; name: NFCORE_RNASEQ:RNASEQ:ALIGN_STAR:BAM_SORT_STATS_SAMTOOLS:BAM_STATS_SAMTOOLS:SAMTOOLS_IDXSTATS (RAP1_UNINDUCED_REP2); status: COMPLETED; exit: 0; error: -; workDir: /groups/dthain/users/jzhou24/hpds-fa26/project-list/gbcf-nf-core/validation/test-run-sge/work/df/2c9c2d5dada5ede9b9f8f902e05e17]
Sep-14 11:31:57.564 [Task submitter] DEBUG n.executor.local.LocalTaskHandler - Launch cmd line: /bin/bash -ue .command.run
Sep-14 11:31:57.564 [Task submitter] INFO  nextflow.Session - [ed/a0782b] Submitted process > NFCORE_RNASEQ:RNASEQ:ALIGN_STAR:BAM_SORT_STATS_SAMTOOLS:BAM_STATS_SAMTOOLS:SAMTOOLS_FLAGSTAT (RAP1_IAA_30M_REP1)
Sep-14 11:31:57.585 [Task monitor] DEBUG n.processor.TaskPollingMonitor - Task completed > TaskHandler[id: 76; name: NFCORE_RNASEQ:RNASEQ:ALIGN_STAR:BAM_SORT_STATS_SAMTOOLS:BAM_STATS_SAMTOOLS:SAMTOOLS_FLAGSTAT (WT_REP2); status: COMPLETED; exit: 0; error: -; workDir: /groups/dthain/users/jzhou24/hpds-fa26/project-list/gbcf-nf-core/validation/test-run-sge/work/db/92e6acd5b8d7a22f07253562d2655e]
Sep-14 11:31:57.601 [Task submitter] DEBUG n.executor.local.LocalTaskHandler - Launch cmd line: /bin/bash -ue .command.run
Sep-14 11:31:57.601 [Task submitter] INFO  nextflow.Session - [7c/b772b2] Submitted process > NFCORE_RNASEQ:RNASEQ:ALIGN_STAR:BAM_SORT_STATS_SAMTOOLS:BAM_STATS_SAMTOOLS:SAMTOOLS_STATS (RAP1_IAA_30M_REP1)
Sep-14 11:31:57.784 [Task monitor] DEBUG n.processor.TaskPollingMonitor - Task completed > TaskHandler[id: 79; name: NFCORE_RNASEQ:RNASEQ:ALIGN_STAR:BAM_SORT_STATS_SAMTOOLS:BAM_STATS_SAMTOOLS:SAMTOOLS_FLAGSTAT (RAP1_UNINDUCED_REP2); status: COMPLETED; exit: 0; error: -; workDir: /groups/dthain/users/jzhou24/hpds-fa26/project-list/gbcf-nf-core/validation/test-run-sge/work/1b/c763f868818065040f66a7109817ec]
Sep-14 11:31:57.792 [Task submitter] DEBUG n.executor.local.LocalTaskHandler - Launch cmd line: /bin/bash -ue .command.run
Sep-14 11:31:57.793 [Task submitter] INFO  nextflow.Session - [1e/191d7c] Submitted process > NFCORE_RNASEQ:RNASEQ:ALIGN_STAR:BAM_SORT_STATS_SAMTOOLS:BAM_STATS_SAMTOOLS:SAMTOOLS_IDXSTATS (RAP1_IAA_30M_REP1)
Sep-14 11:31:58.016 [Task monitor] DEBUG n.processor.TaskPollingMonitor - Task completed > TaskHandler[id: 78; name: NFCORE_RNASEQ:RNASEQ:ALIGN_STAR:BAM_SORT_STATS_SAMTOOLS:BAM_STATS_SAMTOOLS:SAMTOOLS_STATS (RAP1_UNINDUCED_REP2); status: COMPLETED; exit: 0; error: -; workDir: /groups/dthain/users/jzhou24/hpds-fa26/project-list/gbcf-nf-core/validation/test-run-sge/work/52/f90985eb8bd2cb476ccdefd7846c14]
Sep-14 11:31:58.079 [Task monitor] DEBUG n.processor.TaskPollingMonitor - Task completed > TaskHandler[id: 83; name: NFCORE_RNASEQ:RNASEQ:ALIGN_STAR:BAM_SORT_STATS_SAMTOOLS:BAM_STATS_SAMTOOLS:SAMTOOLS_FLAGSTAT (RAP1_IAA_30M_REP1); status: COMPLETED; exit: 0; error: -; workDir: /groups/dthain/users/jzhou24/hpds-fa26/project-list/gbcf-nf-core/validation/test-run-sge/work/ed/a0782bb422c22756d262c0523fda8a]
Sep-14 11:31:58.229 [Task monitor] DEBUG n.processor.TaskPollingMonitor - Task completed > TaskHandler[id: 81; name: NFCORE_RNASEQ:RNASEQ:ALIGN_STAR:BAM_SORT_STATS_SAMTOOLS:BAM_STATS_SAMTOOLS:SAMTOOLS_STATS (RAP1_IAA_30M_REP1); status: COMPLETED; exit: 0; error: -; workDir: /groups/dthain/users/jzhou24/hpds-fa26/project-list/gbcf-nf-core/validation/test-run-sge/work/7c/b772b29b878f48d00cf62688ce2bc9]
Sep-14 11:31:58.243 [Task monitor] DEBUG n.processor.TaskPollingMonitor - Task completed > TaskHandler[id: 82; name: NFCORE_RNASEQ:RNASEQ:ALIGN_STAR:BAM_SORT_STATS_SAMTOOLS:BAM_STATS_SAMTOOLS:SAMTOOLS_IDXSTATS (RAP1_IAA_30M_REP1); status: COMPLETED; exit: 0; error: -; workDir: /groups/dthain/users/jzhou24/hpds-fa26/project-list/gbcf-nf-core/validation/test-run-sge/work/1e/191d7cad4337336e147e2501cdad6d]
Sep-14 11:31:58.255 [Task submitter] DEBUG n.executor.local.LocalTaskHandler - Launch cmd line: /bin/bash -ue .command.run
Sep-14 11:31:58.255 [Task submitter] INFO  nextflow.Session - [07/511e2e] Submitted process > NFCORE_RNASEQ:RNASEQ:ALIGN_STAR:BAM_SORT_STATS_SAMTOOLS:SAMTOOLS_SORT (RAP1_UNINDUCED_REP1)
Sep-14 11:31:58.751 [Task monitor] DEBUG n.processor.TaskPollingMonitor - Task completed > TaskHandler[id: 68; name: NFCORE_RNASEQ:RNASEQ:ALIGN_STAR:BAM_SORT_STATS_SAMTOOLS:SAMTOOLS_SORT (RAP1_UNINDUCED_REP1); status: COMPLETED; exit: 0; error: -; workDir: /groups/dthain/users/jzhou24/hpds-fa26/project-list/gbcf-nf-core/validation/test-run-sge/work/07/511e2e9297140d222374b4cfdb5e56]
Sep-14 11:31:58.753 [TaskFinalizer-8] DEBUG n.processor.TaskFileCollector - Process `NFCORE_RNASEQ:RNASEQ:ALIGN_STAR:BAM_SORT_STATS_SAMTOOLS:SAMTOOLS_SORT (RAP1_UNINDUCED_REP1)` is unable to find [UnixPath]: `/groups/dthain/users/jzhou24/hpds-fa26/project-list/gbcf-nf-core/validation/test-run-sge/work/07/511e2e9297140d222374b4cfdb5e56/RAP1_UNINDUCED_REP1.sorted.cram` (pattern: `RAP1_UNINDUCED_REP1.sorted.cram`)
Sep-14 11:31:58.754 [TaskFinalizer-8] DEBUG n.processor.TaskFileCollector - Process `NFCORE_RNASEQ:RNASEQ:ALIGN_STAR:BAM_SORT_STATS_SAMTOOLS:SAMTOOLS_SORT (RAP1_UNINDUCED_REP1)` is unable to find [UnixPath]: `/groups/dthain/users/jzhou24/hpds-fa26/project-list/gbcf-nf-core/validation/test-run-sge/work/07/511e2e9297140d222374b4cfdb5e56/RAP1_UNINDUCED_REP1.sorted.sam` (pattern: `RAP1_UNINDUCED_REP1.sorted.sam`)
Sep-14 11:31:58.758 [TaskFinalizer-8] DEBUG nextflow.processor.TaskProcessor - Process NFCORE_RNASEQ:RNASEQ:ALIGN_STAR:BAM_SORT_STATS_SAMTOOLS:SAMTOOLS_SORT > Skipping output binding because one or more optional files are missing: fileoutparam<1:1>
Sep-14 11:31:58.758 [TaskFinalizer-8] DEBUG nextflow.processor.TaskProcessor - Process NFCORE_RNASEQ:RNASEQ:ALIGN_STAR:BAM_SORT_STATS_SAMTOOLS:SAMTOOLS_SORT > Skipping output binding because one or more optional files are missing: fileoutparam<2:1>
Sep-14 11:31:58.758 [TaskFinalizer-8] DEBUG nextflow.processor.TaskProcessor - Process NFCORE_RNASEQ:RNASEQ:ALIGN_STAR:BAM_SORT_STATS_SAMTOOLS:SAMTOOLS_SORT > Skipping output binding because one or more optional files are missing: fileoutparam<3:1>
Sep-14 11:31:58.759 [Task submitter] DEBUG n.executor.local.LocalTaskHandler - Launch cmd line: /bin/bash -ue .command.run
Sep-14 11:31:58.760 [Task submitter] INFO  nextflow.Session - [fe/f25ffd] Submitted process > NFCORE_RNASEQ:RNASEQ:QUANTIFY_BAM_SALMON:SALMON_QUANT (RAP1_UNINDUCED_REP1)
Sep-14 11:32:01.898 [Task monitor] DEBUG n.processor.TaskPollingMonitor - Task completed > TaskHandler[id: 67; name: NFCORE_RNASEQ:RNASEQ:QUANTIFY_BAM_SALMON:SALMON_QUANT (RAP1_UNINDUCED_REP1); status: COMPLETED; exit: 0; error: -; workDir: /groups/dthain/users/jzhou24/hpds-fa26/project-list/gbcf-nf-core/validation/test-run-sge/work/fe/f25ffdf0569c3442b484ff11a4e306]
Sep-14 11:32:01.906 [Task submitter] DEBUG n.executor.local.LocalTaskHandler - Launch cmd line: /bin/bash -ue .command.run
Sep-14 11:32:01.906 [Task submitter] INFO  nextflow.Session - [20/68cb3b] Submitted process > NFCORE_RNASEQ:RNASEQ:QUANTIFY_PSEUDO_ALIGNMENT:QUANT_TXIMPORT_SUMMARIZEDEXPERIMENT:TXIMETA_TXIMPORT (all_samples)
Sep-14 11:32:01.906 [TaskFinalizer-9] DEBUG nextflow.processor.TaskProcessor - Process NFCORE_RNASEQ:RNASEQ:QUANTIFY_BAM_SALMON:SALMON_QUANT > Skipping output binding because one or more optional files are missing: fileoutparam<2:1>
Sep-14 11:32:11.508 [Task monitor] DEBUG n.processor.TaskPollingMonitor - Task completed > TaskHandler[id: 72; name: NFCORE_RNASEQ:RNASEQ:QUANTIFY_PSEUDO_ALIGNMENT:QUANT_TXIMPORT_SUMMARIZEDEXPERIMENT:TXIMETA_TXIMPORT (all_samples); status: COMPLETED; exit: 0; error: -; workDir: /groups/dthain/users/jzhou24/hpds-fa26/project-list/gbcf-nf-core/validation/test-run-sge/work/20/68cb3b7ce8b8153998329412a30473]
Sep-14 11:32:11.515 [Task submitter] DEBUG n.executor.local.LocalTaskHandler - Launch cmd line: /bin/bash -ue .command.run
Sep-14 11:32:11.516 [Task submitter] INFO  nextflow.Session - [1d/cb8311] Submitted process > NFCORE_RNASEQ:RNASEQ:BAM_MARKDUPLICATES_PICARD:PICARD_MARKDUPLICATES (WT_REP2)
Sep-14 11:32:11.536 [Actor Thread 15] DEBUG nextflow.container.SingularityCache - Apptainer found local store for image=docker://community.wave.seqera.io/library/r-base_r-optparse_r-ggplot2_r-rcolorbrewer_pruned:9e75394d0bc21987; path=/groups/dthain/users/jzhou24/hpds-fa26/project-list/gbcf-nf-core/.apptainer/community.wave.seqera.io-library-r-base_r-optparse_r-ggplot2_r-rcolorbrewer_pruned-9e75394d0bc21987.img
Sep-14 11:32:11.680 [FileTransfer-7] DEBUG nextflow.file.FilePorter - Copying foreign file https://raw.githubusercontent.com/nf-core/test-datasets/626c8fab639062eade4b10747e919341cbf9b41a/samplesheet/v3.10/samplesheet_test.csv to work dir: /groups/dthain/users/jzhou24/hpds-fa26/project-list/gbcf-nf-core/validation/test-run-sge/work/stage-500a9fd0-63f5-4d48-ad6d-8865a90bde0e/7d/33f68756e3d3e07569ddf46e30260a/samplesheet_test.csv
Sep-14 11:32:11.705 [Actor Thread 31] DEBUG nextflow.container.SingularityCache - Apptainer found local store for image=docker://quay.io/biocontainers/bioconductor-summarizedexperiment:1.32.0--r43hdfd78af_0; path=/groups/dthain/users/jzhou24/hpds-fa26/project-list/gbcf-nf-core/.apptainer/quay.io-biocontainers-bioconductor-summarizedexperiment-1.32.0--r43hdfd78af_0.img
Sep-14 11:32:18.708 [Task monitor] DEBUG n.processor.TaskPollingMonitor - Task completed > TaskHandler[id: 75; name: NFCORE_RNASEQ:RNASEQ:BAM_MARKDUPLICATES_PICARD:PICARD_MARKDUPLICATES (WT_REP2); status: COMPLETED; exit: 0; error: -; workDir: /groups/dthain/users/jzhou24/hpds-fa26/project-list/gbcf-nf-core/validation/test-run-sge/work/1d/cb8311b25e53b3268f5626935dc93b]
Sep-14 11:32:18.717 [Task submitter] DEBUG n.executor.local.LocalTaskHandler - Launch cmd line: /bin/bash -ue .command.run
Sep-14 11:32:18.717 [Task submitter] INFO  nextflow.Session - [e0/a6c180] Submitted process > NFCORE_RNASEQ:RNASEQ:BAM_MARKDUPLICATES_PICARD:PICARD_MARKDUPLICATES (RAP1_UNINDUCED_REP2)
Sep-14 11:32:18.725 [Actor Thread 15] DEBUG nextflow.container.SingularityCache - Apptainer found local store for image=docker://quay.io/biocontainers/stringtie:2.2.3--h43eeafb_0; path=/groups/dthain/users/jzhou24/hpds-fa26/project-list/gbcf-nf-core/.apptainer/quay.io-biocontainers-stringtie-2.2.3--h43eeafb_0.img
Sep-14 11:32:18.726 [TaskFinalizer-2] DEBUG nextflow.processor.TaskProcessor - Process NFCORE_RNASEQ:RNASEQ:BAM_MARKDUPLICATES_PICARD:PICARD_MARKDUPLICATES > Skipping output binding because one or more optional files are missing: fileoutparam<1:1>
Sep-14 11:32:18.726 [TaskFinalizer-2] DEBUG nextflow.processor.TaskProcessor - Process NFCORE_RNASEQ:RNASEQ:BAM_MARKDUPLICATES_PICARD:PICARD_MARKDUPLICATES > Skipping output binding because one or more optional files are missing: fileoutparam<2:1>
Sep-14 11:32:18.729 [Actor Thread 13] DEBUG nextflow.container.SingularityCache - Apptainer found local store for image=docker://community.wave.seqera.io/library/bedtools_coreutils:a623c13f66d5262b; path=/groups/dthain/users/jzhou24/hpds-fa26/project-list/gbcf-nf-core/.apptainer/community.wave.seqera.io-library-bedtools_coreutils-a623c13f66d5262b.img
Sep-14 11:32:24.827 [Task monitor] DEBUG n.processor.TaskPollingMonitor - Task completed > TaskHandler[id: 80; name: NFCORE_RNASEQ:RNASEQ:BAM_MARKDUPLICATES_PICARD:PICARD_MARKDUPLICATES (RAP1_UNINDUCED_REP2); status: COMPLETED; exit: 0; error: -; workDir: /groups/dthain/users/jzhou24/hpds-fa26/project-list/gbcf-nf-core/validation/test-run-sge/work/e0/a6c18098b62bbc23cb55aa474b1973]
Sep-14 11:32:24.835 [Task submitter] DEBUG n.executor.local.LocalTaskHandler - Launch cmd line: /bin/bash -ue .command.run
Sep-14 11:32:24.835 [Task submitter] INFO  nextflow.Session - [57/5c064b] Submitted process > NFCORE_RNASEQ:RNASEQ:BAM_MARKDUPLICATES_PICARD:PICARD_MARKDUPLICATES (RAP1_IAA_30M_REP1)
Sep-14 11:32:24.838 [TaskFinalizer-3] DEBUG nextflow.processor.TaskProcessor - Process NFCORE_RNASEQ:RNASEQ:BAM_MARKDUPLICATES_PICARD:PICARD_MARKDUPLICATES > Skipping output binding because one or more optional files are missing: fileoutparam<1:1>
Sep-14 11:32:24.838 [TaskFinalizer-3] DEBUG nextflow.processor.TaskProcessor - Process NFCORE_RNASEQ:RNASEQ:BAM_MARKDUPLICATES_PICARD:PICARD_MARKDUPLICATES > Skipping output binding because one or more optional files are missing: fileoutparam<2:1>
Sep-14 11:32:30.902 [Task monitor] DEBUG n.processor.TaskPollingMonitor - Task completed > TaskHandler[id: 84; name: NFCORE_RNASEQ:RNASEQ:BAM_MARKDUPLICATES_PICARD:PICARD_MARKDUPLICATES (RAP1_IAA_30M_REP1); status: COMPLETED; exit: 0; error: -; workDir: /groups/dthain/users/jzhou24/hpds-fa26/project-list/gbcf-nf-core/validation/test-run-sge/work/57/5c064b733466929da9f9e10ebc2879]
Sep-14 11:32:30.909 [Task submitter] DEBUG n.executor.local.LocalTaskHandler - Launch cmd line: /bin/bash -ue .command.run
Sep-14 11:32:30.909 [Task submitter] INFO  nextflow.Session - [42/a33261] Submitted process > NFCORE_RNASEQ:RNASEQ:ALIGN_STAR:BAM_SORT_STATS_SAMTOOLS:SAMTOOLS_INDEX (RAP1_UNINDUCED_REP1)
Sep-14 11:32:30.913 [TaskFinalizer-1] DEBUG nextflow.processor.TaskProcessor - Process NFCORE_RNASEQ:RNASEQ:BAM_MARKDUPLICATES_PICARD:PICARD_MARKDUPLICATES > Skipping output binding because one or more optional files are missing: fileoutparam<1:1>
Sep-14 11:32:30.914 [TaskFinalizer-1] DEBUG nextflow.processor.TaskProcessor - Process NFCORE_RNASEQ:RNASEQ:BAM_MARKDUPLICATES_PICARD:PICARD_MARKDUPLICATES > Skipping output binding because one or more optional files are missing: fileoutparam<2:1>
Sep-14 11:32:30.925 [Task submitter] DEBUG n.executor.local.LocalTaskHandler - Launch cmd line: /bin/bash -ue .command.run
Sep-14 11:32:30.925 [Task submitter] INFO  nextflow.Session - [75/37a470] Submitted process > NFCORE_RNASEQ:RNASEQ:BEDTOOLS_GENOMECOV_COMBINED (WT_REP2)
Sep-14 11:32:30.946 [Task submitter] DEBUG n.executor.local.LocalTaskHandler - Launch cmd line: /bin/bash -ue .command.run
Sep-14 11:32:30.946 [Task submitter] INFO  nextflow.Session - [ad/274c9a] Submitted process > NFCORE_RNASEQ:RNASEQ:BEDTOOLS_GENOMECOV_REV (WT_REP2)
Sep-14 11:32:31.358 [Task monitor] DEBUG n.processor.TaskPollingMonitor - Task completed > TaskHandler[id: 85; name: NFCORE_RNASEQ:RNASEQ:ALIGN_STAR:BAM_SORT_STATS_SAMTOOLS:SAMTOOLS_INDEX (RAP1_UNINDUCED_REP1); status: COMPLETED; exit: 0; error: -; workDir: /groups/dthain/users/jzhou24/hpds-fa26/project-list/gbcf-nf-core/validation/test-run-sge/work/42/a33261b519de299bed0b50d350bb95]
Sep-14 11:32:31.371 [Task submitter] DEBUG n.executor.local.LocalTaskHandler - Launch cmd line: /bin/bash -ue .command.run
Sep-14 11:32:31.371 [Task submitter] INFO  nextflow.Session - [99/9452a7] Submitted process > NFCORE_RNASEQ:RNASEQ:BAM_MARKDUPLICATES_PICARD:SAMTOOLS_INDEX (WT_REP2)
Sep-14 11:32:31.630 [Task monitor] DEBUG n.processor.TaskPollingMonitor - Task completed > TaskHandler[id: 93; name: NFCORE_RNASEQ:RNASEQ:BEDTOOLS_GENOMECOV_REV (WT_REP2); status: COMPLETED; exit: 0; error: -; workDir: /groups/dthain/users/jzhou24/hpds-fa26/project-list/gbcf-nf-core/validation/test-run-sge/work/ad/274c9a05b0fc21026bd6bc0ad6a8c8]
Sep-14 11:32:31.641 [Actor Thread 4] DEBUG nextflow.container.SingularityCache - Apptainer found local store for image=docker://quay.io/biocontainers/ucsc-bedclip:377--h0b8a92a_2; path=/groups/dthain/users/jzhou24/hpds-fa26/project-list/gbcf-nf-core/.apptainer/quay.io-biocontainers-ucsc-bedclip-377--h0b8a92a_2.img
Sep-14 11:32:31.642 [Task submitter] DEBUG n.executor.local.LocalTaskHandler - Launch cmd line: /bin/bash -ue .command.run
Sep-14 11:32:31.642 [Task submitter] INFO  nextflow.Session - [c3/ef882a] Submitted process > NFCORE_RNASEQ:RNASEQ:BEDTOOLS_GENOMECOV_FW (WT_REP2)
Sep-14 11:32:31.698 [Task monitor] DEBUG n.processor.TaskPollingMonitor - Task completed > TaskHandler[id: 90; name: NFCORE_RNASEQ:RNASEQ:BEDTOOLS_GENOMECOV_COMBINED (WT_REP2); status: COMPLETED; exit: 0; error: -; workDir: /groups/dthain/users/jzhou24/hpds-fa26/project-list/gbcf-nf-core/validation/test-run-sge/work/75/37a470e88f3dc70b5e02eca8543204]
Sep-14 11:32:31.705 [Task submitter] DEBUG n.executor.local.LocalTaskHandler - Launch cmd line: /bin/bash -ue .command.run
Sep-14 11:32:31.705 [Task submitter] INFO  nextflow.Session - [7a/9bfd14] Submitted process > NFCORE_RNASEQ:RNASEQ:BEDTOOLS_GENOMECOV_COMBINED (RAP1_UNINDUCED_REP2)
Sep-14 11:32:31.816 [Task monitor] DEBUG n.processor.TaskPollingMonitor - Task completed > TaskHandler[id: 91; name: NFCORE_RNASEQ:RNASEQ:BAM_MARKDUPLICATES_PICARD:SAMTOOLS_INDEX (WT_REP2); status: COMPLETED; exit: 0; error: -; workDir: /groups/dthain/users/jzhou24/hpds-fa26/project-list/gbcf-nf-core/validation/test-run-sge/work/99/9452a7eb49db6e79e857741fc4d4e9]
Sep-14 11:32:31.823 [Task submitter] DEBUG n.executor.local.LocalTaskHandler - Launch cmd line: /bin/bash -ue .command.run
Sep-14 11:32:31.823 [Task submitter] INFO  nextflow.Session - [c3/ef5a4e] Submitted process > NFCORE_RNASEQ:RNASEQ:BAM_MARKDUPLICATES_PICARD:SAMTOOLS_INDEX (RAP1_UNINDUCED_REP2)
Sep-14 11:32:31.847 [Actor Thread 11] DEBUG nextflow.container.SingularityCache - Apptainer found local store for image=docker://community.wave.seqera.io/library/rseqc_r-base:2e29d2dfda9cef15; path=/groups/dthain/users/jzhou24/hpds-fa26/project-list/gbcf-nf-core/.apptainer/community.wave.seqera.io-library-rseqc_r-base-2e29d2dfda9cef15.img
Sep-14 11:32:31.865 [Actor Thread 38] DEBUG nextflow.container.SingularityCache - Apptainer found local store for image=docker://quay.io/biocontainers/subread:2.0.6--he4a0461_2; path=/groups/dthain/users/jzhou24/hpds-fa26/project-list/gbcf-nf-core/.apptainer/quay.io-biocontainers-subread-2.0.6--he4a0461_2.img
Sep-14 11:32:31.901 [Actor Thread 42] DEBUG nextflow.container.SingularityCache - Apptainer found local store for image=docker://community.wave.seqera.io/library/bioconductor-dupradar:1.38.0--831da16eb40a64ab; path=/groups/dthain/users/jzhou24/hpds-fa26/project-list/gbcf-nf-core/.apptainer/community.wave.seqera.io-library-bioconductor-dupradar-1.38.0--831da16eb40a64ab.img
Sep-14 11:32:32.202 [Task monitor] DEBUG n.processor.TaskPollingMonitor - Task completed > TaskHandler[id: 92; name: NFCORE_RNASEQ:RNASEQ:BEDTOOLS_GENOMECOV_FW (WT_REP2); status: COMPLETED; exit: 0; error: -; workDir: /groups/dthain/users/jzhou24/hpds-fa26/project-list/gbcf-nf-core/validation/test-run-sge/work/c3/ef882a18a371f702cb58eea0adccfb]
Sep-14 11:32:32.213 [Task submitter] DEBUG n.executor.local.LocalTaskHandler - Launch cmd line: /bin/bash -ue .command.run
Sep-14 11:32:32.213 [Task submitter] INFO  nextflow.Session - [fd/9d77a7] Submitted process > NFCORE_RNASEQ:RNASEQ:BEDTOOLS_GENOMECOV_REV (RAP1_UNINDUCED_REP2)
Sep-14 11:32:32.311 [Task monitor] DEBUG n.processor.TaskPollingMonitor - Task completed > TaskHandler[id: 96; name: NFCORE_RNASEQ:RNASEQ:BAM_MARKDUPLICATES_PICARD:SAMTOOLS_INDEX (RAP1_UNINDUCED_REP2); status: COMPLETED; exit: 0; error: -; workDir: /groups/dthain/users/jzhou24/hpds-fa26/project-list/gbcf-nf-core/validation/test-run-sge/work/c3/ef5a4e55a4575d9204c2974a903fce]
Sep-14 11:32:32.323 [Task submitter] DEBUG n.executor.local.LocalTaskHandler - Launch cmd line: /bin/bash -ue .command.run
Sep-14 11:32:32.323 [Task submitter] INFO  nextflow.Session - [77/779664] Submitted process > NFCORE_RNASEQ:RNASEQ:BEDTOOLS_GENOMECOV_FW (RAP1_UNINDUCED_REP2)
Sep-14 11:32:32.340 [Task submitter] DEBUG n.executor.local.LocalTaskHandler - Launch cmd line: /bin/bash -ue .command.run
Sep-14 11:32:32.340 [Task submitter] INFO  nextflow.Session - [75/9d7d56] Submitted process > NFCORE_RNASEQ:RNASEQ:BEDTOOLS_GENOMECOV_FW (RAP1_IAA_30M_REP1)
Sep-14 11:32:32.366 [Task monitor] DEBUG n.processor.TaskPollingMonitor - Task completed > TaskHandler[id: 94; name: NFCORE_RNASEQ:RNASEQ:BEDTOOLS_GENOMECOV_COMBINED (RAP1_UNINDUCED_REP2); status: COMPLETED; exit: 0; error: -; workDir: /groups/dthain/users/jzhou24/hpds-fa26/project-list/gbcf-nf-core/validation/test-run-sge/work/7a/9bfd14bdfe9c10347ccbb29b2f36ac]
Sep-14 11:32:32.375 [Task submitter] DEBUG n.executor.local.LocalTaskHandler - Launch cmd line: /bin/bash -ue .command.run
Sep-14 11:32:32.375 [Task submitter] INFO  nextflow.Session - [8b/5af68e] Submitted process > NFCORE_RNASEQ:RNASEQ:BEDTOOLS_GENOMECOV_REV (RAP1_IAA_30M_REP1)
Sep-14 11:32:32.841 [Task monitor] DEBUG n.processor.TaskPollingMonitor - Task completed > TaskHandler[id: 97; name: NFCORE_RNASEQ:RNASEQ:BEDTOOLS_GENOMECOV_REV (RAP1_UNINDUCED_REP2); status: COMPLETED; exit: 0; error: -; workDir: /groups/dthain/users/jzhou24/hpds-fa26/project-list/gbcf-nf-core/validation/test-run-sge/work/fd/9d77a76c89e5d0598f51a7c7191576]
Sep-14 11:32:32.850 [Task submitter] DEBUG n.executor.local.LocalTaskHandler - Launch cmd line: /bin/bash -ue .command.run
Sep-14 11:32:32.850 [Task submitter] INFO  nextflow.Session - [6e/43bc42] Submitted process > NFCORE_RNASEQ:RNASEQ:BEDTOOLS_GENOMECOV_COMBINED (RAP1_IAA_30M_REP1)
Sep-14 11:32:32.911 [Task monitor] DEBUG n.processor.TaskPollingMonitor - Task completed > TaskHandler[id: 98; name: NFCORE_RNASEQ:RNASEQ:BEDTOOLS_GENOMECOV_FW (RAP1_UNINDUCED_REP2); status: COMPLETED; exit: 0; error: -; workDir: /groups/dthain/users/jzhou24/hpds-fa26/project-list/gbcf-nf-core/validation/test-run-sge/work/77/779664d9cc7bac10a924ec11db7df7]
Sep-14 11:32:32.923 [Task monitor] DEBUG n.processor.TaskPollingMonitor - Task completed > TaskHandler[id: 103; name: NFCORE_RNASEQ:RNASEQ:BEDTOOLS_GENOMECOV_FW (RAP1_IAA_30M_REP1); status: COMPLETED; exit: 0; error: -; workDir: /groups/dthain/users/jzhou24/hpds-fa26/project-list/gbcf-nf-core/validation/test-run-sge/work/75/9d7d56b986c6084b76b4769639857e]
Sep-14 11:32:32.924 [Task submitter] DEBUG n.executor.local.LocalTaskHandler - Launch cmd line: /bin/bash -ue .command.run
Sep-14 11:32:32.924 [Task submitter] INFO  nextflow.Session - [68/1eab6e] Submitted process > NFCORE_RNASEQ:RNASEQ:ALIGN_STAR:BAM_SORT_STATS_SAMTOOLS:BAM_STATS_SAMTOOLS:SAMTOOLS_IDXSTATS (RAP1_UNINDUCED_REP1)
Sep-14 11:32:32.938 [Task submitter] DEBUG n.executor.local.LocalTaskHandler - Launch cmd line: /bin/bash -ue .command.run
Sep-14 11:32:32.938 [Task submitter] INFO  nextflow.Session - [7d/ec3ee1] Submitted process > NFCORE_RNASEQ:RNASEQ:ALIGN_STAR:BAM_SORT_STATS_SAMTOOLS:BAM_STATS_SAMTOOLS:SAMTOOLS_STATS (RAP1_UNINDUCED_REP1)
Sep-14 11:32:32.964 [Task monitor] DEBUG n.processor.TaskPollingMonitor - Task completed > TaskHandler[id: 100; name: NFCORE_RNASEQ:RNASEQ:BEDTOOLS_GENOMECOV_REV (RAP1_IAA_30M_REP1); status: COMPLETED; exit: 0; error: -; workDir: /groups/dthain/users/jzhou24/hpds-fa26/project-list/gbcf-nf-core/validation/test-run-sge/work/8b/5af68ea4f370cd24a47d8fcdd6fd31]
Sep-14 11:32:32.972 [Task submitter] DEBUG n.executor.local.LocalTaskHandler - Launch cmd line: /bin/bash -ue .command.run
Sep-14 11:32:32.972 [Task submitter] INFO  nextflow.Session - [b2/d70218] Submitted process > NFCORE_RNASEQ:RNASEQ:ALIGN_STAR:BAM_SORT_STATS_SAMTOOLS:BAM_STATS_SAMTOOLS:SAMTOOLS_FLAGSTAT (RAP1_UNINDUCED_REP1)
Sep-14 11:32:33.375 [Task monitor] DEBUG n.processor.TaskPollingMonitor - Task completed > TaskHandler[id: 104; name: NFCORE_RNASEQ:RNASEQ:ALIGN_STAR:BAM_SORT_STATS_SAMTOOLS:BAM_STATS_SAMTOOLS:SAMTOOLS_IDXSTATS (RAP1_UNINDUCED_REP1); status: COMPLETED; exit: 0; error: -; workDir: /groups/dthain/users/jzhou24/hpds-fa26/project-list/gbcf-nf-core/validation/test-run-sge/work/68/1eab6e59e5e51affe793670d815bb6]
Sep-14 11:32:33.383 [Task submitter] DEBUG n.executor.local.LocalTaskHandler - Launch cmd line: /bin/bash -ue .command.run
Sep-14 11:32:33.384 [Task submitter] INFO  nextflow.Session - [31/245464] Submitted process > NFCORE_RNASEQ:RNASEQ:BAM_MARKDUPLICATES_PICARD:BAM_STATS_SAMTOOLS:SAMTOOLS_FLAGSTAT (WT_REP2)
Sep-14 11:32:33.446 [Task monitor] DEBUG n.processor.TaskPollingMonitor - Task completed > TaskHandler[id: 106; name: NFCORE_RNASEQ:RNASEQ:ALIGN_STAR:BAM_SORT_STATS_SAMTOOLS:BAM_STATS_SAMTOOLS:SAMTOOLS_FLAGSTAT (RAP1_UNINDUCED_REP1); status: COMPLETED; exit: 0; error: -; workDir: /groups/dthain/users/jzhou24/hpds-fa26/project-list/gbcf-nf-core/validation/test-run-sge/work/b2/d7021887c4de200cc10f9c8df5e501]
Sep-14 11:32:33.455 [Task submitter] DEBUG n.executor.local.LocalTaskHandler - Launch cmd line: /bin/bash -ue .command.run
Sep-14 11:32:33.455 [Task submitter] INFO  nextflow.Session - [8a/fbcdfb] Submitted process > NFCORE_RNASEQ:RNASEQ:BAM_MARKDUPLICATES_PICARD:BAM_STATS_SAMTOOLS:SAMTOOLS_STATS (WT_REP2)
Sep-14 11:32:33.479 [Task monitor] DEBUG n.processor.TaskPollingMonitor - Task completed > TaskHandler[id: 105; name: NFCORE_RNASEQ:RNASEQ:ALIGN_STAR:BAM_SORT_STATS_SAMTOOLS:BAM_STATS_SAMTOOLS:SAMTOOLS_STATS (RAP1_UNINDUCED_REP1); status: COMPLETED; exit: 0; error: -; workDir: /groups/dthain/users/jzhou24/hpds-fa26/project-list/gbcf-nf-core/validation/test-run-sge/work/7d/ec3ee11ab17907af6272ae0620ae7a]
Sep-14 11:32:33.481 [Task monitor] DEBUG n.processor.TaskPollingMonitor - Task completed > TaskHandler[id: 101; name: NFCORE_RNASEQ:RNASEQ:BEDTOOLS_GENOMECOV_COMBINED (RAP1_IAA_30M_REP1); status: COMPLETED; exit: 0; error: -; workDir: /groups/dthain/users/jzhou24/hpds-fa26/project-list/gbcf-nf-core/validation/test-run-sge/work/6e/43bc42d24296c489a6cc98159f3334]
Sep-14 11:32:33.489 [Task submitter] DEBUG n.executor.local.LocalTaskHandler - Launch cmd line: /bin/bash -ue .command.run
Sep-14 11:32:33.489 [Task submitter] INFO  nextflow.Session - [ea/8723d9] Submitted process > NFCORE_RNASEQ:RNASEQ:BAM_MARKDUPLICATES_PICARD:BAM_STATS_SAMTOOLS:SAMTOOLS_IDXSTATS (WT_REP2)
Sep-14 11:32:33.497 [Task submitter] DEBUG n.executor.local.LocalTaskHandler - Launch cmd line: /bin/bash -ue .command.run
Sep-14 11:32:33.497 [Task submitter] INFO  nextflow.Session - [bf/64e4d2] Submitted process > NFCORE_RNASEQ:RNASEQ:BAM_QC_RNASEQ:DUPRADAR (WT_REP2)
Sep-14 11:32:33.850 [Task monitor] DEBUG n.processor.TaskPollingMonitor - Task completed > TaskHandler[id: 111; name: NFCORE_RNASEQ:RNASEQ:BAM_MARKDUPLICATES_PICARD:BAM_STATS_SAMTOOLS:SAMTOOLS_FLAGSTAT (WT_REP2); status: COMPLETED; exit: 0; error: -; workDir: /groups/dthain/users/jzhou24/hpds-fa26/project-list/gbcf-nf-core/validation/test-run-sge/work/31/24546411763a5ff180e15b0614daff]
Sep-14 11:32:33.866 [Task submitter] DEBUG n.executor.local.LocalTaskHandler - Launch cmd line: /bin/bash -ue .command.run
Sep-14 11:32:33.867 [Task submitter] INFO  nextflow.Session - [b8/6b7645] Submitted process > NFCORE_RNASEQ:RNASEQ:BAM_MARKDUPLICATES_PICARD:BAM_STATS_SAMTOOLS:SAMTOOLS_STATS (RAP1_UNINDUCED_REP2)
Sep-14 11:32:33.915 [Task monitor] DEBUG n.processor.TaskPollingMonitor - Task completed > TaskHandler[id: 110; name: NFCORE_RNASEQ:RNASEQ:BAM_MARKDUPLICATES_PICARD:BAM_STATS_SAMTOOLS:SAMTOOLS_IDXSTATS (WT_REP2); status: COMPLETED; exit: 0; error: -; workDir: /groups/dthain/users/jzhou24/hpds-fa26/project-list/gbcf-nf-core/validation/test-run-sge/work/ea/8723d9da63af0fb40332ec542b0741]
Sep-14 11:32:33.933 [Task submitter] DEBUG n.executor.local.LocalTaskHandler - Launch cmd line: /bin/bash -ue .command.run
Sep-14 11:32:33.933 [Task submitter] INFO  nextflow.Session - [bd/444e33] Submitted process > NFCORE_RNASEQ:RNASEQ:BAM_MARKDUPLICATES_PICARD:BAM_STATS_SAMTOOLS:SAMTOOLS_FLAGSTAT (RAP1_UNINDUCED_REP2)
Sep-14 11:32:34.051 [Task monitor] DEBUG n.processor.TaskPollingMonitor - Task completed > TaskHandler[id: 112; name: NFCORE_RNASEQ:RNASEQ:BAM_MARKDUPLICATES_PICARD:BAM_STATS_SAMTOOLS:SAMTOOLS_STATS (WT_REP2); status: COMPLETED; exit: 0; error: -; workDir: /groups/dthain/users/jzhou24/hpds-fa26/project-list/gbcf-nf-core/validation/test-run-sge/work/8a/fbcdfb714cd8f7dc5174ca80b656b3]
Sep-14 11:32:34.063 [Task submitter] DEBUG n.executor.local.LocalTaskHandler - Launch cmd line: /bin/bash -ue .command.run
Sep-14 11:32:34.063 [Task submitter] INFO  nextflow.Session - [04/dc404c] Submitted process > NFCORE_RNASEQ:RNASEQ:BAM_QC_RNASEQ:DUPRADAR (RAP1_UNINDUCED_REP2)
Sep-14 11:32:34.415 [Task monitor] DEBUG n.processor.TaskPollingMonitor - Task completed > TaskHandler[id: 125; name: NFCORE_RNASEQ:RNASEQ:BAM_MARKDUPLICATES_PICARD:BAM_STATS_SAMTOOLS:SAMTOOLS_FLAGSTAT (RAP1_UNINDUCED_REP2); status: COMPLETED; exit: 0; error: -; workDir: /groups/dthain/users/jzhou24/hpds-fa26/project-list/gbcf-nf-core/validation/test-run-sge/work/bd/444e33ac906064b572cf70e18359a9]
Sep-14 11:32:34.423 [Task submitter] DEBUG n.executor.local.LocalTaskHandler - Launch cmd line: /bin/bash -ue .command.run
Sep-14 11:32:34.423 [Task submitter] INFO  nextflow.Session - [13/ed64dc] Submitted process > NFCORE_RNASEQ:RNASEQ:BAM_MARKDUPLICATES_PICARD:BAM_STATS_SAMTOOLS:SAMTOOLS_IDXSTATS (RAP1_UNINDUCED_REP2)
Sep-14 11:32:34.522 [Task monitor] DEBUG n.processor.TaskPollingMonitor - Task completed > TaskHandler[id: 126; name: NFCORE_RNASEQ:RNASEQ:BAM_MARKDUPLICATES_PICARD:BAM_STATS_SAMTOOLS:SAMTOOLS_STATS (RAP1_UNINDUCED_REP2); status: COMPLETED; exit: 0; error: -; workDir: /groups/dthain/users/jzhou24/hpds-fa26/project-list/gbcf-nf-core/validation/test-run-sge/work/b8/6b764545981adbbba9fa655195a094]
Sep-14 11:32:34.948 [Task monitor] DEBUG n.processor.TaskPollingMonitor - Task completed > TaskHandler[id: 124; name: NFCORE_RNASEQ:RNASEQ:BAM_MARKDUPLICATES_PICARD:BAM_STATS_SAMTOOLS:SAMTOOLS_IDXSTATS (RAP1_UNINDUCED_REP2); status: COMPLETED; exit: 0; error: -; workDir: /groups/dthain/users/jzhou24/hpds-fa26/project-list/gbcf-nf-core/validation/test-run-sge/work/13/ed64dcd1c555a6d04457583a525141]
Sep-14 11:32:34.956 [Task submitter] DEBUG n.executor.local.LocalTaskHandler - Launch cmd line: /bin/bash -ue .command.run
Sep-14 11:32:34.957 [Task submitter] INFO  nextflow.Session - [2a/766d75] Submitted process > NFCORE_RNASEQ:RNASEQ:BAM_MARKDUPLICATES_PICARD:SAMTOOLS_INDEX (RAP1_IAA_30M_REP1)
Sep-14 11:32:35.383 [Task monitor] DEBUG n.processor.TaskPollingMonitor - Task completed > TaskHandler[id: 102; name: NFCORE_RNASEQ:RNASEQ:BAM_MARKDUPLICATES_PICARD:SAMTOOLS_INDEX (RAP1_IAA_30M_REP1); status: COMPLETED; exit: 0; error: -; workDir: /groups/dthain/users/jzhou24/hpds-fa26/project-list/gbcf-nf-core/validation/test-run-sge/work/2a/766d750571797f76f10d1e099c58a2]
Sep-14 11:32:36.393 [Task submitter] DEBUG n.executor.local.LocalTaskHandler - Launch cmd line: /bin/bash -ue .command.run
Sep-14 11:32:36.393 [Task submitter] INFO  nextflow.Session - [eb/609466] Submitted process > NFCORE_RNASEQ:RNASEQ:BAM_MARKDUPLICATES_PICARD:BAM_STATS_SAMTOOLS:SAMTOOLS_FLAGSTAT (RAP1_IAA_30M_REP1)
Sep-14 11:32:36.402 [Task submitter] DEBUG n.executor.local.LocalTaskHandler - Launch cmd line: /bin/bash -ue .command.run
Sep-14 11:32:36.402 [Task submitter] INFO  nextflow.Session - [28/e8b362] Submitted process > NFCORE_RNASEQ:RNASEQ:BAM_MARKDUPLICATES_PICARD:BAM_STATS_SAMTOOLS:SAMTOOLS_IDXSTATS (RAP1_IAA_30M_REP1)
Sep-14 11:32:36.839 [Task monitor] DEBUG n.processor.TaskPollingMonitor - Task completed > TaskHandler[id: 146; name: NFCORE_RNASEQ:RNASEQ:BAM_MARKDUPLICATES_PICARD:BAM_STATS_SAMTOOLS:SAMTOOLS_IDXSTATS (RAP1_IAA_30M_REP1); status: COMPLETED; exit: 0; error: -; workDir: /groups/dthain/users/jzhou24/hpds-fa26/project-list/gbcf-nf-core/validation/test-run-sge/work/28/e8b3624e83a9c436ec8cbe8bffb9c2]
Sep-14 11:32:36.848 [Task submitter] DEBUG n.executor.local.LocalTaskHandler - Launch cmd line: /bin/bash -ue .command.run
Sep-14 11:32:36.849 [Task submitter] INFO  nextflow.Session - [9f/0da8d8] Submitted process > NFCORE_RNASEQ:RNASEQ:BAM_MARKDUPLICATES_PICARD:BAM_STATS_SAMTOOLS:SAMTOOLS_STATS (RAP1_IAA_30M_REP1)
Sep-14 11:32:36.883 [Task monitor] DEBUG n.processor.TaskPollingMonitor - Task completed > TaskHandler[id: 144; name: NFCORE_RNASEQ:RNASEQ:BAM_MARKDUPLICATES_PICARD:BAM_STATS_SAMTOOLS:SAMTOOLS_FLAGSTAT (RAP1_IAA_30M_REP1); status: COMPLETED; exit: 0; error: -; workDir: /groups/dthain/users/jzhou24/hpds-fa26/project-list/gbcf-nf-core/validation/test-run-sge/work/eb/609466b5ba81f92e867a1479d880f2]
Sep-14 11:32:36.892 [Task submitter] DEBUG n.executor.local.LocalTaskHandler - Launch cmd line: /bin/bash -ue .command.run
Sep-14 11:32:36.892 [Task submitter] INFO  nextflow.Session - [8d/1c6e65] Submitted process > NFCORE_RNASEQ:RNASEQ:BAM_QC_RNASEQ:DUPRADAR (RAP1_IAA_30M_REP1)
Sep-14 11:32:37.490 [Task monitor] DEBUG n.processor.TaskPollingMonitor - Task completed > TaskHandler[id: 143; name: NFCORE_RNASEQ:RNASEQ:BAM_MARKDUPLICATES_PICARD:BAM_STATS_SAMTOOLS:SAMTOOLS_STATS (RAP1_IAA_30M_REP1); status: COMPLETED; exit: 0; error: -; workDir: /groups/dthain/users/jzhou24/hpds-fa26/project-list/gbcf-nf-core/validation/test-run-sge/work/9f/0da8d8f31d778f4e5aeb7cdb2e2136]
Sep-14 11:32:39.431 [Task monitor] DEBUG n.processor.TaskPollingMonitor - Task completed > TaskHandler[id: 130; name: NFCORE_RNASEQ:RNASEQ:BAM_QC_RNASEQ:DUPRADAR (RAP1_UNINDUCED_REP2); status: COMPLETED; exit: 0; error: -; workDir: /groups/dthain/users/jzhou24/hpds-fa26/project-list/gbcf-nf-core/validation/test-run-sge/work/04/dc404c38c144008b426b2bd6b0a732]
Sep-14 11:32:39.785 [Task monitor] DEBUG n.processor.TaskPollingMonitor - Task completed > TaskHandler[id: 120; name: NFCORE_RNASEQ:RNASEQ:BAM_QC_RNASEQ:DUPRADAR (WT_REP2); status: COMPLETED; exit: 0; error: -; workDir: /groups/dthain/users/jzhou24/hpds-fa26/project-list/gbcf-nf-core/validation/test-run-sge/work/bf/64e4d266ff5fadec89ddf09204d8e3]
Sep-14 11:32:42.022 [Task monitor] DEBUG n.processor.TaskPollingMonitor - Task completed > TaskHandler[id: 145; name: NFCORE_RNASEQ:RNASEQ:BAM_QC_RNASEQ:DUPRADAR (RAP1_IAA_30M_REP1); status: COMPLETED; exit: 0; error: -; workDir: /groups/dthain/users/jzhou24/hpds-fa26/project-list/gbcf-nf-core/validation/test-run-sge/work/8d/1c6e658405fe1bb6172a3113c6dfeb]
Sep-14 11:32:42.032 [Task submitter] DEBUG n.executor.local.LocalTaskHandler - Launch cmd line: /bin/bash -ue .command.run
Sep-14 11:32:42.032 [Task submitter] INFO  nextflow.Session - [7b/ffdd5e] Submitted process > NFCORE_RNASEQ:RNASEQ:DESEQ2_QC_PSEUDO
Sep-14 11:33:04.875 [Task monitor] DEBUG n.processor.TaskPollingMonitor - Task completed > TaskHandler[id: 86; name: NFCORE_RNASEQ:RNASEQ:DESEQ2_QC_PSEUDO; status: COMPLETED; exit: 0; error: -; workDir: /groups/dthain/users/jzhou24/hpds-fa26/project-list/gbcf-nf-core/validation/test-run-sge/work/7b/ffdd5eba0e9c74e606b61160d56c1c]
Sep-14 11:33:04.882 [Task submitter] DEBUG n.executor.local.LocalTaskHandler - Launch cmd line: /bin/bash -ue .command.run
Sep-14 11:33:04.883 [Task submitter] INFO  nextflow.Session - [69/ce5731] Submitted process > NFCORE_RNASEQ:RNASEQ:QUANTIFY_PSEUDO_ALIGNMENT:QUANT_TXIMPORT_SUMMARIZEDEXPERIMENT:SE_TRANSCRIPT_UNIFIED (all_samples)
Sep-14 11:33:13.789 [Task monitor] DEBUG n.processor.TaskPollingMonitor - Task completed > TaskHandler[id: 87; name: NFCORE_RNASEQ:RNASEQ:QUANTIFY_PSEUDO_ALIGNMENT:QUANT_TXIMPORT_SUMMARIZEDEXPERIMENT:SE_TRANSCRIPT_UNIFIED (all_samples); status: COMPLETED; exit: 0; error: -; workDir: /groups/dthain/users/jzhou24/hpds-fa26/project-list/gbcf-nf-core/validation/test-run-sge/work/69/ce57315f68715d29f9210875dc626d]
Sep-14 11:33:13.798 [Task submitter] DEBUG n.executor.local.LocalTaskHandler - Launch cmd line: /bin/bash -ue .command.run
Sep-14 11:33:13.798 [Task submitter] INFO  nextflow.Session - [8f/3c5b4b] Submitted process > NFCORE_RNASEQ:RNASEQ:QUANTIFY_PSEUDO_ALIGNMENT:QUANT_TXIMPORT_SUMMARIZEDEXPERIMENT:SE_GENE_UNIFIED (all_samples)
Sep-14 11:33:22.007 [Task monitor] DEBUG n.processor.TaskPollingMonitor - Task completed > TaskHandler[id: 88; name: NFCORE_RNASEQ:RNASEQ:QUANTIFY_PSEUDO_ALIGNMENT:QUANT_TXIMPORT_SUMMARIZEDEXPERIMENT:SE_GENE_UNIFIED (all_samples); status: COMPLETED; exit: 0; error: -; workDir: /groups/dthain/users/jzhou24/hpds-fa26/project-list/gbcf-nf-core/validation/test-run-sge/work/8f/3c5b4b3bdce0ade06067718378a4a5]
Sep-14 11:33:22.017 [Task submitter] DEBUG n.executor.local.LocalTaskHandler - Launch cmd line: /bin/bash -ue .command.run
Sep-14 11:33:22.017 [Task submitter] INFO  nextflow.Session - [4a/fb2c8b] Submitted process > NFCORE_RNASEQ:RNASEQ:STRINGTIE_STRINGTIE (WT_REP2)
Sep-14 11:33:22.759 [Task monitor] DEBUG n.processor.TaskPollingMonitor - Task completed > TaskHandler[id: 89; name: NFCORE_RNASEQ:RNASEQ:STRINGTIE_STRINGTIE (WT_REP2); status: COMPLETED; exit: 0; error: -; workDir: /groups/dthain/users/jzhou24/hpds-fa26/project-list/gbcf-nf-core/validation/test-run-sge/work/4a/fb2c8bdaab1b7825dffa059d8eac4a]
Sep-14 11:33:22.766 [Task submitter] DEBUG n.executor.local.LocalTaskHandler - Launch cmd line: /bin/bash -ue .command.run
Sep-14 11:33:22.767 [Task submitter] INFO  nextflow.Session - [f5/c15895] Submitted process > NFCORE_RNASEQ:RNASEQ:STRINGTIE_STRINGTIE (RAP1_UNINDUCED_REP2)
Sep-14 11:33:23.253 [Task monitor] DEBUG n.processor.TaskPollingMonitor - Task completed > TaskHandler[id: 95; name: NFCORE_RNASEQ:RNASEQ:STRINGTIE_STRINGTIE (RAP1_UNINDUCED_REP2); status: COMPLETED; exit: 0; error: -; workDir: /groups/dthain/users/jzhou24/hpds-fa26/project-list/gbcf-nf-core/validation/test-run-sge/work/f5/c15895f10ef1d20b66516f3635648c]
Sep-14 11:33:23.261 [Task submitter] DEBUG n.executor.local.LocalTaskHandler - Launch cmd line: /bin/bash -ue .command.run
Sep-14 11:33:23.261 [Task submitter] INFO  nextflow.Session - [29/1b1f6e] Submitted process > NFCORE_RNASEQ:RNASEQ:STRINGTIE_STRINGTIE (RAP1_IAA_30M_REP1)
Sep-14 11:33:23.860 [Task monitor] DEBUG n.processor.TaskPollingMonitor - Task completed > TaskHandler[id: 99; name: NFCORE_RNASEQ:RNASEQ:STRINGTIE_STRINGTIE (RAP1_IAA_30M_REP1); status: COMPLETED; exit: 0; error: -; workDir: /groups/dthain/users/jzhou24/hpds-fa26/project-list/gbcf-nf-core/validation/test-run-sge/work/29/1b1f6e62e06a116de01b06dc60a953]
Sep-14 11:33:23.869 [Task submitter] DEBUG n.executor.local.LocalTaskHandler - Launch cmd line: /bin/bash -ue .command.run
Sep-14 11:33:23.869 [Task submitter] INFO  nextflow.Session - [3e/58dd67] Submitted process > NFCORE_RNASEQ:RNASEQ:BAM_MARKDUPLICATES_PICARD:PICARD_MARKDUPLICATES (RAP1_UNINDUCED_REP1)
Sep-14 11:33:29.251 [Task monitor] DEBUG n.processor.TaskPollingMonitor - Task completed > TaskHandler[id: 107; name: NFCORE_RNASEQ:RNASEQ:BAM_MARKDUPLICATES_PICARD:PICARD_MARKDUPLICATES (RAP1_UNINDUCED_REP1); status: COMPLETED; exit: 0; error: -; workDir: /groups/dthain/users/jzhou24/hpds-fa26/project-list/gbcf-nf-core/validation/test-run-sge/work/3e/58dd67712c0d040c728b4ecf95c238]
Sep-14 11:33:29.259 [Task submitter] DEBUG n.executor.local.LocalTaskHandler - Launch cmd line: /bin/bash -ue .command.run
Sep-14 11:33:29.259 [Task submitter] INFO  nextflow.Session - [83/152565] Submitted process > NFCORE_RNASEQ:RNASEQ:BEDGRAPH_BEDCLIP_BEDGRAPHTOBIGWIG_REVERSE:UCSC_BEDCLIP (WT_REP2)
Sep-14 11:33:29.263 [TaskFinalizer-7] DEBUG nextflow.processor.TaskProcessor - Process NFCORE_RNASEQ:RNASEQ:BAM_MARKDUPLICATES_PICARD:PICARD_MARKDUPLICATES > Skipping output binding because one or more optional files are missing: fileoutparam<1:1>
Sep-14 11:33:29.263 [TaskFinalizer-7] DEBUG nextflow.processor.TaskProcessor - Process NFCORE_RNASEQ:RNASEQ:BAM_MARKDUPLICATES_PICARD:PICARD_MARKDUPLICATES > Skipping output binding because one or more optional files are missing: fileoutparam<2:1>
Sep-14 11:33:29.707 [Task monitor] DEBUG n.processor.TaskPollingMonitor - Task completed > TaskHandler[id: 108; name: NFCORE_RNASEQ:RNASEQ:BEDGRAPH_BEDCLIP_BEDGRAPHTOBIGWIG_REVERSE:UCSC_BEDCLIP (WT_REP2); status: COMPLETED; exit: 0; error: -; workDir: /groups/dthain/users/jzhou24/hpds-fa26/project-list/gbcf-nf-core/validation/test-run-sge/work/83/1525653f6f8b2ae547ad05eed64d48]
Sep-14 11:33:29.715 [Task submitter] DEBUG n.executor.local.LocalTaskHandler - Launch cmd line: /bin/bash -ue .command.run
Sep-14 11:33:29.716 [Task submitter] INFO  nextflow.Session - [ec/cb4557] Submitted process > NFCORE_RNASEQ:RNASEQ:BEDGRAPH_BEDCLIP_BEDGRAPHTOBIGWIG_COMBINED:UCSC_BEDCLIP (WT_REP2)
Sep-14 11:33:29.718 [Actor Thread 33] DEBUG nextflow.container.SingularityCache - Apptainer found local store for image=docker://quay.io/biocontainers/ucsc-bedgraphtobigwig:469--h9b8f530_0; path=/groups/dthain/users/jzhou24/hpds-fa26/project-list/gbcf-nf-core/.apptainer/quay.io-biocontainers-ucsc-bedgraphtobigwig-469--h9b8f530_0.img
Sep-14 11:33:30.042 [Task monitor] DEBUG n.processor.TaskPollingMonitor - Task completed > TaskHandler[id: 109; name: NFCORE_RNASEQ:RNASEQ:BEDGRAPH_BEDCLIP_BEDGRAPHTOBIGWIG_COMBINED:UCSC_BEDCLIP (WT_REP2); status: COMPLETED; exit: 0; error: -; workDir: /groups/dthain/users/jzhou24/hpds-fa26/project-list/gbcf-nf-core/validation/test-run-sge/work/ec/cb4557a829ac87348f704ea74f255a]
Sep-14 11:33:30.050 [Task submitter] DEBUG n.executor.local.LocalTaskHandler - Launch cmd line: /bin/bash -ue .command.run
Sep-14 11:33:30.050 [Task submitter] INFO  nextflow.Session - [20/5ae6bf] Submitted process > NFCORE_RNASEQ:RNASEQ:BAM_QC_RNASEQ:BAM_RSEQC:RSEQC_INNERDISTANCE (WT_REP2)
Sep-14 11:33:33.545 [Task monitor] DEBUG n.processor.TaskPollingMonitor - Task completed > TaskHandler[id: 113; name: NFCORE_RNASEQ:RNASEQ:BAM_QC_RNASEQ:BAM_RSEQC:RSEQC_INNERDISTANCE (WT_REP2); status: COMPLETED; exit: 0; error: -; workDir: /groups/dthain/users/jzhou24/hpds-fa26/project-list/gbcf-nf-core/validation/test-run-sge/work/20/5ae6bffa7625399b558ad443d257e8]
Sep-14 11:33:33.553 [Task submitter] DEBUG n.executor.local.LocalTaskHandler - Launch cmd line: /bin/bash -ue .command.run
Sep-14 11:33:33.554 [Task submitter] INFO  nextflow.Session - [f6/58dea6] Submitted process > NFCORE_RNASEQ:RNASEQ:BAM_QC_RNASEQ:BAM_RSEQC:RSEQC_READDUPLICATION (WT_REP2)
Sep-14 11:33:35.603 [Task monitor] DEBUG n.processor.TaskPollingMonitor - Task completed > TaskHandler[id: 116; name: NFCORE_RNASEQ:RNASEQ:BAM_QC_RNASEQ:BAM_RSEQC:RSEQC_READDUPLICATION (WT_REP2); status: COMPLETED; exit: 0; error: -; workDir: /groups/dthain/users/jzhou24/hpds-fa26/project-list/gbcf-nf-core/validation/test-run-sge/work/f6/58dea64968c5c0917f1f3879a1c37a]
Sep-14 11:33:35.611 [Task submitter] DEBUG n.executor.local.LocalTaskHandler - Launch cmd line: /bin/bash -ue .command.run
Sep-14 11:33:35.611 [Task submitter] INFO  nextflow.Session - [45/7e540f] Submitted process > NFCORE_RNASEQ:RNASEQ:BAM_QC_RNASEQ:BAM_RSEQC:RSEQC_READDISTRIBUTION (WT_REP2)
Sep-14 11:33:36.916 [Task monitor] DEBUG n.processor.TaskPollingMonitor - Task completed > TaskHandler[id: 118; name: NFCORE_RNASEQ:RNASEQ:BAM_QC_RNASEQ:BAM_RSEQC:RSEQC_READDISTRIBUTION (WT_REP2); status: COMPLETED; exit: 0; error: -; workDir: /groups/dthain/users/jzhou24/hpds-fa26/project-list/gbcf-nf-core/validation/test-run-sge/work/45/7e540f667c2e03b58987a4d285b857]
Sep-14 11:33:36.922 [Task submitter] DEBUG n.executor.local.LocalTaskHandler - Launch cmd line: /bin/bash -ue .command.run
Sep-14 11:33:36.923 [Task submitter] INFO  nextflow.Session - [64/94393d] Submitted process > NFCORE_RNASEQ:RNASEQ:BAM_QC_RNASEQ:BAM_RSEQC:RSEQC_BAMSTAT (WT_REP2)
Sep-14 11:33:38.223 [Task monitor] DEBUG n.processor.TaskPollingMonitor - Task completed > TaskHandler[id: 114; name: NFCORE_RNASEQ:RNASEQ:BAM_QC_RNASEQ:BAM_RSEQC:RSEQC_BAMSTAT (WT_REP2); status: COMPLETED; exit: 0; error: -; workDir: /groups/dthain/users/jzhou24/hpds-fa26/project-list/gbcf-nf-core/validation/test-run-sge/work/64/94393d9bef3526991f9f876aa3540a]
Sep-14 11:33:38.231 [Task submitter] DEBUG n.executor.local.LocalTaskHandler - Launch cmd line: /bin/bash -ue .command.run
Sep-14 11:33:38.231 [Task submitter] INFO  nextflow.Session - [f5/63df70] Submitted process > NFCORE_RNASEQ:RNASEQ:BAM_QC_RNASEQ:SAMTOOLS_SORT_QUALIMAP (WT_REP2)
Sep-14 11:33:38.839 [Task monitor] DEBUG n.processor.TaskPollingMonitor - Task completed > TaskHandler[id: 121; name: NFCORE_RNASEQ:RNASEQ:BAM_QC_RNASEQ:SAMTOOLS_SORT_QUALIMAP (WT_REP2); status: COMPLETED; exit: 0; error: -; workDir: /groups/dthain/users/jzhou24/hpds-fa26/project-list/gbcf-nf-core/validation/test-run-sge/work/f5/63df70ee066f42eb38b66cac4758b5]
Sep-14 11:33:38.841 [TaskFinalizer-5] DEBUG n.processor.TaskFileCollector - Process `NFCORE_RNASEQ:RNASEQ:BAM_QC_RNASEQ:SAMTOOLS_SORT_QUALIMAP (WT_REP2)` is unable to find [UnixPath]: `/groups/dthain/users/jzhou24/hpds-fa26/project-list/gbcf-nf-core/validation/test-run-sge/work/f5/63df70ee066f42eb38b66cac4758b5/WT_REP2.namesorted.cram` (pattern: `WT_REP2.namesorted.cram`)
Sep-14 11:33:38.842 [TaskFinalizer-5] DEBUG n.processor.TaskFileCollector - Process `NFCORE_RNASEQ:RNASEQ:BAM_QC_RNASEQ:SAMTOOLS_SORT_QUALIMAP (WT_REP2)` is unable to find [UnixPath]: `/groups/dthain/users/jzhou24/hpds-fa26/project-list/gbcf-nf-core/validation/test-run-sge/work/f5/63df70ee066f42eb38b66cac4758b5/WT_REP2.namesorted.sam` (pattern: `WT_REP2.namesorted.sam`)
Sep-14 11:33:38.846 [Task submitter] DEBUG n.executor.local.LocalTaskHandler - Launch cmd line: /bin/bash -ue .command.run
Sep-14 11:33:38.846 [Task submitter] INFO  nextflow.Session - [0a/6f0446] Submitted process > NFCORE_RNASEQ:RNASEQ:BAM_QC_RNASEQ:BAM_RSEQC:RSEQC_JUNCTIONANNOTATION (WT_REP2)
Sep-14 11:33:38.847 [TaskFinalizer-5] DEBUG nextflow.processor.TaskProcessor - Process NFCORE_RNASEQ:RNASEQ:BAM_QC_RNASEQ:SAMTOOLS_SORT_QUALIMAP > Skipping output binding because one or more optional files are missing: fileoutparam<1:1>
Sep-14 11:33:38.847 [TaskFinalizer-5] DEBUG nextflow.processor.TaskProcessor - Process NFCORE_RNASEQ:RNASEQ:BAM_QC_RNASEQ:SAMTOOLS_SORT_QUALIMAP > Skipping output binding because one or more optional files are missing: fileoutparam<2:1>
Sep-14 11:33:38.847 [TaskFinalizer-5] DEBUG nextflow.processor.TaskProcessor - Process NFCORE_RNASEQ:RNASEQ:BAM_QC_RNASEQ:SAMTOOLS_SORT_QUALIMAP > Skipping output binding because one or more optional files are missing: fileoutparam<3:1>
Sep-14 11:33:38.852 [Actor Thread 35] DEBUG nextflow.container.SingularityCache - Apptainer found local store for image=docker://quay.io/biocontainers/qualimap:2.3--hdfd78af_0; path=/groups/dthain/users/jzhou24/hpds-fa26/project-list/gbcf-nf-core/.apptainer/quay.io-biocontainers-qualimap-2.3--hdfd78af_0.img
Sep-14 11:33:40.559 [Task monitor] DEBUG n.processor.TaskPollingMonitor - Task completed > TaskHandler[id: 117; name: NFCORE_RNASEQ:RNASEQ:BAM_QC_RNASEQ:BAM_RSEQC:RSEQC_JUNCTIONANNOTATION (WT_REP2); status: COMPLETED; exit: 0; error: -; workDir: /groups/dthain/users/jzhou24/hpds-fa26/project-list/gbcf-nf-core/validation/test-run-sge/work/0a/6f044690389709013552cc8aa2d6f4]
Sep-14 11:33:40.568 [Task submitter] DEBUG n.executor.local.LocalTaskHandler - Launch cmd line: /bin/bash -ue .command.run
Sep-14 11:33:40.569 [Task submitter] INFO  nextflow.Session - [90/272599] Submitted process > NFCORE_RNASEQ:RNASEQ:BAM_QC_RNASEQ:SUBREAD_FEATURECOUNTS (WT_REP2)
Sep-14 11:33:40.759 [Task monitor] DEBUG n.processor.TaskPollingMonitor - !! executor local > tasks to be completed: 2 -- submitted tasks are shown below
~> TaskHandler[id: 65; name: NFCORE_RNASEQ:RNASEQ:ALIGN_STAR:STAR_ALIGN (WT_REP1); status: RUNNING; exit: -; error: -; workDir: /groups/dthain/users/jzhou24/hpds-fa26/project-list/gbcf-nf-core/validation/test-run-sge/work/ae/0cb3be867bafc4d49b6e92a421138d]
~> TaskHandler[id: 122; name: NFCORE_RNASEQ:RNASEQ:BAM_QC_RNASEQ:SUBREAD_FEATURECOUNTS (WT_REP2); status: RUNNING; exit: -; error: -; workDir: /groups/dthain/users/jzhou24/hpds-fa26/project-list/gbcf-nf-core/validation/test-run-sge/work/90/272599a8e73fa5f930f96669a100ea]
Sep-14 11:33:41.071 [Task monitor] DEBUG n.processor.TaskPollingMonitor - Task completed > TaskHandler[id: 122; name: NFCORE_RNASEQ:RNASEQ:BAM_QC_RNASEQ:SUBREAD_FEATURECOUNTS (WT_REP2); status: COMPLETED; exit: 0; error: -; workDir: /groups/dthain/users/jzhou24/hpds-fa26/project-list/gbcf-nf-core/validation/test-run-sge/work/90/272599a8e73fa5f930f96669a100ea]
Sep-14 11:33:41.079 [Task submitter] DEBUG n.executor.local.LocalTaskHandler - Launch cmd line: /bin/bash -ue .command.run
Sep-14 11:33:41.079 [Task submitter] INFO  nextflow.Session - [c4/472f0b] Submitted process > NFCORE_RNASEQ:RNASEQ:BAM_QC_RNASEQ:BAM_RSEQC:RSEQC_JUNCTIONSATURATION (WT_REP2)
Sep-14 11:33:41.102 [Actor Thread 48] DEBUG nextflow.container.SingularityCache - Apptainer found local store for image=docker://quay.io/biocontainers/python:3.12.12; path=/groups/dthain/users/jzhou24/hpds-fa26/project-list/gbcf-nf-core/.apptainer/quay.io-biocontainers-python-3.12.12.img
Sep-14 11:33:42.716 [Task monitor] DEBUG n.processor.TaskPollingMonitor - Task completed > TaskHandler[id: 119; name: NFCORE_RNASEQ:RNASEQ:BAM_QC_RNASEQ:BAM_RSEQC:RSEQC_JUNCTIONSATURATION (WT_REP2); status: COMPLETED; exit: 0; error: -; workDir: /groups/dthain/users/jzhou24/hpds-fa26/project-list/gbcf-nf-core/validation/test-run-sge/work/c4/472f0b779abc9e3cdd168601900060]
Sep-14 11:33:42.723 [Task submitter] DEBUG n.executor.local.LocalTaskHandler - Launch cmd line: /bin/bash -ue .command.run
Sep-14 11:33:42.723 [Task submitter] INFO  nextflow.Session - [6c/eba5be] Submitted process > NFCORE_RNASEQ:RNASEQ:BAM_QC_RNASEQ:BAM_RSEQC:RSEQC_INFEREXPERIMENT (WT_REP2)
Sep-14 11:33:44.041 [Task monitor] DEBUG n.processor.TaskPollingMonitor - Task completed > TaskHandler[id: 115; name: NFCORE_RNASEQ:RNASEQ:BAM_QC_RNASEQ:BAM_RSEQC:RSEQC_INFEREXPERIMENT (WT_REP2); status: COMPLETED; exit: 0; error: -; workDir: /groups/dthain/users/jzhou24/hpds-fa26/project-list/gbcf-nf-core/validation/test-run-sge/work/6c/eba5bedfd25f56d7e42356f4eca3eb]
Sep-14 11:33:44.047 [Task submitter] DEBUG n.executor.local.LocalTaskHandler - Launch cmd line: /bin/bash -ue .command.run
Sep-14 11:33:44.048 [Task submitter] INFO  nextflow.Session - [95/371e56] Submitted process > NFCORE_RNASEQ:RNASEQ:BEDGRAPH_BEDCLIP_BEDGRAPHTOBIGWIG_FORWARD:UCSC_BEDCLIP (WT_REP2)
Sep-14 11:33:44.373 [Task monitor] DEBUG n.processor.TaskPollingMonitor - Task completed > TaskHandler[id: 123; name: NFCORE_RNASEQ:RNASEQ:BEDGRAPH_BEDCLIP_BEDGRAPHTOBIGWIG_FORWARD:UCSC_BEDCLIP (WT_REP2); status: COMPLETED; exit: 0; error: -; workDir: /groups/dthain/users/jzhou24/hpds-fa26/project-list/gbcf-nf-core/validation/test-run-sge/work/95/371e5665ccea01a96aba8017256f7c]
Sep-14 11:33:44.380 [Task submitter] DEBUG n.executor.local.LocalTaskHandler - Launch cmd line: /bin/bash -ue .command.run
Sep-14 11:33:44.380 [Task submitter] INFO  nextflow.Session - [57/244921] Submitted process > NFCORE_RNASEQ:RNASEQ:BAM_QC_RNASEQ:BAM_RSEQC:RSEQC_JUNCTIONANNOTATION (RAP1_UNINDUCED_REP2)
Sep-14 11:33:45.974 [Task monitor] DEBUG n.processor.TaskPollingMonitor - Task completed > TaskHandler[id: 128; name: NFCORE_RNASEQ:RNASEQ:BAM_QC_RNASEQ:BAM_RSEQC:RSEQC_JUNCTIONANNOTATION (RAP1_UNINDUCED_REP2); status: COMPLETED; exit: 0; error: -; workDir: /groups/dthain/users/jzhou24/hpds-fa26/project-list/gbcf-nf-core/validation/test-run-sge/work/57/2449217685a4d01ff2bd81d8c88d1c]
Sep-14 11:33:45.982 [Task submitter] DEBUG n.executor.local.LocalTaskHandler - Launch cmd line: /bin/bash -ue .command.run
Sep-14 11:33:45.982 [Task submitter] INFO  nextflow.Session - [69/898b10] Submitted process > NFCORE_RNASEQ:RNASEQ:BAM_QC_RNASEQ:BAM_RSEQC:RSEQC_JUNCTIONSATURATION (RAP1_UNINDUCED_REP2)
Sep-14 11:33:47.588 [Task monitor] DEBUG n.processor.TaskPollingMonitor - Task completed > TaskHandler[id: 133; name: NFCORE_RNASEQ:RNASEQ:BAM_QC_RNASEQ:BAM_RSEQC:RSEQC_JUNCTIONSATURATION (RAP1_UNINDUCED_REP2); status: COMPLETED; exit: 0; error: -; workDir: /groups/dthain/users/jzhou24/hpds-fa26/project-list/gbcf-nf-core/validation/test-run-sge/work/69/898b106adf439f6dcf1c4de8fb06c4]
Sep-14 11:33:47.595 [Task submitter] DEBUG n.executor.local.LocalTaskHandler - Launch cmd line: /bin/bash -ue .command.run
Sep-14 11:33:47.595 [Task submitter] INFO  nextflow.Session - [e4/9837e6] Submitted process > NFCORE_RNASEQ:RNASEQ:BAM_QC_RNASEQ:SUBREAD_FEATURECOUNTS (RAP1_UNINDUCED_REP2)
Sep-14 11:33:48.017 [Task monitor] DEBUG n.processor.TaskPollingMonitor - Task completed > TaskHandler[id: 131; name: NFCORE_RNASEQ:RNASEQ:BAM_QC_RNASEQ:SUBREAD_FEATURECOUNTS (RAP1_UNINDUCED_REP2); status: COMPLETED; exit: 0; error: -; workDir: /groups/dthain/users/jzhou24/hpds-fa26/project-list/gbcf-nf-core/validation/test-run-sge/work/e4/9837e6ff10d576c5910df049276950]
Sep-14 11:33:48.024 [Task submitter] DEBUG n.executor.local.LocalTaskHandler - Launch cmd line: /bin/bash -ue .command.run
Sep-14 11:33:48.025 [Task submitter] INFO  nextflow.Session - [b7/c3fc78] Submitted process > NFCORE_RNASEQ:RNASEQ:BAM_QC_RNASEQ:BAM_RSEQC:RSEQC_READDISTRIBUTION (RAP1_UNINDUCED_REP2)
Sep-14 11:33:49.027 [Task submitter] DEBUG n.processor.TaskPollingMonitor - %% executor local > tasks in the submission queue: 31 -- tasks to be submitted are shown below
~> TaskHandler[id: 135; name: NFCORE_RNASEQ:RNASEQ:BAM_QC_RNASEQ:BAM_RSEQC:RSEQC_INNERDISTANCE (RAP1_UNINDUCED_REP2); status: NEW; exit: -; error: -; workDir: /groups/dthain/users/jzhou24/hpds-fa26/project-list/gbcf-nf-core/validation/test-run-sge/work/da/b1243d565f0ef4a986f10a5b8fde5d]
~> TaskHandler[id: 129; name: NFCORE_RNASEQ:RNASEQ:BAM_QC_RNASEQ:BAM_RSEQC:RSEQC_BAMSTAT (RAP1_UNINDUCED_REP2); status: NEW; exit: -; error: -; workDir: /groups/dthain/users/jzhou24/hpds-fa26/project-list/gbcf-nf-core/validation/test-run-sge/work/bd/6e5ece37ba1a1c4968f630239f00b2]
~> TaskHandler[id: 134; name: NFCORE_RNASEQ:RNASEQ:BAM_QC_RNASEQ:BAM_RSEQC:RSEQC_INFEREXPERIMENT (RAP1_UNINDUCED_REP2); status: NEW; exit: -; error: -; workDir: /groups/dthain/users/jzhou24/hpds-fa26/project-list/gbcf-nf-core/validation/test-run-sge/work/c7/9dba7fa386c0f0f500f92a4185c497]
~> TaskHandler[id: 127; name: NFCORE_RNASEQ:RNASEQ:BAM_QC_RNASEQ:BAM_RSEQC:RSEQC_READDUPLICATION (RAP1_UNINDUCED_REP2); status: NEW; exit: -; error: -; workDir: /groups/dthain/users/jzhou24/hpds-fa26/project-list/gbcf-nf-core/validation/test-run-sge/work/9b/92a1345b9eaf779d944e94084087aa]
~> TaskHandler[id: 136; name: NFCORE_RNASEQ:RNASEQ:BAM_QC_RNASEQ:SAMTOOLS_SORT_QUALIMAP (RAP1_UNINDUCED_REP2); status: NEW; exit: -; error: -; workDir: /groups/dthain/users/jzhou24/hpds-fa26/project-list/gbcf-nf-core/validation/test-run-sge/work/70/a8e7022c5d2443af26e5f8d04195ed]
~> TaskHandler[id: 137; name: NFCORE_RNASEQ:RNASEQ:BEDGRAPH_BEDCLIP_BEDGRAPHTOBIGWIG_COMBINED:UCSC_BEDCLIP (RAP1_UNINDUCED_REP2); status: NEW; exit: -; error: -; workDir: /groups/dthain/users/jzhou24/hpds-fa26/project-list/gbcf-nf-core/validation/test-run-sge/work/44/c7019e8c75d2c4f02db7fa4e7ccebd]
~> TaskHandler[id: 138; name: NFCORE_RNASEQ:RNASEQ:BEDGRAPH_BEDCLIP_BEDGRAPHTOBIGWIG_REVERSE:UCSC_BEDCLIP (RAP1_UNINDUCED_REP2); status: NEW; exit: -; error: -; workDir: /groups/dthain/users/jzhou24/hpds-fa26/project-list/gbcf-nf-core/validation/test-run-sge/work/7c/573bb27072687a9496ca2cf5eb18ad]
~> TaskHandler[id: 139; name: NFCORE_RNASEQ:RNASEQ:BEDGRAPH_BEDCLIP_BEDGRAPHTOBIGWIG_FORWARD:UCSC_BEDCLIP (RAP1_UNINDUCED_REP2); status: NEW; exit: -; error: -; workDir: /groups/dthain/users/jzhou24/hpds-fa26/project-list/gbcf-nf-core/validation/test-run-sge/work/50/da188dfe647d62e10a868ca18fb47d]
~> TaskHandler[id: 140; name: NFCORE_RNASEQ:RNASEQ:BEDGRAPH_BEDCLIP_BEDGRAPHTOBIGWIG_FORWARD:UCSC_BEDCLIP (RAP1_IAA_30M_REP1); status: NEW; exit: -; error: -; workDir: /groups/dthain/users/jzhou24/hpds-fa26/project-list/gbcf-nf-core/validation/test-run-sge/work/6d/598444fc058beb7b843b9e3155d40d]
~> TaskHandler[id: 141; name: NFCORE_RNASEQ:RNASEQ:BEDGRAPH_BEDCLIP_BEDGRAPHTOBIGWIG_REVERSE:UCSC_BEDCLIP (RAP1_IAA_30M_REP1); status: NEW; exit: -; error: -; workDir: /groups/dthain/users/jzhou24/hpds-fa26/project-list/gbcf-nf-core/validation/test-run-sge/work/46/c767aa03bf7259551c54ef2096964f]
.. remaining tasks omitted.
Sep-14 11:33:49.151 [Task monitor] DEBUG n.processor.TaskPollingMonitor - Task completed > TaskHandler[id: 132; name: NFCORE_RNASEQ:RNASEQ:BAM_QC_RNASEQ:BAM_RSEQC:RSEQC_READDISTRIBUTION (RAP1_UNINDUCED_REP2); status: COMPLETED; exit: 0; error: -; workDir: /groups/dthain/users/jzhou24/hpds-fa26/project-list/gbcf-nf-core/validation/test-run-sge/work/b7/c3fc78e18a5cd1d6c8ef2478c5c8b2]
Sep-14 11:33:49.159 [Task submitter] DEBUG n.executor.local.LocalTaskHandler - Launch cmd line: /bin/bash -ue .command.run
Sep-14 11:33:49.159 [Task submitter] INFO  nextflow.Session - [da/b1243d] Submitted process > NFCORE_RNASEQ:RNASEQ:BAM_QC_RNASEQ:BAM_RSEQC:RSEQC_INNERDISTANCE (RAP1_UNINDUCED_REP2)
Sep-14 11:33:49.927 [Task monitor] DEBUG n.processor.TaskPollingMonitor - Task completed > TaskHandler[id: 135; name: NFCORE_RNASEQ:RNASEQ:BAM_QC_RNASEQ:BAM_RSEQC:RSEQC_INNERDISTANCE (RAP1_UNINDUCED_REP2); status: COMPLETED; exit: 0; error: -; workDir: /groups/dthain/users/jzhou24/hpds-fa26/project-list/gbcf-nf-core/validation/test-run-sge/work/da/b1243d565f0ef4a986f10a5b8fde5d]
Sep-14 11:33:49.935 [Task submitter] DEBUG n.executor.local.LocalTaskHandler - Launch cmd line: /bin/bash -ue .command.run
Sep-14 11:33:49.935 [Task submitter] INFO  nextflow.Session - [bd/6e5ece] Submitted process > NFCORE_RNASEQ:RNASEQ:BAM_QC_RNASEQ:BAM_RSEQC:RSEQC_BAMSTAT (RAP1_UNINDUCED_REP2)
Sep-14 11:33:49.936 [TaskFinalizer-5] DEBUG nextflow.processor.TaskProcessor - Process NFCORE_RNASEQ:RNASEQ:BAM_QC_RNASEQ:BAM_RSEQC:RSEQC_INNERDISTANCE > Skipping output binding because one or more optional files are missing: fileoutparam<1:1>
Sep-14 11:33:49.936 [TaskFinalizer-5] DEBUG nextflow.processor.TaskProcessor - Process NFCORE_RNASEQ:RNASEQ:BAM_QC_RNASEQ:BAM_RSEQC:RSEQC_INNERDISTANCE > Skipping output binding because one or more optional files are missing: fileoutparam<2:1>
Sep-14 11:33:49.936 [TaskFinalizer-5] DEBUG nextflow.processor.TaskProcessor - Process NFCORE_RNASEQ:RNASEQ:BAM_QC_RNASEQ:BAM_RSEQC:RSEQC_INNERDISTANCE > Skipping output binding because one or more optional files are missing: fileoutparam<3:1>
Sep-14 11:33:49.936 [TaskFinalizer-5] DEBUG nextflow.processor.TaskProcessor - Process NFCORE_RNASEQ:RNASEQ:BAM_QC_RNASEQ:BAM_RSEQC:RSEQC_INNERDISTANCE > Skipping output binding because one or more optional files are missing: fileoutparam<4:1>
Sep-14 11:33:51.006 [Task monitor] DEBUG n.processor.TaskPollingMonitor - Task completed > TaskHandler[id: 129; name: NFCORE_RNASEQ:RNASEQ:BAM_QC_RNASEQ:BAM_RSEQC:RSEQC_BAMSTAT (RAP1_UNINDUCED_REP2); status: COMPLETED; exit: 0; error: -; workDir: /groups/dthain/users/jzhou24/hpds-fa26/project-list/gbcf-nf-core/validation/test-run-sge/work/bd/6e5ece37ba1a1c4968f630239f00b2]
Sep-14 11:33:51.013 [Task submitter] DEBUG n.executor.local.LocalTaskHandler - Launch cmd line: /bin/bash -ue .command.run
Sep-14 11:33:51.013 [Task submitter] INFO  nextflow.Session - [c7/9dba7f] Submitted process > NFCORE_RNASEQ:RNASEQ:BAM_QC_RNASEQ:BAM_RSEQC:RSEQC_INFEREXPERIMENT (RAP1_UNINDUCED_REP2)
Sep-14 11:33:52.166 [Task monitor] DEBUG n.processor.TaskPollingMonitor - Task completed > TaskHandler[id: 134; name: NFCORE_RNASEQ:RNASEQ:BAM_QC_RNASEQ:BAM_RSEQC:RSEQC_INFEREXPERIMENT (RAP1_UNINDUCED_REP2); status: COMPLETED; exit: 0; error: -; workDir: /groups/dthain/users/jzhou24/hpds-fa26/project-list/gbcf-nf-core/validation/test-run-sge/work/c7/9dba7fa386c0f0f500f92a4185c497]
Sep-14 11:33:52.174 [Task submitter] DEBUG n.executor.local.LocalTaskHandler - Launch cmd line: /bin/bash -ue .command.run
Sep-14 11:33:52.174 [Task submitter] INFO  nextflow.Session - [9b/92a134] Submitted process > NFCORE_RNASEQ:RNASEQ:BAM_QC_RNASEQ:BAM_RSEQC:RSEQC_READDUPLICATION (RAP1_UNINDUCED_REP2)
Sep-14 11:33:54.283 [Task monitor] DEBUG n.processor.TaskPollingMonitor - Task completed > TaskHandler[id: 127; name: NFCORE_RNASEQ:RNASEQ:BAM_QC_RNASEQ:BAM_RSEQC:RSEQC_READDUPLICATION (RAP1_UNINDUCED_REP2); status: COMPLETED; exit: 0; error: -; workDir: /groups/dthain/users/jzhou24/hpds-fa26/project-list/gbcf-nf-core/validation/test-run-sge/work/9b/92a1345b9eaf779d944e94084087aa]
Sep-14 11:33:54.291 [Task submitter] DEBUG n.executor.local.LocalTaskHandler - Launch cmd line: /bin/bash -ue .command.run
Sep-14 11:33:54.291 [Task submitter] INFO  nextflow.Session - [70/a8e702] Submitted process > NFCORE_RNASEQ:RNASEQ:BAM_QC_RNASEQ:SAMTOOLS_SORT_QUALIMAP (RAP1_UNINDUCED_REP2)
Sep-14 11:33:54.894 [Task monitor] DEBUG n.processor.TaskPollingMonitor - Task completed > TaskHandler[id: 136; name: NFCORE_RNASEQ:RNASEQ:BAM_QC_RNASEQ:SAMTOOLS_SORT_QUALIMAP (RAP1_UNINDUCED_REP2); status: COMPLETED; exit: 0; error: -; workDir: /groups/dthain/users/jzhou24/hpds-fa26/project-list/gbcf-nf-core/validation/test-run-sge/work/70/a8e7022c5d2443af26e5f8d04195ed]
Sep-14 11:33:54.896 [TaskFinalizer-9] DEBUG n.processor.TaskFileCollector - Process `NFCORE_RNASEQ:RNASEQ:BAM_QC_RNASEQ:SAMTOOLS_SORT_QUALIMAP (RAP1_UNINDUCED_REP2)` is unable to find [UnixPath]: `/groups/dthain/users/jzhou24/hpds-fa26/project-list/gbcf-nf-core/validation/test-run-sge/work/70/a8e7022c5d2443af26e5f8d04195ed/RAP1_UNINDUCED_REP2.namesorted.cram` (pattern: `RAP1_UNINDUCED_REP2.namesorted.cram`)
Sep-14 11:33:54.897 [TaskFinalizer-9] DEBUG n.processor.TaskFileCollector - Process `NFCORE_RNASEQ:RNASEQ:BAM_QC_RNASEQ:SAMTOOLS_SORT_QUALIMAP (RAP1_UNINDUCED_REP2)` is unable to find [UnixPath]: `/groups/dthain/users/jzhou24/hpds-fa26/project-list/gbcf-nf-core/validation/test-run-sge/work/70/a8e7022c5d2443af26e5f8d04195ed/RAP1_UNINDUCED_REP2.namesorted.sam` (pattern: `RAP1_UNINDUCED_REP2.namesorted.sam`)
Sep-14 11:33:54.901 [TaskFinalizer-9] DEBUG nextflow.processor.TaskProcessor - Process NFCORE_RNASEQ:RNASEQ:BAM_QC_RNASEQ:SAMTOOLS_SORT_QUALIMAP > Skipping output binding because one or more optional files are missing: fileoutparam<1:1>
Sep-14 11:33:54.902 [TaskFinalizer-9] DEBUG nextflow.processor.TaskProcessor - Process NFCORE_RNASEQ:RNASEQ:BAM_QC_RNASEQ:SAMTOOLS_SORT_QUALIMAP > Skipping output binding because one or more optional files are missing: fileoutparam<2:1>
Sep-14 11:33:54.902 [TaskFinalizer-9] DEBUG nextflow.processor.TaskProcessor - Process NFCORE_RNASEQ:RNASEQ:BAM_QC_RNASEQ:SAMTOOLS_SORT_QUALIMAP > Skipping output binding because one or more optional files are missing: fileoutparam<3:1>
Sep-14 11:33:54.902 [Task submitter] DEBUG n.executor.local.LocalTaskHandler - Launch cmd line: /bin/bash -ue .command.run
Sep-14 11:33:54.902 [Task submitter] INFO  nextflow.Session - [44/c7019e] Submitted process > NFCORE_RNASEQ:RNASEQ:BEDGRAPH_BEDCLIP_BEDGRAPHTOBIGWIG_COMBINED:UCSC_BEDCLIP (RAP1_UNINDUCED_REP2)
Sep-14 11:33:55.227 [Task monitor] DEBUG n.processor.TaskPollingMonitor - Task completed > TaskHandler[id: 137; name: NFCORE_RNASEQ:RNASEQ:BEDGRAPH_BEDCLIP_BEDGRAPHTOBIGWIG_COMBINED:UCSC_BEDCLIP (RAP1_UNINDUCED_REP2); status: COMPLETED; exit: 0; error: -; workDir: /groups/dthain/users/jzhou24/hpds-fa26/project-list/gbcf-nf-core/validation/test-run-sge/work/44/c7019e8c75d2c4f02db7fa4e7ccebd]
Sep-14 11:33:55.235 [Task submitter] DEBUG n.executor.local.LocalTaskHandler - Launch cmd line: /bin/bash -ue .command.run
Sep-14 11:33:55.235 [Task submitter] INFO  nextflow.Session - [7c/573bb2] Submitted process > NFCORE_RNASEQ:RNASEQ:BEDGRAPH_BEDCLIP_BEDGRAPHTOBIGWIG_REVERSE:UCSC_BEDCLIP (RAP1_UNINDUCED_REP2)
Sep-14 11:33:55.562 [Task monitor] DEBUG n.processor.TaskPollingMonitor - Task completed > TaskHandler[id: 138; name: NFCORE_RNASEQ:RNASEQ:BEDGRAPH_BEDCLIP_BEDGRAPHTOBIGWIG_REVERSE:UCSC_BEDCLIP (RAP1_UNINDUCED_REP2); status: COMPLETED; exit: 0; error: -; workDir: /groups/dthain/users/jzhou24/hpds-fa26/project-list/gbcf-nf-core/validation/test-run-sge/work/7c/573bb27072687a9496ca2cf5eb18ad]
Sep-14 11:33:55.570 [Task submitter] DEBUG n.executor.local.LocalTaskHandler - Launch cmd line: /bin/bash -ue .command.run
Sep-14 11:33:55.570 [Task submitter] INFO  nextflow.Session - [50/da188d] Submitted process > NFCORE_RNASEQ:RNASEQ:BEDGRAPH_BEDCLIP_BEDGRAPHTOBIGWIG_FORWARD:UCSC_BEDCLIP (RAP1_UNINDUCED_REP2)
Sep-14 11:33:55.893 [Task monitor] DEBUG n.processor.TaskPollingMonitor - Task completed > TaskHandler[id: 139; name: NFCORE_RNASEQ:RNASEQ:BEDGRAPH_BEDCLIP_BEDGRAPHTOBIGWIG_FORWARD:UCSC_BEDCLIP (RAP1_UNINDUCED_REP2); status: COMPLETED; exit: 0; error: -; workDir: /groups/dthain/users/jzhou24/hpds-fa26/project-list/gbcf-nf-core/validation/test-run-sge/work/50/da188dfe647d62e10a868ca18fb47d]
Sep-14 11:33:55.900 [Task submitter] DEBUG n.executor.local.LocalTaskHandler - Launch cmd line: /bin/bash -ue .command.run
Sep-14 11:33:55.900 [Task submitter] INFO  nextflow.Session - [6d/598444] Submitted process > NFCORE_RNASEQ:RNASEQ:BEDGRAPH_BEDCLIP_BEDGRAPHTOBIGWIG_FORWARD:UCSC_BEDCLIP (RAP1_IAA_30M_REP1)
Sep-14 11:33:56.217 [Task monitor] DEBUG n.processor.TaskPollingMonitor - Task completed > TaskHandler[id: 140; name: NFCORE_RNASEQ:RNASEQ:BEDGRAPH_BEDCLIP_BEDGRAPHTOBIGWIG_FORWARD:UCSC_BEDCLIP (RAP1_IAA_30M_REP1); status: COMPLETED; exit: 0; error: -; workDir: /groups/dthain/users/jzhou24/hpds-fa26/project-list/gbcf-nf-core/validation/test-run-sge/work/6d/598444fc058beb7b843b9e3155d40d]
Sep-14 11:33:56.225 [Task submitter] DEBUG n.executor.local.LocalTaskHandler - Launch cmd line: /bin/bash -ue .command.run
Sep-14 11:33:56.225 [Task submitter] INFO  nextflow.Session - [46/c767aa] Submitted process > NFCORE_RNASEQ:RNASEQ:BEDGRAPH_BEDCLIP_BEDGRAPHTOBIGWIG_REVERSE:UCSC_BEDCLIP (RAP1_IAA_30M_REP1)
Sep-14 11:33:56.545 [Task monitor] DEBUG n.processor.TaskPollingMonitor - Task completed > TaskHandler[id: 141; name: NFCORE_RNASEQ:RNASEQ:BEDGRAPH_BEDCLIP_BEDGRAPHTOBIGWIG_REVERSE:UCSC_BEDCLIP (RAP1_IAA_30M_REP1); status: COMPLETED; exit: 0; error: -; workDir: /groups/dthain/users/jzhou24/hpds-fa26/project-list/gbcf-nf-core/validation/test-run-sge/work/46/c767aa03bf7259551c54ef2096964f]
Sep-14 11:33:56.553 [Task submitter] DEBUG n.executor.local.LocalTaskHandler - Launch cmd line: /bin/bash -ue .command.run
Sep-14 11:33:56.553 [Task submitter] INFO  nextflow.Session - [81/9d1060] Submitted process > NFCORE_RNASEQ:RNASEQ:BEDGRAPH_BEDCLIP_BEDGRAPHTOBIGWIG_COMBINED:UCSC_BEDCLIP (RAP1_IAA_30M_REP1)
Sep-14 11:33:56.884 [Task monitor] DEBUG n.processor.TaskPollingMonitor - Task completed > TaskHandler[id: 142; name: NFCORE_RNASEQ:RNASEQ:BEDGRAPH_BEDCLIP_BEDGRAPHTOBIGWIG_COMBINED:UCSC_BEDCLIP (RAP1_IAA_30M_REP1); status: COMPLETED; exit: 0; error: -; workDir: /groups/dthain/users/jzhou24/hpds-fa26/project-list/gbcf-nf-core/validation/test-run-sge/work/81/9d10604e85c1ee353ab6a03d646278]
Sep-14 11:33:56.891 [Task submitter] DEBUG n.executor.local.LocalTaskHandler - Launch cmd line: /bin/bash -ue .command.run
Sep-14 11:33:56.891 [Task submitter] INFO  nextflow.Session - [2a/42176d] Submitted process > NFCORE_RNASEQ:RNASEQ:BAM_QC_RNASEQ:SUBREAD_FEATURECOUNTS (RAP1_IAA_30M_REP1)
Sep-14 11:33:57.317 [Task monitor] DEBUG n.processor.TaskPollingMonitor - Task completed > TaskHandler[id: 147; name: NFCORE_RNASEQ:RNASEQ:BAM_QC_RNASEQ:SUBREAD_FEATURECOUNTS (RAP1_IAA_30M_REP1); status: COMPLETED; exit: 0; error: -; workDir: /groups/dthain/users/jzhou24/hpds-fa26/project-list/gbcf-nf-core/validation/test-run-sge/work/2a/42176da6cff506031c9363a9864683]
Sep-14 11:33:57.344 [Task submitter] DEBUG n.executor.local.LocalTaskHandler - Launch cmd line: /bin/bash -ue .command.run
Sep-14 11:33:57.344 [Task submitter] INFO  nextflow.Session - [04/f25c36] Submitted process > NFCORE_RNASEQ:RNASEQ:BAM_QC_RNASEQ:BAM_RSEQC:RSEQC_INNERDISTANCE (RAP1_IAA_30M_REP1)
Sep-14 11:33:59.520 [Task monitor] DEBUG n.processor.TaskPollingMonitor - Task completed > TaskHandler[id: 65; name: NFCORE_RNASEQ:RNASEQ:ALIGN_STAR:STAR_ALIGN (WT_REP1); status: COMPLETED; exit: 0; error: -; workDir: /groups/dthain/users/jzhou24/hpds-fa26/project-list/gbcf-nf-core/validation/test-run-sge/work/ae/0cb3be867bafc4d49b6e92a421138d]
Sep-14 11:33:59.527 [Task submitter] DEBUG n.executor.local.LocalTaskHandler - Launch cmd line: /bin/bash -ue .command.run
Sep-14 11:33:59.527 [Task submitter] INFO  nextflow.Session - [4b/c39593] Submitted process > NFCORE_RNASEQ:RNASEQ:BAM_QC_RNASEQ:BAM_RSEQC:RSEQC_JUNCTIONANNOTATION (RAP1_IAA_30M_REP1)
Sep-14 11:33:59.537 [TaskFinalizer-8] DEBUG n.processor.TaskFileCollector - Process `NFCORE_RNASEQ:RNASEQ:ALIGN_STAR:STAR_ALIGN (WT_REP1)` is unable to find [UnixPath]: `/groups/dthain/users/jzhou24/hpds-fa26/project-list/gbcf-nf-core/validation/test-run-sge/work/ae/0cb3be867bafc4d49b6e92a421138d/WT_REP1.sortedByCoord.out.bam` (pattern: `WT_REP1.sortedByCoord.out.bam`)
Sep-14 11:33:59.538 [TaskFinalizer-8] DEBUG n.processor.TaskFileCollector - Process `NFCORE_RNASEQ:RNASEQ:ALIGN_STAR:STAR_ALIGN (WT_REP1)` is unable to find [UnixPath]: `/groups/dthain/users/jzhou24/hpds-fa26/project-list/gbcf-nf-core/validation/test-run-sge/work/ae/0cb3be867bafc4d49b6e92a421138d/WT_REP1.Aligned.sortedByCoord.out.bam` (pattern: `WT_REP1.Aligned.sortedByCoord.out.bam`)
Sep-14 11:33:59.565 [TaskFinalizer-8] DEBUG nextflow.processor.TaskProcessor - Process NFCORE_RNASEQ:RNASEQ:ALIGN_STAR:STAR_ALIGN > Skipping output binding because one or more optional files are missing: fileoutparam<7:1>
Sep-14 11:33:59.566 [TaskFinalizer-8] DEBUG nextflow.processor.TaskProcessor - Process NFCORE_RNASEQ:RNASEQ:ALIGN_STAR:STAR_ALIGN > Skipping output binding because one or more optional files are missing: fileoutparam<8:1>
Sep-14 11:33:59.566 [TaskFinalizer-8] DEBUG nextflow.processor.TaskProcessor - Process NFCORE_RNASEQ:RNASEQ:ALIGN_STAR:STAR_ALIGN > Skipping output binding because one or more optional files are missing: fileoutparam<10:1>
Sep-14 11:33:59.566 [TaskFinalizer-8] DEBUG nextflow.processor.TaskProcessor - Process NFCORE_RNASEQ:RNASEQ:ALIGN_STAR:STAR_ALIGN > Skipping output binding because one or more optional files are missing: fileoutparam<11:1>
Sep-14 11:33:59.566 [TaskFinalizer-8] DEBUG nextflow.processor.TaskProcessor - Process NFCORE_RNASEQ:RNASEQ:ALIGN_STAR:STAR_ALIGN > Skipping output binding because one or more optional files are missing: fileoutparam<14:1>
Sep-14 11:33:59.566 [TaskFinalizer-8] DEBUG nextflow.processor.TaskProcessor - Process NFCORE_RNASEQ:RNASEQ:ALIGN_STAR:STAR_ALIGN > Skipping output binding because one or more optional files are missing: fileoutparam<15:1>
Sep-14 11:33:59.566 [TaskFinalizer-8] DEBUG nextflow.processor.TaskProcessor - Process NFCORE_RNASEQ:RNASEQ:ALIGN_STAR:STAR_ALIGN > Skipping output binding because one or more optional files are missing: fileoutparam<16:1>
Sep-14 11:33:59.566 [TaskFinalizer-8] DEBUG nextflow.processor.TaskProcessor - Process NFCORE_RNASEQ:RNASEQ:ALIGN_STAR:STAR_ALIGN > Skipping output binding because one or more optional files are missing: fileoutparam<17:1>
Sep-14 11:33:59.566 [TaskFinalizer-8] DEBUG nextflow.processor.TaskProcessor - Process NFCORE_RNASEQ:RNASEQ:ALIGN_STAR:STAR_ALIGN > Skipping output binding because one or more optional files are missing: fileoutparam<18:1>
Sep-14 11:33:59.960 [Task monitor] DEBUG n.processor.TaskPollingMonitor - Task completed > TaskHandler[id: 154; name: NFCORE_RNASEQ:RNASEQ:BAM_QC_RNASEQ:BAM_RSEQC:RSEQC_INNERDISTANCE (RAP1_IAA_30M_REP1); status: COMPLETED; exit: 0; error: -; workDir: /groups/dthain/users/jzhou24/hpds-fa26/project-list/gbcf-nf-core/validation/test-run-sge/work/04/f25c363267a519b5649b51ff09a8c2]
Sep-14 11:33:59.967 [Task submitter] DEBUG n.executor.local.LocalTaskHandler - Launch cmd line: /bin/bash -ue .command.run
Sep-14 11:33:59.968 [Task submitter] INFO  nextflow.Session - [46/e95b7f] Submitted process > NFCORE_RNASEQ:RNASEQ:BAM_QC_RNASEQ:BAM_RSEQC:RSEQC_READDUPLICATION (RAP1_IAA_30M_REP1)
Sep-14 11:34:01.355 [Task monitor] DEBUG n.processor.TaskPollingMonitor - Task completed > TaskHandler[id: 150; name: NFCORE_RNASEQ:RNASEQ:BAM_QC_RNASEQ:BAM_RSEQC:RSEQC_JUNCTIONANNOTATION (RAP1_IAA_30M_REP1); status: COMPLETED; exit: 0; error: -; workDir: /groups/dthain/users/jzhou24/hpds-fa26/project-list/gbcf-nf-core/validation/test-run-sge/work/4b/c395932e51561a58a3b26e347f2a7f]
Sep-14 11:34:01.364 [Task submitter] DEBUG n.executor.local.LocalTaskHandler - Launch cmd line: /bin/bash -ue .command.run
Sep-14 11:34:01.364 [Task submitter] INFO  nextflow.Session - [b0/e14dba] Submitted process > NFCORE_RNASEQ:RNASEQ:BAM_QC_RNASEQ:BAM_RSEQC:RSEQC_JUNCTIONSATURATION (RAP1_IAA_30M_REP1)
Sep-14 11:34:02.249 [Task monitor] DEBUG n.processor.TaskPollingMonitor - Task completed > TaskHandler[id: 148; name: NFCORE_RNASEQ:RNASEQ:BAM_QC_RNASEQ:BAM_RSEQC:RSEQC_READDUPLICATION (RAP1_IAA_30M_REP1); status: COMPLETED; exit: 0; error: -; workDir: /groups/dthain/users/jzhou24/hpds-fa26/project-list/gbcf-nf-core/validation/test-run-sge/work/46/e95b7f8d66a576c97e2449bb355547]
Sep-14 11:34:02.257 [Task submitter] DEBUG n.executor.local.LocalTaskHandler - Launch cmd line: /bin/bash -ue .command.run
Sep-14 11:34:02.257 [Task submitter] INFO  nextflow.Session - [7f/dea3ef] Submitted process > NFCORE_RNASEQ:RNASEQ:BAM_QC_RNASEQ:SAMTOOLS_SORT_QUALIMAP (RAP1_IAA_30M_REP1)
Sep-14 11:34:02.905 [Task monitor] DEBUG n.processor.TaskPollingMonitor - Task completed > TaskHandler[id: 155; name: NFCORE_RNASEQ:RNASEQ:BAM_QC_RNASEQ:SAMTOOLS_SORT_QUALIMAP (RAP1_IAA_30M_REP1); status: COMPLETED; exit: 0; error: -; workDir: /groups/dthain/users/jzhou24/hpds-fa26/project-list/gbcf-nf-core/validation/test-run-sge/work/7f/dea3efc704ec6a8cac0253eb1d5d97]
Sep-14 11:34:02.907 [TaskFinalizer-2] DEBUG n.processor.TaskFileCollector - Process `NFCORE_RNASEQ:RNASEQ:BAM_QC_RNASEQ:SAMTOOLS_SORT_QUALIMAP (RAP1_IAA_30M_REP1)` is unable to find [UnixPath]: `/groups/dthain/users/jzhou24/hpds-fa26/project-list/gbcf-nf-core/validation/test-run-sge/work/7f/dea3efc704ec6a8cac0253eb1d5d97/RAP1_IAA_30M_REP1.namesorted.cram` (pattern: `RAP1_IAA_30M_REP1.namesorted.cram`)
Sep-14 11:34:02.908 [TaskFinalizer-2] DEBUG n.processor.TaskFileCollector - Process `NFCORE_RNASEQ:RNASEQ:BAM_QC_RNASEQ:SAMTOOLS_SORT_QUALIMAP (RAP1_IAA_30M_REP1)` is unable to find [UnixPath]: `/groups/dthain/users/jzhou24/hpds-fa26/project-list/gbcf-nf-core/validation/test-run-sge/work/7f/dea3efc704ec6a8cac0253eb1d5d97/RAP1_IAA_30M_REP1.namesorted.sam` (pattern: `RAP1_IAA_30M_REP1.namesorted.sam`)
Sep-14 11:34:02.913 [Task submitter] DEBUG n.executor.local.LocalTaskHandler - Launch cmd line: /bin/bash -ue .command.run
Sep-14 11:34:02.913 [Task submitter] INFO  nextflow.Session - [e6/4cc77c] Submitted process > NFCORE_RNASEQ:RNASEQ:BAM_QC_RNASEQ:BAM_RSEQC:RSEQC_READDISTRIBUTION (RAP1_IAA_30M_REP1)
Sep-14 11:34:02.913 [TaskFinalizer-2] DEBUG nextflow.processor.TaskProcessor - Process NFCORE_RNASEQ:RNASEQ:BAM_QC_RNASEQ:SAMTOOLS_SORT_QUALIMAP > Skipping output binding because one or more optional files are missing: fileoutparam<1:1>
Sep-14 11:34:02.913 [TaskFinalizer-2] DEBUG nextflow.processor.TaskProcessor - Process NFCORE_RNASEQ:RNASEQ:BAM_QC_RNASEQ:SAMTOOLS_SORT_QUALIMAP > Skipping output binding because one or more optional files are missing: fileoutparam<2:1>
Sep-14 11:34:02.913 [TaskFinalizer-2] DEBUG nextflow.processor.TaskProcessor - Process NFCORE_RNASEQ:RNASEQ:BAM_QC_RNASEQ:SAMTOOLS_SORT_QUALIMAP > Skipping output binding because one or more optional files are missing: fileoutparam<3:1>
Sep-14 11:34:03.112 [Task monitor] DEBUG n.processor.TaskPollingMonitor - Task completed > TaskHandler[id: 149; name: NFCORE_RNASEQ:RNASEQ:BAM_QC_RNASEQ:BAM_RSEQC:RSEQC_JUNCTIONSATURATION (RAP1_IAA_30M_REP1); status: COMPLETED; exit: 0; error: -; workDir: /groups/dthain/users/jzhou24/hpds-fa26/project-list/gbcf-nf-core/validation/test-run-sge/work/b0/e14dba30b85bba7d26ec9c59c09bf1]
Sep-14 11:34:03.119 [Task submitter] DEBUG n.executor.local.LocalTaskHandler - Launch cmd line: /bin/bash -ue .command.run
Sep-14 11:34:03.120 [Task submitter] INFO  nextflow.Session - [b5/ab4004] Submitted process > NFCORE_RNASEQ:RNASEQ:BAM_QC_RNASEQ:BAM_RSEQC:RSEQC_BAMSTAT (RAP1_IAA_30M_REP1)
Sep-14 11:34:04.311 [Task monitor] DEBUG n.processor.TaskPollingMonitor - Task completed > TaskHandler[id: 151; name: NFCORE_RNASEQ:RNASEQ:BAM_QC_RNASEQ:BAM_RSEQC:RSEQC_READDISTRIBUTION (RAP1_IAA_30M_REP1); status: COMPLETED; exit: 0; error: -; workDir: /groups/dthain/users/jzhou24/hpds-fa26/project-list/gbcf-nf-core/validation/test-run-sge/work/e6/4cc77c709590f6832a5d000a300191]
Sep-14 11:34:04.320 [Task submitter] DEBUG n.executor.local.LocalTaskHandler - Launch cmd line: /bin/bash -ue .command.run
Sep-14 11:34:04.320 [Task submitter] INFO  nextflow.Session - [f8/27bc44] Submitted process > NFCORE_RNASEQ:RNASEQ:BAM_QC_RNASEQ:BAM_RSEQC:RSEQC_INFEREXPERIMENT (RAP1_IAA_30M_REP1)
Sep-14 11:34:04.542 [Task monitor] DEBUG n.processor.TaskPollingMonitor - Task completed > TaskHandler[id: 152; name: NFCORE_RNASEQ:RNASEQ:BAM_QC_RNASEQ:BAM_RSEQC:RSEQC_BAMSTAT (RAP1_IAA_30M_REP1); status: COMPLETED; exit: 0; error: -; workDir: /groups/dthain/users/jzhou24/hpds-fa26/project-list/gbcf-nf-core/validation/test-run-sge/work/b5/ab4004f13e2003accb686c087568cf]
Sep-14 11:34:04.554 [Task submitter] DEBUG n.executor.local.LocalTaskHandler - Launch cmd line: /bin/bash -ue .command.run
Sep-14 11:34:04.554 [Task submitter] INFO  nextflow.Session - [da/c14bfc] Submitted process > NFCORE_RNASEQ:RNASEQ:BEDTOOLS_GENOMECOV_FW (RAP1_UNINDUCED_REP1)
Sep-14 11:34:04.560 [Task submitter] DEBUG n.executor.local.LocalTaskHandler - Launch cmd line: /bin/bash -ue .command.run
Sep-14 11:34:04.561 [Task submitter] INFO  nextflow.Session - [8f/3718ee] Submitted process > NFCORE_RNASEQ:RNASEQ:BEDTOOLS_GENOMECOV_COMBINED (RAP1_UNINDUCED_REP1)
Sep-14 11:34:04.567 [Task submitter] DEBUG n.executor.local.LocalTaskHandler - Launch cmd line: /bin/bash -ue .command.run
Sep-14 11:34:04.568 [Task submitter] INFO  nextflow.Session - [3b/38fdf7] Submitted process > NFCORE_RNASEQ:RNASEQ:BEDTOOLS_GENOMECOV_REV (RAP1_UNINDUCED_REP1)
Sep-14 11:34:04.574 [Task submitter] DEBUG n.executor.local.LocalTaskHandler - Launch cmd line: /bin/bash -ue .command.run
Sep-14 11:34:04.575 [Task submitter] INFO  nextflow.Session - [0d/325e83] Submitted process > NFCORE_RNASEQ:RNASEQ:BEDGRAPH_BEDCLIP_BEDGRAPHTOBIGWIG_REVERSE:UCSC_BEDGRAPHTOBIGWIG (WT_REP2)
Sep-14 11:34:05.099 [Task monitor] DEBUG n.processor.TaskPollingMonitor - Task completed > TaskHandler[id: 158; name: NFCORE_RNASEQ:RNASEQ:BEDTOOLS_GENOMECOV_REV (RAP1_UNINDUCED_REP1); status: COMPLETED; exit: 0; error: -; workDir: /groups/dthain/users/jzhou24/hpds-fa26/project-list/gbcf-nf-core/validation/test-run-sge/work/3b/38fdf7793b7fd0401e70e6d6c80db5]
Sep-14 11:34:05.107 [Task monitor] DEBUG n.processor.TaskPollingMonitor - Task completed > TaskHandler[id: 159; name: NFCORE_RNASEQ:RNASEQ:BEDTOOLS_GENOMECOV_FW (RAP1_UNINDUCED_REP1); status: COMPLETED; exit: 0; error: -; workDir: /groups/dthain/users/jzhou24/hpds-fa26/project-list/gbcf-nf-core/validation/test-run-sge/work/da/c14bfca9ea879eb41d7a95dd706445]
Sep-14 11:34:05.108 [Task submitter] DEBUG n.executor.local.LocalTaskHandler - Launch cmd line: /bin/bash -ue .command.run
Sep-14 11:34:05.108 [Task submitter] INFO  nextflow.Session - [5e/061017] Submitted process > NFCORE_RNASEQ:RNASEQ:BEDGRAPH_BEDCLIP_BEDGRAPHTOBIGWIG_COMBINED:UCSC_BEDGRAPHTOBIGWIG (WT_REP2)
Sep-14 11:34:05.117 [Task submitter] DEBUG n.executor.local.LocalTaskHandler - Launch cmd line: /bin/bash -ue .command.run
Sep-14 11:34:05.117 [Task submitter] INFO  nextflow.Session - [b8/046c9d] Submitted process > NFCORE_RNASEQ:RNASEQ:BAM_QC_RNASEQ:CUSTOM_MULTIQCCUSTOMBIOTYPE (WT_REP2)
Sep-14 11:34:05.124 [Task monitor] DEBUG n.processor.TaskPollingMonitor - Task completed > TaskHandler[id: 160; name: NFCORE_RNASEQ:RNASEQ:BEDTOOLS_GENOMECOV_COMBINED (RAP1_UNINDUCED_REP1); status: COMPLETED; exit: 0; error: -; workDir: /groups/dthain/users/jzhou24/hpds-fa26/project-list/gbcf-nf-core/validation/test-run-sge/work/8f/3718eea5c04d119ffa685957a2cd5f]
Sep-14 11:34:05.133 [Task submitter] DEBUG n.executor.local.LocalTaskHandler - Launch cmd line: /bin/bash -ue .command.run
Sep-14 11:34:05.134 [Task submitter] INFO  nextflow.Session - [fd/23f0f9] Submitted process > NFCORE_RNASEQ:RNASEQ:BEDGRAPH_BEDCLIP_BEDGRAPHTOBIGWIG_FORWARD:UCSC_BEDGRAPHTOBIGWIG (WT_REP2)
Sep-14 11:34:05.191 [Task monitor] DEBUG n.processor.TaskPollingMonitor - Task completed > TaskHandler[id: 161; name: NFCORE_RNASEQ:RNASEQ:BEDGRAPH_BEDCLIP_BEDGRAPHTOBIGWIG_REVERSE:UCSC_BEDGRAPHTOBIGWIG (WT_REP2); status: COMPLETED; exit: 0; error: -; workDir: /groups/dthain/users/jzhou24/hpds-fa26/project-list/gbcf-nf-core/validation/test-run-sge/work/0d/325e835b8d14e9b5822e126a98460e]
Sep-14 11:34:05.200 [Task submitter] DEBUG n.executor.local.LocalTaskHandler - Launch cmd line: /bin/bash -ue .command.run
Sep-14 11:34:05.200 [Task submitter] INFO  nextflow.Session - [df/794201] Submitted process > NFCORE_RNASEQ:RNASEQ:BAM_QC_RNASEQ:CUSTOM_MULTIQCCUSTOMBIOTYPE (RAP1_UNINDUCED_REP2)
Sep-14 11:34:05.509 [Task monitor] DEBUG n.processor.TaskPollingMonitor - Task completed > TaskHandler[id: 162; name: NFCORE_RNASEQ:RNASEQ:BEDGRAPH_BEDCLIP_BEDGRAPHTOBIGWIG_COMBINED:UCSC_BEDGRAPHTOBIGWIG (WT_REP2); status: COMPLETED; exit: 0; error: -; workDir: /groups/dthain/users/jzhou24/hpds-fa26/project-list/gbcf-nf-core/validation/test-run-sge/work/5e/06101723d0f27ecf88ae60ced1a922]
Sep-14 11:34:05.516 [Task submitter] DEBUG n.executor.local.LocalTaskHandler - Launch cmd line: /bin/bash -ue .command.run
Sep-14 11:34:05.517 [Task submitter] INFO  nextflow.Session - [c3/d4b4c5] Submitted process > NFCORE_RNASEQ:RNASEQ:BEDGRAPH_BEDCLIP_BEDGRAPHTOBIGWIG_COMBINED:UCSC_BEDGRAPHTOBIGWIG (RAP1_UNINDUCED_REP2)
Sep-14 11:34:05.526 [Task monitor] DEBUG n.processor.TaskPollingMonitor - Task completed > TaskHandler[id: 165; name: NFCORE_RNASEQ:RNASEQ:BEDGRAPH_BEDCLIP_BEDGRAPHTOBIGWIG_FORWARD:UCSC_BEDGRAPHTOBIGWIG (WT_REP2); status: COMPLETED; exit: 0; error: -; workDir: /groups/dthain/users/jzhou24/hpds-fa26/project-list/gbcf-nf-core/validation/test-run-sge/work/fd/23f0f9d380be5fb61110d5b5dc835b]
Sep-14 11:34:05.534 [Task submitter] DEBUG n.executor.local.LocalTaskHandler - Launch cmd line: /bin/bash -ue .command.run
Sep-14 11:34:05.535 [Task submitter] INFO  nextflow.Session - [7b/46cb70] Submitted process > NFCORE_RNASEQ:RNASEQ:BEDGRAPH_BEDCLIP_BEDGRAPHTOBIGWIG_REVERSE:UCSC_BEDGRAPHTOBIGWIG (RAP1_UNINDUCED_REP2)
Sep-14 11:34:05.769 [Task monitor] DEBUG n.processor.TaskPollingMonitor - Task completed > TaskHandler[id: 166; name: NFCORE_RNASEQ:RNASEQ:BAM_QC_RNASEQ:CUSTOM_MULTIQCCUSTOMBIOTYPE (RAP1_UNINDUCED_REP2); status: COMPLETED; exit: 0; error: -; workDir: /groups/dthain/users/jzhou24/hpds-fa26/project-list/gbcf-nf-core/validation/test-run-sge/work/df/794201ea328f606c248bb428a3e85e]
Sep-14 11:34:05.773 [Task monitor] DEBUG n.processor.TaskPollingMonitor - Task completed > TaskHandler[id: 164; name: NFCORE_RNASEQ:RNASEQ:BAM_QC_RNASEQ:CUSTOM_MULTIQCCUSTOMBIOTYPE (WT_REP2); status: COMPLETED; exit: 0; error: -; workDir: /groups/dthain/users/jzhou24/hpds-fa26/project-list/gbcf-nf-core/validation/test-run-sge/work/b8/046c9deaf5803423642546f14d0515]
Sep-14 11:34:05.777 [Task submitter] DEBUG n.executor.local.LocalTaskHandler - Launch cmd line: /bin/bash -ue .command.run
Sep-14 11:34:05.777 [Task submitter] INFO  nextflow.Session - [8f/103261] Submitted process > NFCORE_RNASEQ:RNASEQ:BEDGRAPH_BEDCLIP_BEDGRAPHTOBIGWIG_FORWARD:UCSC_BEDGRAPHTOBIGWIG (RAP1_UNINDUCED_REP2)
Sep-14 11:34:05.787 [Task submitter] DEBUG n.executor.local.LocalTaskHandler - Launch cmd line: /bin/bash -ue .command.run
Sep-14 11:34:05.787 [Task submitter] INFO  nextflow.Session - [6f/181642] Submitted process > NFCORE_RNASEQ:RNASEQ:BEDGRAPH_BEDCLIP_BEDGRAPHTOBIGWIG_FORWARD:UCSC_BEDGRAPHTOBIGWIG (RAP1_IAA_30M_REP1)
Sep-14 11:34:06.002 [Task monitor] DEBUG n.processor.TaskPollingMonitor - Task completed > TaskHandler[id: 169; name: NFCORE_RNASEQ:RNASEQ:BEDGRAPH_BEDCLIP_BEDGRAPHTOBIGWIG_REVERSE:UCSC_BEDGRAPHTOBIGWIG (RAP1_UNINDUCED_REP2); status: COMPLETED; exit: 0; error: -; workDir: /groups/dthain/users/jzhou24/hpds-fa26/project-list/gbcf-nf-core/validation/test-run-sge/work/7b/46cb70ec477de00866e7e3e8304a53]
Sep-14 11:34:06.011 [Task submitter] DEBUG n.executor.local.LocalTaskHandler - Launch cmd line: /bin/bash -ue .command.run
Sep-14 11:34:06.011 [Task submitter] INFO  nextflow.Session - [22/bf9fae] Submitted process > NFCORE_RNASEQ:RNASEQ:BEDGRAPH_BEDCLIP_BEDGRAPHTOBIGWIG_REVERSE:UCSC_BEDGRAPHTOBIGWIG (RAP1_IAA_30M_REP1)
Sep-14 11:34:06.013 [Task monitor] DEBUG n.processor.TaskPollingMonitor - Task completed > TaskHandler[id: 168; name: NFCORE_RNASEQ:RNASEQ:BEDGRAPH_BEDCLIP_BEDGRAPHTOBIGWIG_COMBINED:UCSC_BEDGRAPHTOBIGWIG (RAP1_UNINDUCED_REP2); status: COMPLETED; exit: 0; error: -; workDir: /groups/dthain/users/jzhou24/hpds-fa26/project-list/gbcf-nf-core/validation/test-run-sge/work/c3/d4b4c5ab8a51b183695a5eefccd7bd]
Sep-14 11:34:06.021 [Task submitter] DEBUG n.executor.local.LocalTaskHandler - Launch cmd line: /bin/bash -ue .command.run
Sep-14 11:34:06.021 [Task submitter] INFO  nextflow.Session - [f9/188fb4] Submitted process > NFCORE_RNASEQ:RNASEQ:BEDGRAPH_BEDCLIP_BEDGRAPHTOBIGWIG_COMBINED:UCSC_BEDGRAPHTOBIGWIG (RAP1_IAA_30M_REP1)
Sep-14 11:34:06.169 [Task monitor] DEBUG n.processor.TaskPollingMonitor - Task completed > TaskHandler[id: 170; name: NFCORE_RNASEQ:RNASEQ:BEDGRAPH_BEDCLIP_BEDGRAPHTOBIGWIG_FORWARD:UCSC_BEDGRAPHTOBIGWIG (RAP1_UNINDUCED_REP2); status: COMPLETED; exit: 0; error: -; workDir: /groups/dthain/users/jzhou24/hpds-fa26/project-list/gbcf-nf-core/validation/test-run-sge/work/8f/103261f5f74f23af7bb8b01a69a42d]
Sep-14 11:34:06.170 [Task monitor] DEBUG n.processor.TaskPollingMonitor - Task completed > TaskHandler[id: 153; name: NFCORE_RNASEQ:RNASEQ:BAM_QC_RNASEQ:BAM_RSEQC:RSEQC_INFEREXPERIMENT (RAP1_IAA_30M_REP1); status: COMPLETED; exit: 0; error: -; workDir: /groups/dthain/users/jzhou24/hpds-fa26/project-list/gbcf-nf-core/validation/test-run-sge/work/f8/27bc44e5568b1c88461f9ee61a8711]
Sep-14 11:34:06.177 [Task submitter] DEBUG n.executor.local.LocalTaskHandler - Launch cmd line: /bin/bash -ue .command.run
Sep-14 11:34:06.177 [Task submitter] INFO  nextflow.Session - [1c/955587] Submitted process > NFCORE_RNASEQ:RNASEQ:BAM_QC_RNASEQ:CUSTOM_MULTIQCCUSTOMBIOTYPE (RAP1_IAA_30M_REP1)
Sep-14 11:34:06.187 [Task submitter] DEBUG n.executor.local.LocalTaskHandler - Launch cmd line: /bin/bash -ue .command.run
Sep-14 11:34:06.187 [Task submitter] INFO  nextflow.Session - [0f/f00a12] Submitted process > NFCORE_RNASEQ:RNASEQ:ALIGN_STAR:BAM_SORT_STATS_SAMTOOLS:SAMTOOLS_SORT (WT_REP1)
Sep-14 11:34:06.191 [Task monitor] DEBUG n.processor.TaskPollingMonitor - Task completed > TaskHandler[id: 171; name: NFCORE_RNASEQ:RNASEQ:BEDGRAPH_BEDCLIP_BEDGRAPHTOBIGWIG_FORWARD:UCSC_BEDGRAPHTOBIGWIG (RAP1_IAA_30M_REP1); status: COMPLETED; exit: 0; error: -; workDir: /groups/dthain/users/jzhou24/hpds-fa26/project-list/gbcf-nf-core/validation/test-run-sge/work/6f/181642e13d746148278a4c63d6e271]
Sep-14 11:34:06.409 [Task monitor] DEBUG n.processor.TaskPollingMonitor - Task completed > TaskHandler[id: 172; name: NFCORE_RNASEQ:RNASEQ:BEDGRAPH_BEDCLIP_BEDGRAPHTOBIGWIG_REVERSE:UCSC_BEDGRAPHTOBIGWIG (RAP1_IAA_30M_REP1); status: COMPLETED; exit: 0; error: -; workDir: /groups/dthain/users/jzhou24/hpds-fa26/project-list/gbcf-nf-core/validation/test-run-sge/work/22/bf9faedf3cc6c6e61c78d403680d6d]
Sep-14 11:34:06.416 [Task submitter] DEBUG n.executor.local.LocalTaskHandler - Launch cmd line: /bin/bash -ue .command.run
Sep-14 11:34:06.417 [Task submitter] INFO  nextflow.Session - [bb/b6a8b7] Submitted process > NFCORE_RNASEQ:RNASEQ:BAM_MARKDUPLICATES_PICARD:SAMTOOLS_INDEX (RAP1_UNINDUCED_REP1)
Sep-14 11:34:06.442 [Task monitor] DEBUG n.processor.TaskPollingMonitor - Task completed > TaskHandler[id: 173; name: NFCORE_RNASEQ:RNASEQ:BEDGRAPH_BEDCLIP_BEDGRAPHTOBIGWIG_COMBINED:UCSC_BEDGRAPHTOBIGWIG (RAP1_IAA_30M_REP1); status: COMPLETED; exit: 0; error: -; workDir: /groups/dthain/users/jzhou24/hpds-fa26/project-list/gbcf-nf-core/validation/test-run-sge/work/f9/188fb41fbe5fcf78d515bd36812ea6]
Sep-14 11:34:06.597 [Task monitor] DEBUG n.processor.TaskPollingMonitor - Task completed > TaskHandler[id: 174; name: NFCORE_RNASEQ:RNASEQ:BAM_QC_RNASEQ:CUSTOM_MULTIQCCUSTOMBIOTYPE (RAP1_IAA_30M_REP1); status: COMPLETED; exit: 0; error: -; workDir: /groups/dthain/users/jzhou24/hpds-fa26/project-list/gbcf-nf-core/validation/test-run-sge/work/1c/95558707dabafa9485133c9a64dd71]
Sep-14 11:34:06.851 [Task monitor] DEBUG n.processor.TaskPollingMonitor - Task completed > TaskHandler[id: 157; name: NFCORE_RNASEQ:RNASEQ:BAM_MARKDUPLICATES_PICARD:SAMTOOLS_INDEX (RAP1_UNINDUCED_REP1); status: COMPLETED; exit: 0; error: -; workDir: /groups/dthain/users/jzhou24/hpds-fa26/project-list/gbcf-nf-core/validation/test-run-sge/work/bb/b6a8b77911693067a0abfcef20dcbe]
Sep-14 11:34:06.861 [Task submitter] DEBUG n.executor.local.LocalTaskHandler - Launch cmd line: /bin/bash -ue .command.run
Sep-14 11:34:06.861 [Task submitter] INFO  nextflow.Session - [29/6f2f7b] Submitted process > NFCORE_RNASEQ:RNASEQ:STRINGTIE_STRINGTIE (RAP1_UNINDUCED_REP1)
Sep-14 11:34:06.965 [Task monitor] DEBUG n.processor.TaskPollingMonitor - Task completed > TaskHandler[id: 175; name: NFCORE_RNASEQ:RNASEQ:ALIGN_STAR:BAM_SORT_STATS_SAMTOOLS:SAMTOOLS_SORT (WT_REP1); status: COMPLETED; exit: 0; error: -; workDir: /groups/dthain/users/jzhou24/hpds-fa26/project-list/gbcf-nf-core/validation/test-run-sge/work/0f/f00a12fb0f17d7825fb74e4161a319]
Sep-14 11:34:06.967 [TaskFinalizer-2] DEBUG n.processor.TaskFileCollector - Process `NFCORE_RNASEQ:RNASEQ:ALIGN_STAR:BAM_SORT_STATS_SAMTOOLS:SAMTOOLS_SORT (WT_REP1)` is unable to find [UnixPath]: `/groups/dthain/users/jzhou24/hpds-fa26/project-list/gbcf-nf-core/validation/test-run-sge/work/0f/f00a12fb0f17d7825fb74e4161a319/WT_REP1.sorted.cram` (pattern: `WT_REP1.sorted.cram`)
Sep-14 11:34:06.967 [TaskFinalizer-2] DEBUG n.processor.TaskFileCollector - Process `NFCORE_RNASEQ:RNASEQ:ALIGN_STAR:BAM_SORT_STATS_SAMTOOLS:SAMTOOLS_SORT (WT_REP1)` is unable to find [UnixPath]: `/groups/dthain/users/jzhou24/hpds-fa26/project-list/gbcf-nf-core/validation/test-run-sge/work/0f/f00a12fb0f17d7825fb74e4161a319/WT_REP1.sorted.sam` (pattern: `WT_REP1.sorted.sam`)
Sep-14 11:34:06.973 [Task submitter] DEBUG n.executor.local.LocalTaskHandler - Launch cmd line: /bin/bash -ue .command.run
Sep-14 11:34:06.973 [TaskFinalizer-2] DEBUG nextflow.processor.TaskProcessor - Process NFCORE_RNASEQ:RNASEQ:ALIGN_STAR:BAM_SORT_STATS_SAMTOOLS:SAMTOOLS_SORT > Skipping output binding because one or more optional files are missing: fileoutparam<1:1>
Sep-14 11:34:06.973 [TaskFinalizer-2] DEBUG nextflow.processor.TaskProcessor - Process NFCORE_RNASEQ:RNASEQ:ALIGN_STAR:BAM_SORT_STATS_SAMTOOLS:SAMTOOLS_SORT > Skipping output binding because one or more optional files are missing: fileoutparam<2:1>
Sep-14 11:34:06.973 [TaskFinalizer-2] DEBUG nextflow.processor.TaskProcessor - Process NFCORE_RNASEQ:RNASEQ:ALIGN_STAR:BAM_SORT_STATS_SAMTOOLS:SAMTOOLS_SORT > Skipping output binding because one or more optional files are missing: fileoutparam<3:1>
Sep-14 11:34:06.973 [Task submitter] INFO  nextflow.Session - [b6/5cf5ea] Submitted process > NFCORE_RNASEQ:RNASEQ:BAM_QC_RNASEQ:QUALIMAP_RNASEQ (WT_REP2)
Sep-14 11:34:07.319 [Task monitor] DEBUG n.processor.TaskPollingMonitor - Task completed > TaskHandler[id: 156; name: NFCORE_RNASEQ:RNASEQ:STRINGTIE_STRINGTIE (RAP1_UNINDUCED_REP1); status: COMPLETED; exit: 0; error: -; workDir: /groups/dthain/users/jzhou24/hpds-fa26/project-list/gbcf-nf-core/validation/test-run-sge/work/29/6f2f7ba7f4c21042c8071839b12233]
Sep-14 11:34:07.326 [Task submitter] DEBUG n.executor.local.LocalTaskHandler - Launch cmd line: /bin/bash -ue .command.run
Sep-14 11:34:07.326 [Task submitter] INFO  nextflow.Session - [02/bd9bb5] Submitted process > NFCORE_RNASEQ:RNASEQ:BAM_QC_RNASEQ:QUALIMAP_RNASEQ (RAP1_UNINDUCED_REP2)
Sep-14 11:34:10.769 [Task monitor] DEBUG n.processor.TaskPollingMonitor - Task completed > TaskHandler[id: 167; name: NFCORE_RNASEQ:RNASEQ:BAM_QC_RNASEQ:QUALIMAP_RNASEQ (RAP1_UNINDUCED_REP2); status: COMPLETED; exit: 0; error: -; workDir: /groups/dthain/users/jzhou24/hpds-fa26/project-list/gbcf-nf-core/validation/test-run-sge/work/02/bd9bb5eee7d964f3ed0d0220f75fde]
Sep-14 11:34:10.778 [Task submitter] DEBUG n.executor.local.LocalTaskHandler - Launch cmd line: /bin/bash -ue .command.run
Sep-14 11:34:10.778 [Task submitter] INFO  nextflow.Session - [95/44a360] Submitted process > NFCORE_RNASEQ:RNASEQ:QUANTIFY_BAM_SALMON:SALMON_QUANT (WT_REP1)
Sep-14 11:34:10.785 [Task monitor] DEBUG n.processor.TaskPollingMonitor - Task completed > TaskHandler[id: 163; name: NFCORE_RNASEQ:RNASEQ:BAM_QC_RNASEQ:QUALIMAP_RNASEQ (WT_REP2); status: COMPLETED; exit: 0; error: -; workDir: /groups/dthain/users/jzhou24/hpds-fa26/project-list/gbcf-nf-core/validation/test-run-sge/work/b6/5cf5eac7aa90432e246483e4356c67]
Sep-14 11:34:10.792 [Task submitter] DEBUG n.executor.local.LocalTaskHandler - Launch cmd line: /bin/bash -ue .command.run
Sep-14 11:34:10.792 [Task submitter] INFO  nextflow.Session - [64/406e16] Submitted process > NFCORE_RNASEQ:RNASEQ:BAM_QC_RNASEQ:QUALIMAP_RNASEQ (RAP1_IAA_30M_REP1)
Sep-14 11:34:13.743 [Task monitor] DEBUG n.processor.TaskPollingMonitor - Task completed > TaskHandler[id: 177; name: NFCORE_RNASEQ:RNASEQ:BAM_QC_RNASEQ:QUALIMAP_RNASEQ (RAP1_IAA_30M_REP1); status: COMPLETED; exit: 0; error: -; workDir: /groups/dthain/users/jzhou24/hpds-fa26/project-list/gbcf-nf-core/validation/test-run-sge/work/64/406e16c6a2945e7656cd6e739da49e]
Sep-14 11:34:13.751 [Task submitter] DEBUG n.executor.local.LocalTaskHandler - Launch cmd line: /bin/bash -ue .command.run
Sep-14 11:34:13.751 [Task submitter] INFO  nextflow.Session - [96/0a70be] Submitted process > NFCORE_RNASEQ:RNASEQ:BEDGRAPH_BEDCLIP_BEDGRAPHTOBIGWIG_REVERSE:UCSC_BEDCLIP (RAP1_UNINDUCED_REP1)
Sep-14 11:34:14.075 [Task monitor] DEBUG n.processor.TaskPollingMonitor - Task completed > TaskHandler[id: 178; name: NFCORE_RNASEQ:RNASEQ:BEDGRAPH_BEDCLIP_BEDGRAPHTOBIGWIG_REVERSE:UCSC_BEDCLIP (RAP1_UNINDUCED_REP1); status: COMPLETED; exit: 0; error: -; workDir: /groups/dthain/users/jzhou24/hpds-fa26/project-list/gbcf-nf-core/validation/test-run-sge/work/96/0a70bed7d43dbf3447d3d7e7f0520c]
Sep-14 11:34:14.083 [Task submitter] DEBUG n.executor.local.LocalTaskHandler - Launch cmd line: /bin/bash -ue .command.run
Sep-14 11:34:14.084 [Task submitter] INFO  nextflow.Session - [28/b31c96] Submitted process > NFCORE_RNASEQ:RNASEQ:BEDGRAPH_BEDCLIP_BEDGRAPHTOBIGWIG_FORWARD:UCSC_BEDCLIP (RAP1_UNINDUCED_REP1)
Sep-14 11:34:14.408 [Task monitor] DEBUG n.processor.TaskPollingMonitor - Task completed > TaskHandler[id: 179; name: NFCORE_RNASEQ:RNASEQ:BEDGRAPH_BEDCLIP_BEDGRAPHTOBIGWIG_FORWARD:UCSC_BEDCLIP (RAP1_UNINDUCED_REP1); status: COMPLETED; exit: 0; error: -; workDir: /groups/dthain/users/jzhou24/hpds-fa26/project-list/gbcf-nf-core/validation/test-run-sge/work/28/b31c961bad8d29ee79c8d8d81d5cf0]
Sep-14 11:34:14.415 [Task submitter] DEBUG n.executor.local.LocalTaskHandler - Launch cmd line: /bin/bash -ue .command.run
Sep-14 11:34:14.415 [Task submitter] INFO  nextflow.Session - [38/4c887c] Submitted process > NFCORE_RNASEQ:RNASEQ:BEDGRAPH_BEDCLIP_BEDGRAPHTOBIGWIG_COMBINED:UCSC_BEDCLIP (RAP1_UNINDUCED_REP1)
Sep-14 11:34:14.430 [Task monitor] DEBUG n.processor.TaskPollingMonitor - Task completed > TaskHandler[id: 176; name: NFCORE_RNASEQ:RNASEQ:QUANTIFY_BAM_SALMON:SALMON_QUANT (WT_REP1); status: COMPLETED; exit: 0; error: -; workDir: /groups/dthain/users/jzhou24/hpds-fa26/project-list/gbcf-nf-core/validation/test-run-sge/work/95/44a3608685fb32de0a92411499cbcc]
Sep-14 11:34:14.437 [TaskFinalizer-9] DEBUG nextflow.processor.TaskProcessor - Process NFCORE_RNASEQ:RNASEQ:QUANTIFY_BAM_SALMON:SALMON_QUANT > Skipping output binding because one or more optional files are missing: fileoutparam<2:1>
Sep-14 11:34:14.437 [Task submitter] DEBUG n.executor.local.LocalTaskHandler - Launch cmd line: /bin/bash -ue .command.run
Sep-14 11:34:14.437 [Task submitter] INFO  nextflow.Session - [63/e371ac] Submitted process > NFCORE_RNASEQ:RNASEQ:BAM_MARKDUPLICATES_PICARD:BAM_STATS_SAMTOOLS:SAMTOOLS_IDXSTATS (RAP1_UNINDUCED_REP1)
Sep-14 11:34:14.444 [Task submitter] DEBUG n.executor.local.LocalTaskHandler - Launch cmd line: /bin/bash -ue .command.run
Sep-14 11:34:14.444 [Task submitter] INFO  nextflow.Session - [98/8f7367] Submitted process > NFCORE_RNASEQ:RNASEQ:BAM_MARKDUPLICATES_PICARD:BAM_STATS_SAMTOOLS:SAMTOOLS_STATS (RAP1_UNINDUCED_REP1)
Sep-14 11:34:14.450 [Task submitter] DEBUG n.executor.local.LocalTaskHandler - Launch cmd line: /bin/bash -ue .command.run
Sep-14 11:34:14.450 [Task submitter] INFO  nextflow.Session - [27/4e685e] Submitted process > NFCORE_RNASEQ:RNASEQ:BAM_MARKDUPLICATES_PICARD:BAM_STATS_SAMTOOLS:SAMTOOLS_FLAGSTAT (RAP1_UNINDUCED_REP1)
Sep-14 11:34:14.459 [Task submitter] DEBUG n.executor.local.LocalTaskHandler - Launch cmd line: /bin/bash -ue .command.run
Sep-14 11:34:14.459 [Task submitter] INFO  nextflow.Session - [2d/6604df] Submitted process > NFCORE_RNASEQ:RNASEQ:BAM_QC_RNASEQ:DUPRADAR (RAP1_UNINDUCED_REP1)
Sep-14 11:34:14.828 [Task monitor] DEBUG n.processor.TaskPollingMonitor - Task completed > TaskHandler[id: 180; name: NFCORE_RNASEQ:RNASEQ:BEDGRAPH_BEDCLIP_BEDGRAPHTOBIGWIG_COMBINED:UCSC_BEDCLIP (RAP1_UNINDUCED_REP1); status: COMPLETED; exit: 0; error: -; workDir: /groups/dthain/users/jzhou24/hpds-fa26/project-list/gbcf-nf-core/validation/test-run-sge/work/38/4c887c9cd85ef58b9c612c8fb830ba]
Sep-14 11:34:14.839 [Task submitter] DEBUG n.executor.local.LocalTaskHandler - Launch cmd line: /bin/bash -ue .command.run
Sep-14 11:34:14.839 [Task submitter] INFO  nextflow.Session - [ed/2bae30] Submitted process > NFCORE_RNASEQ:RNASEQ:BAM_QC_RNASEQ:BAM_RSEQC:RSEQC_BAMSTAT (RAP1_UNINDUCED_REP1)
Sep-14 11:34:15.027 [Task monitor] DEBUG n.processor.TaskPollingMonitor - Task completed > TaskHandler[id: 181; name: NFCORE_RNASEQ:RNASEQ:BAM_MARKDUPLICATES_PICARD:BAM_STATS_SAMTOOLS:SAMTOOLS_IDXSTATS (RAP1_UNINDUCED_REP1); status: COMPLETED; exit: 0; error: -; workDir: /groups/dthain/users/jzhou24/hpds-fa26/project-list/gbcf-nf-core/validation/test-run-sge/work/63/e371ac3e1a736fee8ca05ece6b050d]
Sep-14 11:34:15.030 [Task monitor] DEBUG n.processor.TaskPollingMonitor - Task completed > TaskHandler[id: 182; name: NFCORE_RNASEQ:RNASEQ:BAM_MARKDUPLICATES_PICARD:BAM_STATS_SAMTOOLS:SAMTOOLS_FLAGSTAT (RAP1_UNINDUCED_REP1); status: COMPLETED; exit: 0; error: -; workDir: /groups/dthain/users/jzhou24/hpds-fa26/project-list/gbcf-nf-core/validation/test-run-sge/work/27/4e685e0c5dc0c44a5eb79439d4076d]
Sep-14 11:34:15.035 [Task submitter] DEBUG n.executor.local.LocalTaskHandler - Launch cmd line: /bin/bash -ue .command.run
Sep-14 11:34:15.035 [Task submitter] INFO  nextflow.Session - [bb/ba9828] Submitted process > NFCORE_RNASEQ:RNASEQ:BEDGRAPH_BEDCLIP_BEDGRAPHTOBIGWIG_REVERSE:UCSC_BEDGRAPHTOBIGWIG (RAP1_UNINDUCED_REP1)
Sep-14 11:34:15.043 [Task submitter] DEBUG n.executor.local.LocalTaskHandler - Launch cmd line: /bin/bash -ue .command.run
Sep-14 11:34:15.044 [Task submitter] INFO  nextflow.Session - [2f/42af6f] Submitted process > NFCORE_RNASEQ:RNASEQ:BEDGRAPH_BEDCLIP_BEDGRAPHTOBIGWIG_FORWARD:UCSC_BEDGRAPHTOBIGWIG (RAP1_UNINDUCED_REP1)
Sep-14 11:34:15.114 [Task monitor] DEBUG n.processor.TaskPollingMonitor - Task completed > TaskHandler[id: 183; name: NFCORE_RNASEQ:RNASEQ:BAM_MARKDUPLICATES_PICARD:BAM_STATS_SAMTOOLS:SAMTOOLS_STATS (RAP1_UNINDUCED_REP1); status: COMPLETED; exit: 0; error: -; workDir: /groups/dthain/users/jzhou24/hpds-fa26/project-list/gbcf-nf-core/validation/test-run-sge/work/98/8f7367db41f0ba1d9536ced7a923bf]
Sep-14 11:34:15.122 [Task submitter] DEBUG n.executor.local.LocalTaskHandler - Launch cmd line: /bin/bash -ue .command.run
Sep-14 11:34:15.122 [Task submitter] INFO  nextflow.Session - [0b/782f7d] Submitted process > NFCORE_RNASEQ:RNASEQ:BEDGRAPH_BEDCLIP_BEDGRAPHTOBIGWIG_COMBINED:UCSC_BEDGRAPHTOBIGWIG (RAP1_UNINDUCED_REP1)
Sep-14 11:34:15.532 [Task monitor] DEBUG n.processor.TaskPollingMonitor - Task completed > TaskHandler[id: 195; name: NFCORE_RNASEQ:RNASEQ:BEDGRAPH_BEDCLIP_BEDGRAPHTOBIGWIG_REVERSE:UCSC_BEDGRAPHTOBIGWIG (RAP1_UNINDUCED_REP1); status: COMPLETED; exit: 0; error: -; workDir: /groups/dthain/users/jzhou24/hpds-fa26/project-list/gbcf-nf-core/validation/test-run-sge/work/bb/ba98284a18aca85a2cce85f9b77744]
Sep-14 11:34:15.542 [Task monitor] DEBUG n.processor.TaskPollingMonitor - Task completed > TaskHandler[id: 196; name: NFCORE_RNASEQ:RNASEQ:BEDGRAPH_BEDCLIP_BEDGRAPHTOBIGWIG_FORWARD:UCSC_BEDGRAPHTOBIGWIG (RAP1_UNINDUCED_REP1); status: COMPLETED; exit: 0; error: -; workDir: /groups/dthain/users/jzhou24/hpds-fa26/project-list/gbcf-nf-core/validation/test-run-sge/work/2f/42af6fa51b06a63a09f69ea81e2059]
Sep-14 11:34:15.549 [Task submitter] DEBUG n.executor.local.LocalTaskHandler - Launch cmd line: /bin/bash -ue .command.run
Sep-14 11:34:15.549 [Task submitter] INFO  nextflow.Session - [89/a069e1] Submitted process > NFCORE_RNASEQ:RNASEQ:ALIGN_STAR:BAM_SORT_STATS_SAMTOOLS:SAMTOOLS_INDEX (WT_REP1)
Sep-14 11:34:15.550 [Task monitor] DEBUG n.processor.TaskPollingMonitor - Task completed > TaskHandler[id: 198; name: NFCORE_RNASEQ:RNASEQ:BEDGRAPH_BEDCLIP_BEDGRAPHTOBIGWIG_COMBINED:UCSC_BEDGRAPHTOBIGWIG (RAP1_UNINDUCED_REP1); status: COMPLETED; exit: 0; error: -; workDir: /groups/dthain/users/jzhou24/hpds-fa26/project-list/gbcf-nf-core/validation/test-run-sge/work/0b/782f7d1179168c69ff01f141566a3d]
Sep-14 11:34:16.020 [Task monitor] DEBUG n.processor.TaskPollingMonitor - Task completed > TaskHandler[id: 194; name: NFCORE_RNASEQ:RNASEQ:ALIGN_STAR:BAM_SORT_STATS_SAMTOOLS:SAMTOOLS_INDEX (WT_REP1); status: COMPLETED; exit: 0; error: -; workDir: /groups/dthain/users/jzhou24/hpds-fa26/project-list/gbcf-nf-core/validation/test-run-sge/work/89/a069e18eb844fcfe272a9d4733d077]
Sep-14 11:34:16.032 [Actor Thread 54] DEBUG nextflow.file.SortFileCollector - FileCollector temp dir not removed: null
Sep-14 11:34:16.061 [Task monitor] DEBUG n.processor.TaskPollingMonitor - Task completed > TaskHandler[id: 189; name: NFCORE_RNASEQ:RNASEQ:BAM_QC_RNASEQ:BAM_RSEQC:RSEQC_BAMSTAT (RAP1_UNINDUCED_REP1); status: COMPLETED; exit: 0; error: -; workDir: /groups/dthain/users/jzhou24/hpds-fa26/project-list/gbcf-nf-core/validation/test-run-sge/work/ed/2bae302293fb98cb8edd80b7412b46]
Sep-14 11:34:16.068 [Task submitter] DEBUG n.executor.local.LocalTaskHandler - Launch cmd line: /bin/bash -ue .command.run
Sep-14 11:34:16.068 [Task submitter] INFO  nextflow.Session - [7b/1682e9] Submitted process > NFCORE_RNASEQ:RNASEQ:BAM_QC_RNASEQ:BAM_RSEQC:RSEQC_JUNCTIONANNOTATION (RAP1_UNINDUCED_REP1)
Sep-14 11:34:16.076 [Task submitter] DEBUG n.executor.local.LocalTaskHandler - Launch cmd line: /bin/bash -ue .command.run
Sep-14 11:34:16.076 [Task submitter] INFO  nextflow.Session - [06/7b6448] Submitted process > NFCORE_RNASEQ:RNASEQ:ALIGN_STAR:BAM_SORT_STATS_SAMTOOLS:BAM_STATS_SAMTOOLS:SAMTOOLS_FLAGSTAT (WT_REP1)
Sep-14 11:34:16.083 [Task submitter] DEBUG n.executor.local.LocalTaskHandler - Launch cmd line: /bin/bash -ue .command.run
Sep-14 11:34:16.083 [Task submitter] INFO  nextflow.Session - [25/a35ac7] Submitted process > NFCORE_RNASEQ:RNASEQ:ALIGN_STAR:BAM_SORT_STATS_SAMTOOLS:BAM_STATS_SAMTOOLS:SAMTOOLS_STATS (WT_REP1)
Sep-14 11:34:16.091 [Task submitter] DEBUG n.executor.local.LocalTaskHandler - Launch cmd line: /bin/bash -ue .command.run
Sep-14 11:34:16.091 [Task submitter] INFO  nextflow.Session - [34/2677ca] Submitted process > NFCORE_RNASEQ:RNASEQ:ALIGN_STAR:BAM_SORT_STATS_SAMTOOLS:BAM_STATS_SAMTOOLS:SAMTOOLS_IDXSTATS (WT_REP1)
Sep-14 11:34:16.537 [Task monitor] DEBUG n.processor.TaskPollingMonitor - Task completed > TaskHandler[id: 200; name: NFCORE_RNASEQ:RNASEQ:ALIGN_STAR:BAM_SORT_STATS_SAMTOOLS:BAM_STATS_SAMTOOLS:SAMTOOLS_IDXSTATS (WT_REP1); status: COMPLETED; exit: 0; error: -; workDir: /groups/dthain/users/jzhou24/hpds-fa26/project-list/gbcf-nf-core/validation/test-run-sge/work/34/2677ca4ea20c36b4a63e7ccf172547]
Sep-14 11:34:16.685 [Task monitor] DEBUG n.processor.TaskPollingMonitor - Task completed > TaskHandler[id: 199; name: NFCORE_RNASEQ:RNASEQ:ALIGN_STAR:BAM_SORT_STATS_SAMTOOLS:BAM_STATS_SAMTOOLS:SAMTOOLS_FLAGSTAT (WT_REP1); status: COMPLETED; exit: 0; error: -; workDir: /groups/dthain/users/jzhou24/hpds-fa26/project-list/gbcf-nf-core/validation/test-run-sge/work/06/7b6448a1f5b24971664ee9ea78d4df]
Sep-14 11:34:16.833 [Task monitor] DEBUG n.processor.TaskPollingMonitor - Task completed > TaskHandler[id: 201; name: NFCORE_RNASEQ:RNASEQ:ALIGN_STAR:BAM_SORT_STATS_SAMTOOLS:BAM_STATS_SAMTOOLS:SAMTOOLS_STATS (WT_REP1); status: COMPLETED; exit: 0; error: -; workDir: /groups/dthain/users/jzhou24/hpds-fa26/project-list/gbcf-nf-core/validation/test-run-sge/work/25/a35ac7fd4a793d056d7c1ad558a469]
Sep-14 11:34:17.969 [Task monitor] DEBUG n.processor.TaskPollingMonitor - Task completed > TaskHandler[id: 188; name: NFCORE_RNASEQ:RNASEQ:BAM_QC_RNASEQ:BAM_RSEQC:RSEQC_JUNCTIONANNOTATION (RAP1_UNINDUCED_REP1); status: COMPLETED; exit: 0; error: -; workDir: /groups/dthain/users/jzhou24/hpds-fa26/project-list/gbcf-nf-core/validation/test-run-sge/work/7b/1682e9d460bd622f532dc4cc677b9d]
Sep-14 11:34:17.975 [Task submitter] DEBUG n.executor.local.LocalTaskHandler - Launch cmd line: /bin/bash -ue .command.run
Sep-14 11:34:17.976 [Task submitter] INFO  nextflow.Session - [cc/a078d2] Submitted process > NFCORE_RNASEQ:RNASEQ:BAM_QC_RNASEQ:BAM_RSEQC:RSEQC_JUNCTIONSATURATION (RAP1_UNINDUCED_REP1)
Sep-14 11:34:19.570 [Task monitor] DEBUG n.processor.TaskPollingMonitor - Task completed > TaskHandler[id: 184; name: NFCORE_RNASEQ:RNASEQ:BAM_QC_RNASEQ:DUPRADAR (RAP1_UNINDUCED_REP1); status: COMPLETED; exit: 0; error: -; workDir: /groups/dthain/users/jzhou24/hpds-fa26/project-list/gbcf-nf-core/validation/test-run-sge/work/2d/6604df96afccba2a823d3a217026c9]
Sep-14 11:34:19.577 [Task submitter] DEBUG n.executor.local.LocalTaskHandler - Launch cmd line: /bin/bash -ue .command.run
Sep-14 11:34:19.577 [Task submitter] INFO  nextflow.Session - [d7/57d398] Submitted process > NFCORE_RNASEQ:RNASEQ:BAM_QC_RNASEQ:SUBREAD_FEATURECOUNTS (RAP1_UNINDUCED_REP1)
Sep-14 11:34:19.602 [Task monitor] DEBUG n.processor.TaskPollingMonitor - Task completed > TaskHandler[id: 191; name: NFCORE_RNASEQ:RNASEQ:BAM_QC_RNASEQ:BAM_RSEQC:RSEQC_JUNCTIONSATURATION (RAP1_UNINDUCED_REP1); status: COMPLETED; exit: 0; error: -; workDir: /groups/dthain/users/jzhou24/hpds-fa26/project-list/gbcf-nf-core/validation/test-run-sge/work/cc/a078d26ed7d2ee4a746f0545ff4d47]
Sep-14 11:34:19.609 [Task submitter] DEBUG n.executor.local.LocalTaskHandler - Launch cmd line: /bin/bash -ue .command.run
Sep-14 11:34:19.609 [Task submitter] INFO  nextflow.Session - [26/2d6454] Submitted process > NFCORE_RNASEQ:RNASEQ:BAM_QC_RNASEQ:BAM_RSEQC:RSEQC_INFEREXPERIMENT (RAP1_UNINDUCED_REP1)
Sep-14 11:34:19.969 [Task monitor] DEBUG n.processor.TaskPollingMonitor - Task completed > TaskHandler[id: 187; name: NFCORE_RNASEQ:RNASEQ:BAM_QC_RNASEQ:SUBREAD_FEATURECOUNTS (RAP1_UNINDUCED_REP1); status: COMPLETED; exit: 0; error: -; workDir: /groups/dthain/users/jzhou24/hpds-fa26/project-list/gbcf-nf-core/validation/test-run-sge/work/d7/57d3982ab65c7eae9e73076aeb2086]
Sep-14 11:34:19.975 [Task submitter] DEBUG n.executor.local.LocalTaskHandler - Launch cmd line: /bin/bash -ue .command.run
Sep-14 11:34:19.975 [Task submitter] INFO  nextflow.Session - [13/32e0d1] Submitted process > NFCORE_RNASEQ:RNASEQ:BAM_QC_RNASEQ:BAM_RSEQC:RSEQC_READDISTRIBUTION (RAP1_UNINDUCED_REP1)
Sep-14 11:34:20.768 [Task monitor] DEBUG n.processor.TaskPollingMonitor - Task completed > TaskHandler[id: 190; name: NFCORE_RNASEQ:RNASEQ:BAM_QC_RNASEQ:BAM_RSEQC:RSEQC_INFEREXPERIMENT (RAP1_UNINDUCED_REP1); status: COMPLETED; exit: 0; error: -; workDir: /groups/dthain/users/jzhou24/hpds-fa26/project-list/gbcf-nf-core/validation/test-run-sge/work/26/2d6454430c4381b67e093ed922db94]
Sep-14 11:34:20.775 [Task submitter] DEBUG n.executor.local.LocalTaskHandler - Launch cmd line: /bin/bash -ue .command.run
Sep-14 11:34:20.775 [Task submitter] INFO  nextflow.Session - [c1/f8744b] Submitted process > NFCORE_RNASEQ:RNASEQ:BAM_QC_RNASEQ:BAM_RSEQC:RSEQC_READDUPLICATION (RAP1_UNINDUCED_REP1)
Sep-14 11:34:21.124 [Task monitor] DEBUG n.processor.TaskPollingMonitor - Task completed > TaskHandler[id: 186; name: NFCORE_RNASEQ:RNASEQ:BAM_QC_RNASEQ:BAM_RSEQC:RSEQC_READDISTRIBUTION (RAP1_UNINDUCED_REP1); status: COMPLETED; exit: 0; error: -; workDir: /groups/dthain/users/jzhou24/hpds-fa26/project-list/gbcf-nf-core/validation/test-run-sge/work/13/32e0d1e28d35d3a6808406acf09cb5]
Sep-14 11:34:21.132 [Task submitter] DEBUG n.executor.local.LocalTaskHandler - Launch cmd line: /bin/bash -ue .command.run
Sep-14 11:34:21.132 [Task submitter] INFO  nextflow.Session - [6a/f83afd] Submitted process > NFCORE_RNASEQ:RNASEQ:BAM_QC_RNASEQ:SAMTOOLS_SORT_QUALIMAP (RAP1_UNINDUCED_REP1)
Sep-14 11:34:21.688 [Task monitor] DEBUG n.processor.TaskPollingMonitor - Task completed > TaskHandler[id: 185; name: NFCORE_RNASEQ:RNASEQ:BAM_QC_RNASEQ:SAMTOOLS_SORT_QUALIMAP (RAP1_UNINDUCED_REP1); status: COMPLETED; exit: 0; error: -; workDir: /groups/dthain/users/jzhou24/hpds-fa26/project-list/gbcf-nf-core/validation/test-run-sge/work/6a/f83afd93598587c0578505edfda260]
Sep-14 11:34:21.690 [TaskFinalizer-7] DEBUG n.processor.TaskFileCollector - Process `NFCORE_RNASEQ:RNASEQ:BAM_QC_RNASEQ:SAMTOOLS_SORT_QUALIMAP (RAP1_UNINDUCED_REP1)` is unable to find [UnixPath]: `/groups/dthain/users/jzhou24/hpds-fa26/project-list/gbcf-nf-core/validation/test-run-sge/work/6a/f83afd93598587c0578505edfda260/RAP1_UNINDUCED_REP1.namesorted.cram` (pattern: `RAP1_UNINDUCED_REP1.namesorted.cram`)
Sep-14 11:34:21.690 [TaskFinalizer-7] DEBUG n.processor.TaskFileCollector - Process `NFCORE_RNASEQ:RNASEQ:BAM_QC_RNASEQ:SAMTOOLS_SORT_QUALIMAP (RAP1_UNINDUCED_REP1)` is unable to find [UnixPath]: `/groups/dthain/users/jzhou24/hpds-fa26/project-list/gbcf-nf-core/validation/test-run-sge/work/6a/f83afd93598587c0578505edfda260/RAP1_UNINDUCED_REP1.namesorted.sam` (pattern: `RAP1_UNINDUCED_REP1.namesorted.sam`)
Sep-14 11:34:21.695 [TaskFinalizer-7] DEBUG nextflow.processor.TaskProcessor - Process NFCORE_RNASEQ:RNASEQ:BAM_QC_RNASEQ:SAMTOOLS_SORT_QUALIMAP > Skipping output binding because one or more optional files are missing: fileoutparam<1:1>
Sep-14 11:34:21.695 [TaskFinalizer-7] DEBUG nextflow.processor.TaskProcessor - Process NFCORE_RNASEQ:RNASEQ:BAM_QC_RNASEQ:SAMTOOLS_SORT_QUALIMAP > Skipping output binding because one or more optional files are missing: fileoutparam<2:1>
Sep-14 11:34:21.695 [TaskFinalizer-7] DEBUG nextflow.processor.TaskProcessor - Process NFCORE_RNASEQ:RNASEQ:BAM_QC_RNASEQ:SAMTOOLS_SORT_QUALIMAP > Skipping output binding because one or more optional files are missing: fileoutparam<3:1>
Sep-14 11:34:21.696 [Task submitter] DEBUG n.executor.local.LocalTaskHandler - Launch cmd line: /bin/bash -ue .command.run
Sep-14 11:34:21.696 [Task submitter] INFO  nextflow.Session - [a6/20d55f] Submitted process > NFCORE_RNASEQ:RNASEQ:BAM_QC_RNASEQ:BAM_RSEQC:RSEQC_INNERDISTANCE (RAP1_UNINDUCED_REP1)
Sep-14 11:34:22.551 [Task monitor] DEBUG n.processor.TaskPollingMonitor - Task completed > TaskHandler[id: 192; name: NFCORE_RNASEQ:RNASEQ:BAM_QC_RNASEQ:BAM_RSEQC:RSEQC_INNERDISTANCE (RAP1_UNINDUCED_REP1); status: COMPLETED; exit: 0; error: -; workDir: /groups/dthain/users/jzhou24/hpds-fa26/project-list/gbcf-nf-core/validation/test-run-sge/work/a6/20d55fff713952d21b611983fa02e4]
Sep-14 11:34:22.558 [TaskFinalizer-9] DEBUG nextflow.processor.TaskProcessor - Process NFCORE_RNASEQ:RNASEQ:BAM_QC_RNASEQ:BAM_RSEQC:RSEQC_INNERDISTANCE > Skipping output binding because one or more optional files are missing: fileoutparam<1:1>
Sep-14 11:34:22.558 [TaskFinalizer-9] DEBUG nextflow.processor.TaskProcessor - Process NFCORE_RNASEQ:RNASEQ:BAM_QC_RNASEQ:BAM_RSEQC:RSEQC_INNERDISTANCE > Skipping output binding because one or more optional files are missing: fileoutparam<2:1>
Sep-14 11:34:22.558 [Task submitter] DEBUG n.executor.local.LocalTaskHandler - Launch cmd line: /bin/bash -ue .command.run
Sep-14 11:34:22.558 [TaskFinalizer-9] DEBUG nextflow.processor.TaskProcessor - Process NFCORE_RNASEQ:RNASEQ:BAM_QC_RNASEQ:BAM_RSEQC:RSEQC_INNERDISTANCE > Skipping output binding because one or more optional files are missing: fileoutparam<3:1>
Sep-14 11:34:22.558 [TaskFinalizer-9] DEBUG nextflow.processor.TaskProcessor - Process NFCORE_RNASEQ:RNASEQ:BAM_QC_RNASEQ:BAM_RSEQC:RSEQC_INNERDISTANCE > Skipping output binding because one or more optional files are missing: fileoutparam<4:1>
Sep-14 11:34:22.558 [Task submitter] INFO  nextflow.Session - [a3/453f09] Submitted process > NFCORE_RNASEQ:RNASEQ:QUANTIFY_BAM_SALMON:QUANT_TXIMPORT_SUMMARIZEDEXPERIMENT:TXIMETA_TXIMPORT (all_samples)
Sep-14 11:34:22.631 [Task monitor] DEBUG n.processor.TaskPollingMonitor - Task completed > TaskHandler[id: 193; name: NFCORE_RNASEQ:RNASEQ:BAM_QC_RNASEQ:BAM_RSEQC:RSEQC_READDUPLICATION (RAP1_UNINDUCED_REP1); status: COMPLETED; exit: 0; error: -; workDir: /groups/dthain/users/jzhou24/hpds-fa26/project-list/gbcf-nf-core/validation/test-run-sge/work/c1/f8744b36982dbaa697d512be2b5c03]
Sep-14 11:34:22.641 [Task submitter] DEBUG n.executor.local.LocalTaskHandler - Launch cmd line: /bin/bash -ue .command.run
Sep-14 11:34:22.642 [Task submitter] INFO  nextflow.Session - [a4/7e9688] Submitted process > NFCORE_RNASEQ:RNASEQ:BAM_MARKDUPLICATES_PICARD:PICARD_MARKDUPLICATES (WT_REP1)
Sep-14 11:34:29.818 [Task monitor] DEBUG n.processor.TaskPollingMonitor - Task completed > TaskHandler[id: 202; name: NFCORE_RNASEQ:RNASEQ:BAM_MARKDUPLICATES_PICARD:PICARD_MARKDUPLICATES (WT_REP1); status: COMPLETED; exit: 0; error: -; workDir: /groups/dthain/users/jzhou24/hpds-fa26/project-list/gbcf-nf-core/validation/test-run-sge/work/a4/7e968822f2b0d6c4f48cba3bce5d85]
Sep-14 11:34:29.825 [Task submitter] DEBUG n.executor.local.LocalTaskHandler - Launch cmd line: /bin/bash -ue .command.run
Sep-14 11:34:29.825 [Task submitter] INFO  nextflow.Session - [5b/9a07c2] Submitted process > NFCORE_RNASEQ:RNASEQ:BAM_QC_RNASEQ:CUSTOM_MULTIQCCUSTOMBIOTYPE (RAP1_UNINDUCED_REP1)
Sep-14 11:34:29.827 [TaskFinalizer-3] DEBUG nextflow.processor.TaskProcessor - Process NFCORE_RNASEQ:RNASEQ:BAM_MARKDUPLICATES_PICARD:PICARD_MARKDUPLICATES > Skipping output binding because one or more optional files are missing: fileoutparam<1:1>
Sep-14 11:34:29.827 [TaskFinalizer-3] DEBUG nextflow.processor.TaskProcessor - Process NFCORE_RNASEQ:RNASEQ:BAM_MARKDUPLICATES_PICARD:PICARD_MARKDUPLICATES > Skipping output binding because one or more optional files are missing: fileoutparam<2:1>
Sep-14 11:34:30.312 [Task monitor] DEBUG n.processor.TaskPollingMonitor - Task completed > TaskHandler[id: 203; name: NFCORE_RNASEQ:RNASEQ:BAM_QC_RNASEQ:CUSTOM_MULTIQCCUSTOMBIOTYPE (RAP1_UNINDUCED_REP1); status: COMPLETED; exit: 0; error: -; workDir: /groups/dthain/users/jzhou24/hpds-fa26/project-list/gbcf-nf-core/validation/test-run-sge/work/5b/9a07c2ea17dc4b1366c1da525e240f]
Sep-14 11:34:30.320 [Task submitter] DEBUG n.executor.local.LocalTaskHandler - Launch cmd line: /bin/bash -ue .command.run
Sep-14 11:34:30.320 [Task submitter] INFO  nextflow.Session - [b6/6cbbed] Submitted process > NFCORE_RNASEQ:RNASEQ:BAM_QC_RNASEQ:QUALIMAP_RNASEQ (RAP1_UNINDUCED_REP1)
Sep-14 11:34:31.331 [Task monitor] DEBUG n.processor.TaskPollingMonitor - Task completed > TaskHandler[id: 197; name: NFCORE_RNASEQ:RNASEQ:QUANTIFY_BAM_SALMON:QUANT_TXIMPORT_SUMMARIZEDEXPERIMENT:TXIMETA_TXIMPORT (all_samples); status: COMPLETED; exit: 0; error: -; workDir: /groups/dthain/users/jzhou24/hpds-fa26/project-list/gbcf-nf-core/validation/test-run-sge/work/a3/453f098ffdfdc3e04d35d53e7471eb]
Sep-14 11:34:31.340 [Task submitter] DEBUG n.executor.local.LocalTaskHandler - Launch cmd line: /bin/bash -ue .command.run
Sep-14 11:34:31.340 [Task submitter] INFO  nextflow.Session - [89/ca7e4a] Submitted process > NFCORE_RNASEQ:RNASEQ:BEDTOOLS_GENOMECOV_FW (WT_REP1)
Sep-14 11:34:31.350 [Task submitter] DEBUG n.executor.local.LocalTaskHandler - Launch cmd line: /bin/bash -ue .command.run
Sep-14 11:34:31.351 [Task submitter] INFO  nextflow.Session - [8a/b133a0] Submitted process > NFCORE_RNASEQ:RNASEQ:BAM_MARKDUPLICATES_PICARD:SAMTOOLS_INDEX (WT_REP1)
Sep-14 11:34:31.359 [Task submitter] DEBUG n.executor.local.LocalTaskHandler - Launch cmd line: /bin/bash -ue .command.run
Sep-14 11:34:31.359 [Task submitter] INFO  nextflow.Session - [f5/165422] Submitted process > NFCORE_RNASEQ:RNASEQ:BEDTOOLS_GENOMECOV_REV (WT_REP1)
Sep-14 11:34:32.023 [Task monitor] DEBUG n.processor.TaskPollingMonitor - Task completed > TaskHandler[id: 207; name: NFCORE_RNASEQ:RNASEQ:BAM_MARKDUPLICATES_PICARD:SAMTOOLS_INDEX (WT_REP1); status: COMPLETED; exit: 0; error: -; workDir: /groups/dthain/users/jzhou24/hpds-fa26/project-list/gbcf-nf-core/validation/test-run-sge/work/8a/b133a00fad3643034d54346ff203a9]
Sep-14 11:34:32.031 [Task submitter] DEBUG n.executor.local.LocalTaskHandler - Launch cmd line: /bin/bash -ue .command.run
Sep-14 11:34:32.032 [Task submitter] INFO  nextflow.Session - [5f/4ef4c0] Submitted process > NFCORE_RNASEQ:RNASEQ:BEDTOOLS_GENOMECOV_COMBINED (WT_REP1)
Sep-14 11:34:32.172 [Task monitor] DEBUG n.processor.TaskPollingMonitor - Task completed > TaskHandler[id: 209; name: NFCORE_RNASEQ:RNASEQ:BEDTOOLS_GENOMECOV_FW (WT_REP1); status: COMPLETED; exit: 0; error: -; workDir: /groups/dthain/users/jzhou24/hpds-fa26/project-list/gbcf-nf-core/validation/test-run-sge/work/89/ca7e4a4a500e1ae3794f5da01d4d29]
Sep-14 11:34:32.181 [Task submitter] DEBUG n.executor.local.LocalTaskHandler - Launch cmd line: /bin/bash -ue .command.run
Sep-14 11:34:32.181 [Task submitter] INFO  nextflow.Session - [f2/6a686b] Submitted process > NFCORE_RNASEQ:RNASEQ:BAM_MARKDUPLICATES_PICARD:BAM_STATS_SAMTOOLS:SAMTOOLS_STATS (WT_REP1)
Sep-14 11:34:32.189 [Task submitter] DEBUG n.executor.local.LocalTaskHandler - Launch cmd line: /bin/bash -ue .command.run
Sep-14 11:34:32.189 [Task submitter] INFO  nextflow.Session - [1b/a9e1cb] Submitted process > NFCORE_RNASEQ:RNASEQ:BAM_QC_RNASEQ:DUPRADAR (WT_REP1)
Sep-14 11:34:32.271 [Task monitor] DEBUG n.processor.TaskPollingMonitor - Task completed > TaskHandler[id: 208; name: NFCORE_RNASEQ:RNASEQ:BEDTOOLS_GENOMECOV_REV (WT_REP1); status: COMPLETED; exit: 0; error: -; workDir: /groups/dthain/users/jzhou24/hpds-fa26/project-list/gbcf-nf-core/validation/test-run-sge/work/f5/1654226df5da08e44cd62c6df217a4]
Sep-14 11:34:32.278 [Task submitter] DEBUG n.executor.local.LocalTaskHandler - Launch cmd line: /bin/bash -ue .command.run
Sep-14 11:34:32.278 [Task submitter] INFO  nextflow.Session - [19/9533b3] Submitted process > NFCORE_RNASEQ:RNASEQ:BAM_MARKDUPLICATES_PICARD:BAM_STATS_SAMTOOLS:SAMTOOLS_FLAGSTAT (WT_REP1)
Sep-14 11:34:32.999 [Task monitor] DEBUG n.processor.TaskPollingMonitor - Task completed > TaskHandler[id: 206; name: NFCORE_RNASEQ:RNASEQ:BEDTOOLS_GENOMECOV_COMBINED (WT_REP1); status: COMPLETED; exit: 0; error: -; workDir: /groups/dthain/users/jzhou24/hpds-fa26/project-list/gbcf-nf-core/validation/test-run-sge/work/5f/4ef4c0148572d0b51f245de01139d7]
Sep-14 11:34:33.005 [Task monitor] DEBUG n.processor.TaskPollingMonitor - Task completed > TaskHandler[id: 215; name: NFCORE_RNASEQ:RNASEQ:BAM_MARKDUPLICATES_PICARD:BAM_STATS_SAMTOOLS:SAMTOOLS_FLAGSTAT (WT_REP1); status: COMPLETED; exit: 0; error: -; workDir: /groups/dthain/users/jzhou24/hpds-fa26/project-list/gbcf-nf-core/validation/test-run-sge/work/19/9533b3643863cd9f718f96d73b53e5]
Sep-14 11:34:33.008 [Task submitter] DEBUG n.executor.local.LocalTaskHandler - Launch cmd line: /bin/bash -ue .command.run
Sep-14 11:34:33.008 [Task submitter] INFO  nextflow.Session - [39/0e01ad] Submitted process > NFCORE_RNASEQ:RNASEQ:BAM_MARKDUPLICATES_PICARD:BAM_STATS_SAMTOOLS:SAMTOOLS_IDXSTATS (WT_REP1)
Sep-14 11:34:33.075 [Task monitor] DEBUG n.processor.TaskPollingMonitor - Task completed > TaskHandler[id: 213; name: NFCORE_RNASEQ:RNASEQ:BAM_MARKDUPLICATES_PICARD:BAM_STATS_SAMTOOLS:SAMTOOLS_STATS (WT_REP1); status: COMPLETED; exit: 0; error: -; workDir: /groups/dthain/users/jzhou24/hpds-fa26/project-list/gbcf-nf-core/validation/test-run-sge/work/f2/6a686be0e545cd2130cc2cfe6d1957]
Sep-14 11:34:33.260 [Task monitor] DEBUG n.processor.TaskPollingMonitor - Task completed > TaskHandler[id: 204; name: NFCORE_RNASEQ:RNASEQ:BAM_QC_RNASEQ:QUALIMAP_RNASEQ (RAP1_UNINDUCED_REP1); status: COMPLETED; exit: 0; error: -; workDir: /groups/dthain/users/jzhou24/hpds-fa26/project-list/gbcf-nf-core/validation/test-run-sge/work/b6/6cbbedde9ec05d10e8852dc70769b9]
Sep-14 11:34:33.268 [Task submitter] DEBUG n.executor.local.LocalTaskHandler - Launch cmd line: /bin/bash -ue .command.run
Sep-14 11:34:33.268 [Task submitter] INFO  nextflow.Session - [f7/94ccdc] Submitted process > NFCORE_RNASEQ:RNASEQ:STRINGTIE_STRINGTIE (WT_REP1)
Sep-14 11:34:33.424 [Task monitor] DEBUG n.processor.TaskPollingMonitor - Task completed > TaskHandler[id: 214; name: NFCORE_RNASEQ:RNASEQ:BAM_MARKDUPLICATES_PICARD:BAM_STATS_SAMTOOLS:SAMTOOLS_IDXSTATS (WT_REP1); status: COMPLETED; exit: 0; error: -; workDir: /groups/dthain/users/jzhou24/hpds-fa26/project-list/gbcf-nf-core/validation/test-run-sge/work/39/0e01addceffa5764451593be0d07f4]
Sep-14 11:34:33.988 [Task monitor] DEBUG n.processor.TaskPollingMonitor - Task completed > TaskHandler[id: 205; name: NFCORE_RNASEQ:RNASEQ:STRINGTIE_STRINGTIE (WT_REP1); status: COMPLETED; exit: 0; error: -; workDir: /groups/dthain/users/jzhou24/hpds-fa26/project-list/gbcf-nf-core/validation/test-run-sge/work/f7/94ccdc5f7e089ceac47f4a14e75fd1]
Sep-14 11:34:33.995 [Task submitter] DEBUG n.executor.local.LocalTaskHandler - Launch cmd line: /bin/bash -ue .command.run
Sep-14 11:34:33.996 [Task submitter] INFO  nextflow.Session - [ee/97b869] Submitted process > NFCORE_RNASEQ:RNASEQ:DESEQ2_QC_BAM_SALMON
Sep-14 11:34:37.694 [Task monitor] DEBUG n.processor.TaskPollingMonitor - Task completed > TaskHandler[id: 216; name: NFCORE_RNASEQ:RNASEQ:BAM_QC_RNASEQ:DUPRADAR (WT_REP1); status: COMPLETED; exit: 0; error: -; workDir: /groups/dthain/users/jzhou24/hpds-fa26/project-list/gbcf-nf-core/validation/test-run-sge/work/1b/a9e1cb2dff14159536e4f738fa8831]
Sep-14 11:34:37.702 [Task submitter] DEBUG n.executor.local.LocalTaskHandler - Launch cmd line: /bin/bash -ue .command.run
Sep-14 11:34:37.702 [Task submitter] INFO  nextflow.Session - [6c/b10ec5] Submitted process > NFCORE_RNASEQ:RNASEQ:QUANTIFY_BAM_SALMON:QUANT_TXIMPORT_SUMMARIZEDEXPERIMENT:SE_GENE_UNIFIED (all_samples)
Sep-14 11:34:45.555 [Task monitor] DEBUG n.processor.TaskPollingMonitor - Task completed > TaskHandler[id: 211; name: NFCORE_RNASEQ:RNASEQ:QUANTIFY_BAM_SALMON:QUANT_TXIMPORT_SUMMARIZEDEXPERIMENT:SE_GENE_UNIFIED (all_samples); status: COMPLETED; exit: 0; error: -; workDir: /groups/dthain/users/jzhou24/hpds-fa26/project-list/gbcf-nf-core/validation/test-run-sge/work/6c/b10ec52ec0f4335a920911188ca31e]
Sep-14 11:34:45.563 [Task submitter] DEBUG n.executor.local.LocalTaskHandler - Launch cmd line: /bin/bash -ue .command.run
Sep-14 11:34:45.563 [Task submitter] INFO  nextflow.Session - [5c/fa709a] Submitted process > NFCORE_RNASEQ:RNASEQ:QUANTIFY_BAM_SALMON:QUANT_TXIMPORT_SUMMARIZEDEXPERIMENT:SE_TRANSCRIPT_UNIFIED (all_samples)
Sep-14 11:34:53.961 [Task monitor] DEBUG n.processor.TaskPollingMonitor - Task completed > TaskHandler[id: 212; name: NFCORE_RNASEQ:RNASEQ:QUANTIFY_BAM_SALMON:QUANT_TXIMPORT_SUMMARIZEDEXPERIMENT:SE_TRANSCRIPT_UNIFIED (all_samples); status: COMPLETED; exit: 0; error: -; workDir: /groups/dthain/users/jzhou24/hpds-fa26/project-list/gbcf-nf-core/validation/test-run-sge/work/5c/fa709aaca33ebb394df00802d8b345]
Sep-14 11:34:53.968 [Task submitter] DEBUG n.executor.local.LocalTaskHandler - Launch cmd line: /bin/bash -ue .command.run
Sep-14 11:34:53.969 [Task submitter] INFO  nextflow.Session - [a6/c1fb0e] Submitted process > NFCORE_RNASEQ:RNASEQ:BAM_QC_RNASEQ:BAM_RSEQC:RSEQC_READDUPLICATION (WT_REP1)
Sep-14 11:34:55.838 [Task monitor] DEBUG n.processor.TaskPollingMonitor - Task completed > TaskHandler[id: 210; name: NFCORE_RNASEQ:RNASEQ:DESEQ2_QC_BAM_SALMON; status: COMPLETED; exit: 0; error: -; workDir: /groups/dthain/users/jzhou24/hpds-fa26/project-list/gbcf-nf-core/validation/test-run-sge/work/ee/97b869f4fd8a13a586ecaa32861de9]
Sep-14 11:34:55.845 [Task submitter] DEBUG n.executor.local.LocalTaskHandler - Launch cmd line: /bin/bash -ue .command.run
Sep-14 11:34:55.845 [Task submitter] INFO  nextflow.Session - [79/6a3d6d] Submitted process > NFCORE_RNASEQ:RNASEQ:BAM_QC_RNASEQ:BAM_RSEQC:RSEQC_BAMSTAT (WT_REP1)
Sep-14 11:34:56.815 [Task monitor] DEBUG n.processor.TaskPollingMonitor - Task completed > TaskHandler[id: 219; name: NFCORE_RNASEQ:RNASEQ:BAM_QC_RNASEQ:BAM_RSEQC:RSEQC_READDUPLICATION (WT_REP1); status: COMPLETED; exit: 0; error: -; workDir: /groups/dthain/users/jzhou24/hpds-fa26/project-list/gbcf-nf-core/validation/test-run-sge/work/a6/c1fb0e2f35290a458fa14e3e6de064]
Sep-14 11:34:56.822 [Task submitter] DEBUG n.executor.local.LocalTaskHandler - Launch cmd line: /bin/bash -ue .command.run
Sep-14 11:34:56.822 [Task submitter] INFO  nextflow.Session - [a5/a731e8] Submitted process > NFCORE_RNASEQ:RNASEQ:BAM_QC_RNASEQ:BAM_RSEQC:RSEQC_INNERDISTANCE (WT_REP1)
Sep-14 11:34:57.584 [Task monitor] DEBUG n.processor.TaskPollingMonitor - Task completed > TaskHandler[id: 218; name: NFCORE_RNASEQ:RNASEQ:BAM_QC_RNASEQ:BAM_RSEQC:RSEQC_BAMSTAT (WT_REP1); status: COMPLETED; exit: 0; error: -; workDir: /groups/dthain/users/jzhou24/hpds-fa26/project-list/gbcf-nf-core/validation/test-run-sge/work/79/6a3d6de0add6b7bd0f80de76f6e265]
Sep-14 11:34:57.592 [Task submitter] DEBUG n.executor.local.LocalTaskHandler - Launch cmd line: /bin/bash -ue .command.run
Sep-14 11:34:57.592 [Task submitter] INFO  nextflow.Session - [34/7e8dde] Submitted process > NFCORE_RNASEQ:RNASEQ:BAM_QC_RNASEQ:BAM_RSEQC:RSEQC_READDISTRIBUTION (WT_REP1)
Sep-14 11:34:59.178 [Task monitor] DEBUG n.processor.TaskPollingMonitor - Task completed > TaskHandler[id: 220; name: NFCORE_RNASEQ:RNASEQ:BAM_QC_RNASEQ:BAM_RSEQC:RSEQC_READDISTRIBUTION (WT_REP1); status: COMPLETED; exit: 0; error: -; workDir: /groups/dthain/users/jzhou24/hpds-fa26/project-list/gbcf-nf-core/validation/test-run-sge/work/34/7e8ddebbd5cb5ecbba5d54ced53f58]
Sep-14 11:34:59.185 [Task submitter] DEBUG n.executor.local.LocalTaskHandler - Launch cmd line: /bin/bash -ue .command.run
Sep-14 11:34:59.185 [Task submitter] INFO  nextflow.Session - [f4/ade45b] Submitted process > NFCORE_RNASEQ:RNASEQ:BAM_QC_RNASEQ:SAMTOOLS_SORT_QUALIMAP (WT_REP1)
Sep-14 11:34:59.965 [Task monitor] DEBUG n.processor.TaskPollingMonitor - Task completed > TaskHandler[id: 221; name: NFCORE_RNASEQ:RNASEQ:BAM_QC_RNASEQ:SAMTOOLS_SORT_QUALIMAP (WT_REP1); status: COMPLETED; exit: 0; error: -; workDir: /groups/dthain/users/jzhou24/hpds-fa26/project-list/gbcf-nf-core/validation/test-run-sge/work/f4/ade45b04d04ac6055cecdf2ae11bfc]
Sep-14 11:34:59.966 [TaskFinalizer-10] DEBUG n.processor.TaskFileCollector - Process `NFCORE_RNASEQ:RNASEQ:BAM_QC_RNASEQ:SAMTOOLS_SORT_QUALIMAP (WT_REP1)` is unable to find [UnixPath]: `/groups/dthain/users/jzhou24/hpds-fa26/project-list/gbcf-nf-core/validation/test-run-sge/work/f4/ade45b04d04ac6055cecdf2ae11bfc/WT_REP1.namesorted.cram` (pattern: `WT_REP1.namesorted.cram`)
Sep-14 11:34:59.967 [TaskFinalizer-10] DEBUG n.processor.TaskFileCollector - Process `NFCORE_RNASEQ:RNASEQ:BAM_QC_RNASEQ:SAMTOOLS_SORT_QUALIMAP (WT_REP1)` is unable to find [UnixPath]: `/groups/dthain/users/jzhou24/hpds-fa26/project-list/gbcf-nf-core/validation/test-run-sge/work/f4/ade45b04d04ac6055cecdf2ae11bfc/WT_REP1.namesorted.sam` (pattern: `WT_REP1.namesorted.sam`)
Sep-14 11:34:59.972 [TaskFinalizer-10] DEBUG nextflow.processor.TaskProcessor - Process NFCORE_RNASEQ:RNASEQ:BAM_QC_RNASEQ:SAMTOOLS_SORT_QUALIMAP > Skipping output binding because one or more optional files are missing: fileoutparam<1:1>
Sep-14 11:34:59.972 [TaskFinalizer-10] DEBUG nextflow.processor.TaskProcessor - Process NFCORE_RNASEQ:RNASEQ:BAM_QC_RNASEQ:SAMTOOLS_SORT_QUALIMAP > Skipping output binding because one or more optional files are missing: fileoutparam<2:1>
Sep-14 11:34:59.972 [TaskFinalizer-10] DEBUG nextflow.processor.TaskProcessor - Process NFCORE_RNASEQ:RNASEQ:BAM_QC_RNASEQ:SAMTOOLS_SORT_QUALIMAP > Skipping output binding because one or more optional files are missing: fileoutparam<3:1>
Sep-14 11:34:59.974 [Task submitter] DEBUG n.executor.local.LocalTaskHandler - Launch cmd line: /bin/bash -ue .command.run
Sep-14 11:34:59.974 [Task submitter] INFO  nextflow.Session - [66/732023] Submitted process > NFCORE_RNASEQ:RNASEQ:BAM_QC_RNASEQ:BAM_RSEQC:RSEQC_INFEREXPERIMENT (WT_REP1)
Sep-14 11:35:00.809 [Task monitor] DEBUG n.processor.TaskPollingMonitor - Task completed > TaskHandler[id: 225; name: NFCORE_RNASEQ:RNASEQ:BAM_QC_RNASEQ:BAM_RSEQC:RSEQC_INNERDISTANCE (WT_REP1); status: COMPLETED; exit: 0; error: -; workDir: /groups/dthain/users/jzhou24/hpds-fa26/project-list/gbcf-nf-core/validation/test-run-sge/work/a5/a731e889592c5e2b69e4fb1ec6efe0]
Sep-14 11:35:00.816 [Task submitter] DEBUG n.executor.local.LocalTaskHandler - Launch cmd line: /bin/bash -ue .command.run
Sep-14 11:35:00.817 [Task submitter] INFO  nextflow.Session - [47/50178e] Submitted process > NFCORE_RNASEQ:RNASEQ:BAM_QC_RNASEQ:SUBREAD_FEATURECOUNTS (WT_REP1)
Sep-14 11:35:01.339 [Task monitor] DEBUG n.processor.TaskPollingMonitor - Task completed > TaskHandler[id: 224; name: NFCORE_RNASEQ:RNASEQ:BAM_QC_RNASEQ:SUBREAD_FEATURECOUNTS (WT_REP1); status: COMPLETED; exit: 0; error: -; workDir: /groups/dthain/users/jzhou24/hpds-fa26/project-list/gbcf-nf-core/validation/test-run-sge/work/47/50178e89a61232504513bfdb08a6be]
Sep-14 11:35:01.346 [Task submitter] DEBUG n.executor.local.LocalTaskHandler - Launch cmd line: /bin/bash -ue .command.run
Sep-14 11:35:01.346 [Task submitter] INFO  nextflow.Session - [af/8486a7] Submitted process > NFCORE_RNASEQ:RNASEQ:BAM_QC_RNASEQ:BAM_RSEQC:RSEQC_JUNCTIONSATURATION (WT_REP1)
Sep-14 11:35:01.918 [Task monitor] DEBUG n.processor.TaskPollingMonitor - Task completed > TaskHandler[id: 222; name: NFCORE_RNASEQ:RNASEQ:BAM_QC_RNASEQ:BAM_RSEQC:RSEQC_INFEREXPERIMENT (WT_REP1); status: COMPLETED; exit: 0; error: -; workDir: /groups/dthain/users/jzhou24/hpds-fa26/project-list/gbcf-nf-core/validation/test-run-sge/work/66/7320237424e287b8bbc359dd0af1ba]
Sep-14 11:35:01.925 [Task submitter] DEBUG n.executor.local.LocalTaskHandler - Launch cmd line: /bin/bash -ue .command.run
Sep-14 11:35:01.925 [Task submitter] INFO  nextflow.Session - [de/c9d720] Submitted process > NFCORE_RNASEQ:RNASEQ:BAM_QC_RNASEQ:BAM_RSEQC:RSEQC_JUNCTIONANNOTATION (WT_REP1)
Sep-14 11:35:01.951 [Actor Thread 55] DEBUG nextflow.sort.BigSort - Sort completed -- entries: 1; slices: 1; internal sort time: 0.0 s; external sort time: 0.001 s; total time: 0.001 s
Sep-14 11:35:01.953 [Actor Thread 46] DEBUG nextflow.sort.BigSort - Sort completed -- entries: 1; slices: 1; internal sort time: 0.0 s; external sort time: 0.001 s; total time: 0.001 s
Sep-14 11:35:01.959 [Actor Thread 55] DEBUG nextflow.file.FileCollector - Saved collect-files list to: /groups/dthain/users/jzhou24/hpds-fa26/project-list/gbcf-nf-core/validation/test-run-sge/work/collect-file/ada5d1b1a1d9c22b006396fd320a7a85
Sep-14 11:35:01.960 [Actor Thread 46] DEBUG nextflow.file.FileCollector - Saved collect-files list to: /groups/dthain/users/jzhou24/hpds-fa26/project-list/gbcf-nf-core/validation/test-run-sge/work/collect-file/5c7134bd07c3771969318ed77e14da4b
Sep-14 11:35:01.960 [Actor Thread 55] DEBUG nextflow.file.FileCollector - Deleting file collector temp dir: /tmp/1442032.1.long/nxf-2368766030484931761
Sep-14 11:35:01.960 [Actor Thread 46] DEBUG nextflow.file.FileCollector - Deleting file collector temp dir: /tmp/1442032.1.long/nxf-5316636820223606958
Sep-14 11:35:03.300 [Task monitor] DEBUG n.processor.TaskPollingMonitor - Task completed > TaskHandler[id: 217; name: NFCORE_RNASEQ:RNASEQ:BAM_QC_RNASEQ:BAM_RSEQC:RSEQC_JUNCTIONSATURATION (WT_REP1); status: COMPLETED; exit: 0; error: -; workDir: /groups/dthain/users/jzhou24/hpds-fa26/project-list/gbcf-nf-core/validation/test-run-sge/work/af/8486a721e0df02a7cfb6733f7d19c5]
Sep-14 11:35:03.307 [Task submitter] DEBUG n.executor.local.LocalTaskHandler - Launch cmd line: /bin/bash -ue .command.run
Sep-14 11:35:03.307 [Task submitter] INFO  nextflow.Session - [91/db44ad] Submitted process > NFCORE_RNASEQ:RNASEQ:BEDGRAPH_BEDCLIP_BEDGRAPHTOBIGWIG_FORWARD:UCSC_BEDCLIP (WT_REP1)
Sep-14 11:35:03.633 [Task monitor] DEBUG n.processor.TaskPollingMonitor - Task completed > TaskHandler[id: 226; name: NFCORE_RNASEQ:RNASEQ:BEDGRAPH_BEDCLIP_BEDGRAPHTOBIGWIG_FORWARD:UCSC_BEDCLIP (WT_REP1); status: COMPLETED; exit: 0; error: -; workDir: /groups/dthain/users/jzhou24/hpds-fa26/project-list/gbcf-nf-core/validation/test-run-sge/work/91/db44adc3e46906d54087ddc76522c7]
Sep-14 11:35:03.640 [Task submitter] DEBUG n.executor.local.LocalTaskHandler - Launch cmd line: /bin/bash -ue .command.run
Sep-14 11:35:03.641 [Task submitter] INFO  nextflow.Session - [1d/db2b16] Submitted process > NFCORE_RNASEQ:RNASEQ:BEDGRAPH_BEDCLIP_BEDGRAPHTOBIGWIG_REVERSE:UCSC_BEDCLIP (WT_REP1)
Sep-14 11:35:03.884 [Task monitor] DEBUG n.processor.TaskPollingMonitor - Task completed > TaskHandler[id: 223; name: NFCORE_RNASEQ:RNASEQ:BAM_QC_RNASEQ:BAM_RSEQC:RSEQC_JUNCTIONANNOTATION (WT_REP1); status: COMPLETED; exit: 0; error: -; workDir: /groups/dthain/users/jzhou24/hpds-fa26/project-list/gbcf-nf-core/validation/test-run-sge/work/de/c9d720d55bba225c40be98fbe7014d]
Sep-14 11:35:03.891 [Task submitter] DEBUG n.executor.local.LocalTaskHandler - Launch cmd line: /bin/bash -ue .command.run
Sep-14 11:35:03.891 [Task submitter] INFO  nextflow.Session - [b1/73bfda] Submitted process > NFCORE_RNASEQ:RNASEQ:BEDGRAPH_BEDCLIP_BEDGRAPHTOBIGWIG_COMBINED:UCSC_BEDCLIP (WT_REP1)
Sep-14 11:35:04.045 [Task monitor] DEBUG n.processor.TaskPollingMonitor - Task completed > TaskHandler[id: 227; name: NFCORE_RNASEQ:RNASEQ:BEDGRAPH_BEDCLIP_BEDGRAPHTOBIGWIG_REVERSE:UCSC_BEDCLIP (WT_REP1); status: COMPLETED; exit: 0; error: -; workDir: /groups/dthain/users/jzhou24/hpds-fa26/project-list/gbcf-nf-core/validation/test-run-sge/work/1d/db2b1656d0604888e612e72cd791e5]
Sep-14 11:35:04.052 [Task submitter] DEBUG n.executor.local.LocalTaskHandler - Launch cmd line: /bin/bash -ue .command.run
Sep-14 11:35:04.052 [Task submitter] INFO  nextflow.Session - [92/2d4abc] Submitted process > NFCORE_RNASEQ:RNASEQ:BAM_QC_RNASEQ:QUALIMAP_RNASEQ (WT_REP1)
Sep-14 11:35:04.219 [Task monitor] DEBUG n.processor.TaskPollingMonitor - Task completed > TaskHandler[id: 228; name: NFCORE_RNASEQ:RNASEQ:BEDGRAPH_BEDCLIP_BEDGRAPHTOBIGWIG_COMBINED:UCSC_BEDCLIP (WT_REP1); status: COMPLETED; exit: 0; error: -; workDir: /groups/dthain/users/jzhou24/hpds-fa26/project-list/gbcf-nf-core/validation/test-run-sge/work/b1/73bfda5e0d70c80bf62efe71137329]
Sep-14 11:35:04.226 [Task submitter] DEBUG n.executor.local.LocalTaskHandler - Launch cmd line: /bin/bash -ue .command.run
Sep-14 11:35:04.226 [Task submitter] INFO  nextflow.Session - [7c/c93165] Submitted process > NFCORE_RNASEQ:RNASEQ:BAM_QC_RNASEQ:CUSTOM_MULTIQCCUSTOMBIOTYPE (WT_REP1)
Sep-14 11:35:04.234 [Task submitter] DEBUG n.executor.local.LocalTaskHandler - Launch cmd line: /bin/bash -ue .command.run
Sep-14 11:35:04.234 [Task submitter] INFO  nextflow.Session - [9b/54e4cb] Submitted process > NFCORE_RNASEQ:RNASEQ:BEDGRAPH_BEDCLIP_BEDGRAPHTOBIGWIG_FORWARD:UCSC_BEDGRAPHTOBIGWIG (WT_REP1)
Sep-14 11:35:04.241 [Task submitter] DEBUG n.executor.local.LocalTaskHandler - Launch cmd line: /bin/bash -ue .command.run
Sep-14 11:35:04.241 [Task submitter] INFO  nextflow.Session - [b3/07b6b5] Submitted process > NFCORE_RNASEQ:RNASEQ:BEDGRAPH_BEDCLIP_BEDGRAPHTOBIGWIG_REVERSE:UCSC_BEDGRAPHTOBIGWIG (WT_REP1)
Sep-14 11:35:04.248 [Task submitter] DEBUG n.executor.local.LocalTaskHandler - Launch cmd line: /bin/bash -ue .command.run
Sep-14 11:35:04.248 [Task submitter] INFO  nextflow.Session - [84/e8e0a7] Submitted process > NFCORE_RNASEQ:RNASEQ:BEDGRAPH_BEDCLIP_BEDGRAPHTOBIGWIG_COMBINED:UCSC_BEDGRAPHTOBIGWIG (WT_REP1)
Sep-14 11:35:04.643 [Task monitor] DEBUG n.processor.TaskPollingMonitor - Task completed > TaskHandler[id: 232; name: NFCORE_RNASEQ:RNASEQ:BEDGRAPH_BEDCLIP_BEDGRAPHTOBIGWIG_REVERSE:UCSC_BEDGRAPHTOBIGWIG (WT_REP1); status: COMPLETED; exit: 0; error: -; workDir: /groups/dthain/users/jzhou24/hpds-fa26/project-list/gbcf-nf-core/validation/test-run-sge/work/b3/07b6b5815a5bb458743bba25a6536e]
Sep-14 11:35:04.648 [Task monitor] DEBUG n.processor.TaskPollingMonitor - Task completed > TaskHandler[id: 231; name: NFCORE_RNASEQ:RNASEQ:BEDGRAPH_BEDCLIP_BEDGRAPHTOBIGWIG_FORWARD:UCSC_BEDGRAPHTOBIGWIG (WT_REP1); status: COMPLETED; exit: 0; error: -; workDir: /groups/dthain/users/jzhou24/hpds-fa26/project-list/gbcf-nf-core/validation/test-run-sge/work/9b/54e4cb686c8d7b3922ad69456ba308]
Sep-14 11:35:04.670 [Task monitor] DEBUG n.processor.TaskPollingMonitor - Task completed > TaskHandler[id: 230; name: NFCORE_RNASEQ:RNASEQ:BAM_QC_RNASEQ:CUSTOM_MULTIQCCUSTOMBIOTYPE (WT_REP1); status: COMPLETED; exit: 0; error: -; workDir: /groups/dthain/users/jzhou24/hpds-fa26/project-list/gbcf-nf-core/validation/test-run-sge/work/7c/c9316581e58f2bff16fd1880d0e39d]
Sep-14 11:35:04.690 [Task monitor] DEBUG n.processor.TaskPollingMonitor - Task completed > TaskHandler[id: 233; name: NFCORE_RNASEQ:RNASEQ:BEDGRAPH_BEDCLIP_BEDGRAPHTOBIGWIG_COMBINED:UCSC_BEDGRAPHTOBIGWIG (WT_REP1); status: COMPLETED; exit: 0; error: -; workDir: /groups/dthain/users/jzhou24/hpds-fa26/project-list/gbcf-nf-core/validation/test-run-sge/work/84/e8e0a7163af6eece3f6c3ad8024dac]
Sep-14 11:35:07.252 [Task monitor] DEBUG n.processor.TaskPollingMonitor - Task completed > TaskHandler[id: 229; name: NFCORE_RNASEQ:RNASEQ:BAM_QC_RNASEQ:QUALIMAP_RNASEQ (WT_REP1); status: COMPLETED; exit: 0; error: -; workDir: /groups/dthain/users/jzhou24/hpds-fa26/project-list/gbcf-nf-core/validation/test-run-sge/work/92/2d4abc1a4a68e1b6a6854f455c7eca]
Sep-14 11:35:07.263 [Actor Thread 35] DEBUG nextflow.file.SortFileCollector - FileCollector temp dir not removed: null
Sep-14 11:35:07.263 [Actor Thread 45] DEBUG nextflow.file.SortFileCollector - FileCollector temp dir not removed: null
Sep-14 11:35:07.287 [Actor Thread 49] DEBUG nextflow.sort.BigSort - Sort completed -- entries: 50; slices: 1; internal sort time: 0.017 s; external sort time: 0.004 s; total time: 0.021 s
Sep-14 11:35:07.297 [Actor Thread 49] DEBUG nextflow.file.FileCollector - Saved collect-files list to: /groups/dthain/users/jzhou24/hpds-fa26/project-list/gbcf-nf-core/validation/test-run-sge/work/collect-file/be0c8305cbfb3b1fd2b0e10b528100a4
Sep-14 11:35:07.299 [Actor Thread 49] DEBUG nextflow.file.FileCollector - Deleting file collector temp dir: /tmp/1442032.1.long/nxf-6523700649601587679
Sep-14 11:35:07.405 [Actor Thread 35] DEBUG nextflow.container.SingularityCache - Apptainer found local store for image=docker://community.wave.seqera.io/library/multiqc:1.33--ee7739d47738383b; path=/groups/dthain/users/jzhou24/hpds-fa26/project-list/gbcf-nf-core/.apptainer/community.wave.seqera.io-library-multiqc-1.33--ee7739d47738383b.img
Sep-14 11:35:07.463 [Task submitter] DEBUG n.executor.local.LocalTaskHandler - Launch cmd line: /bin/bash -ue .command.run
Sep-14 11:35:07.463 [Task submitter] INFO  nextflow.Session - [3f/4739d8] Submitted process > NFCORE_RNASEQ:RNASEQ:MULTIQC_RNASEQ:MULTIQC (multiqc_report)
Sep-14 11:35:59.443 [Task monitor] DEBUG n.processor.TaskPollingMonitor - Task completed > TaskHandler[id: 234; name: NFCORE_RNASEQ:RNASEQ:MULTIQC_RNASEQ:MULTIQC (multiqc_report); status: COMPLETED; exit: 0; error: -; workDir: /groups/dthain/users/jzhou24/hpds-fa26/project-list/gbcf-nf-core/validation/test-run-sge/work/3f/4739d83d9370a513a18b1c98e7880f]
Sep-14 11:35:59.606 [main] DEBUG nextflow.Session - Session await > all processes finished
Sep-14 11:35:59.644 [Task monitor] DEBUG n.processor.TaskPollingMonitor - <<< barrier arrives (monitor: local) - terminating tasks monitor poll loop
Sep-14 11:35:59.644 [main] DEBUG nextflow.Session - Session await > all barriers passed
Sep-14 11:35:59.650 [main] DEBUG nextflow.util.ThreadPoolManager - Thread pool 'TaskFinalizer' shutdown completed (hard=false)
Sep-14 11:36:00.696 [main] DEBUG nextflow.util.ThreadPoolManager - Thread pool 'PublishDir' shutdown completed (hard=false)
Sep-14 11:36:00.706 [main] INFO  nextflow.Nextflow - -[0;35m[nf-core/rnaseq][0;32m Pipeline completed successfully [0m-
Sep-14 11:36:00.712 [main] DEBUG n.trace.WorkflowStatsObserver - Workflow completed > WorkflowStats[succeededCount=234; failedCount=0; ignoredCount=0; cachedCount=0; pendingCount=0; submittedCount=0; runningCount=0; retriesCount=0; abortedCount=0; succeedDuration=46m 40s; failedDuration=0ms; cachedDuration=0ms;loadCpus=0; loadMemory=0; peakRunning=5; peakCpus=13; peakMemory=48 GB; ]
Sep-14 11:36:00.813 [main] DEBUG nextflow.trace.ReportObserver - Workflow completed -- rendering execution report
Sep-14 11:36:01.826 [main] DEBUG nextflow.trace.TimelineObserver - Workflow completed -- rendering execution timeline
Sep-14 11:36:02.052 [main] DEBUG nextflow.trace.TraceFileObserver - Workflow completed -- saving trace file
Sep-14 11:36:02.059 [main] DEBUG nextflow.cache.CacheDB - Closing CacheDB done
Sep-14 11:36:02.213 [main] INFO  org.pf4j.AbstractPluginManager - Stop plugin 'nf-schema@2.5.1'
Sep-14 11:36:02.214 [main] DEBUG nextflow.plugin.BasePlugin - Plugin stopped nf-schema
Sep-14 11:36:02.216 [main] DEBUG nextflow.util.ThreadPoolManager - Thread pool 'FileTransfer' shutdown completed (hard=false)
Sep-14 11:36:02.217 [main] DEBUG nextflow.script.ScriptRunner - > Execution complete -- Goodbye
