$DEBUG_L is []
$USE_MPI_L is [true]
$FC is [mpiifort -fc=ifx -fno-lto]
$OPTS is [-g -O2 -march=core-avx2 -assume byterecl -fp-model precise -ftz -init=snan,arrays -traceback -no-fma ]
$CPP is [cpp -C -P -traditional -Wno-invalid-pp-token -ffreestanding]
$OMP is []
$DM is [-DMPI]
cpp -C -P -traditional -Wno-invalid-pp-token -ffreestanding -DMPI   -DNETCDF -DNCFPLUS cm1.F > cm1.f90
cpp -C -P -traditional -Wno-invalid-pp-token -ffreestanding -DMPI   -DNETCDF -DNCFPLUS constants.F > constants.f90
cpp -C -P -traditional -Wno-invalid-pp-token -ffreestanding -DMPI   -DNETCDF -DNCFPLUS input.F > input.f90
cpp -C -P -traditional -Wno-invalid-pp-token -ffreestanding -DMPI   -DNETCDF -DNCFPLUS param.F > param.f90
cpp -C -P -traditional -Wno-invalid-pp-token -ffreestanding -DMPI   -DNETCDF -DNCFPLUS init_terrain.F > init_terrain.f90
cpp -C -P -traditional -Wno-invalid-pp-token -ffreestanding -DMPI   -DNETCDF -DNCFPLUS bc.F > bc.f90
cpp -C -P -traditional -Wno-invalid-pp-token -ffreestanding -DMPI   -DNETCDF -DNCFPLUS comm.F > comm.f90
cpp -C -P -traditional -Wno-invalid-pp-token -ffreestanding -DMPI   -DNETCDF -DNCFPLUS adv_routines.F > adv_routines.f90
cpp -C -P -traditional -Wno-invalid-pp-token -ffreestanding -DMPI   -DNETCDF -DNCFPLUS pdef.F > pdef.f90
cpp -C -P -traditional -Wno-invalid-pp-token -ffreestanding -DMPI   -DNETCDF -DNCFPLUS bcast.F > bcast.f90
cpp -C -P -traditional -Wno-invalid-pp-token -ffreestanding -DMPI   -DNETCDF -DNCFPLUS thompson.F > thompson.f90
cpp -C -P -traditional -Wno-invalid-pp-token -ffreestanding -DMPI   -DNETCDF -DNCFPLUS module_mp_radar.F > module_mp_radar.f90
cpp -C -P -traditional -Wno-invalid-pp-token -ffreestanding -DMPI   -DNETCDF -DNCFPLUS module_ra_etc.F > module_ra_etc.f90
cpp -C -P -traditional -Wno-invalid-pp-token -ffreestanding -DMPI   -DNETCDF -DNCFPLUS morrison.F > morrison.f90
cpp -C -P -traditional -Wno-invalid-pp-token -ffreestanding -DMPI   -DNETCDF -DNCFPLUS module_mp_nssl_2mom.F > module_mp_nssl_2mom.f90
cpp -C -P -traditional -Wno-invalid-pp-token -ffreestanding -DMPI   -DNETCDF -DNCFPLUS goddard.F > goddard.f90
cpp -C -P -traditional -Wno-invalid-pp-token -ffreestanding -DMPI   -DNETCDF -DNCFPLUS cm1libs.F > cm1libs.f90
cpp -C -P -traditional -Wno-invalid-pp-token -ffreestanding -DMPI   -DNETCDF -DNCFPLUS lfoice.F > lfoice.f90
cpp -C -P -traditional -Wno-invalid-pp-token -ffreestanding -DMPI   -DNETCDF -DNCFPLUS module_mp_p3.F > module_mp_p3.f90
cpp -C -P -traditional -Wno-invalid-pp-token -ffreestanding -DMPI   -DNETCDF -DNCFPLUS module_mp_jensen_ishmael.F > module_mp_jensen_ishmael.f90
cpp -C -P -traditional -Wno-invalid-pp-token -ffreestanding -DMPI   -DNETCDF -DNCFPLUS ib_module.F > ib_module.f90
cpp -C -P -traditional -Wno-invalid-pp-token -ffreestanding -DMPI   -DNETCDF -DNCFPLUS eddy_recycle.F > eddy_recycle.f90
cpp -C -P -traditional -Wno-invalid-pp-token -ffreestanding -DMPI   -DNETCDF -DNCFPLUS lsnudge.F > lsnudge.f90
cpp -C -P -traditional -Wno-invalid-pp-token -ffreestanding -DMPI   -DNETCDF -DNCFPLUS base.F > base.f90
cpp -C -P -traditional -Wno-invalid-pp-token -ffreestanding -DMPI   -DNETCDF -DNCFPLUS getcape.F > getcape.f90
cpp -C -P -traditional -Wno-invalid-pp-token -ffreestanding -DMPI   -DNETCDF -DNCFPLUS turb.F > turb.f90
cpp -C -P -traditional -Wno-invalid-pp-token -ffreestanding -DMPI   -DNETCDF -DNCFPLUS sfcphys.F > sfcphys.f90
cpp -C -P -traditional -Wno-invalid-pp-token -ffreestanding -DMPI   -DNETCDF -DNCFPLUS sfclay.F > sfclay.f90
cpp -C -P -traditional -Wno-invalid-pp-token -ffreestanding -DMPI   -DNETCDF -DNCFPLUS sfclayrev.F > sfclayrev.f90
cpp -C -P -traditional -Wno-invalid-pp-token -ffreestanding -DMPI   -DNETCDF -DNCFPLUS slab.F > slab.f90
cpp -C -P -traditional -Wno-invalid-pp-token -ffreestanding -DMPI   -DNETCDF -DNCFPLUS oml.F > oml.f90
cpp -C -P -traditional -Wno-invalid-pp-token -ffreestanding -DMPI   -DNETCDF -DNCFPLUS ysu.F > ysu.f90
cpp -C -P -traditional -Wno-invalid-pp-token -ffreestanding -DMPI   -DNETCDF -DNCFPLUS module_sf_gfdl.F > module_sf_gfdl.f90
cpp -C -P -traditional -Wno-invalid-pp-token -ffreestanding -DMPI   -DNETCDF -DNCFPLUS module_gfs_machine.F > module_gfs_machine.f90
cpp -C -P -traditional -Wno-invalid-pp-token -ffreestanding -DMPI   -DNETCDF -DNCFPLUS module_gfs_physcons.F > module_gfs_physcons.f90
cpp -C -P -traditional -Wno-invalid-pp-token -ffreestanding -DMPI   -DNETCDF -DNCFPLUS module_gfs_funcphys.F > module_gfs_funcphys.f90
cpp -C -P -traditional -Wno-invalid-pp-token -ffreestanding -DMPI   -DNETCDF -DNCFPLUS module_sf_exchcoef.F > module_sf_exchcoef.f90
cpp -C -P -traditional -Wno-invalid-pp-token -ffreestanding -DMPI   -DNETCDF -DNCFPLUS module_bl_gfsedmf.F > module_bl_gfsedmf.f90
cpp -C -P -traditional -Wno-invalid-pp-token -ffreestanding -DMPI   -DNETCDF -DNCFPLUS module_sf_mynn.F > module_sf_mynn.f90
cpp -C -P -traditional -Wno-invalid-pp-token -ffreestanding -DMPI   -DNETCDF -DNCFPLUS module_bl_mynn.F > module_bl_mynn.f90
cpp -C -P -traditional -Wno-invalid-pp-token -ffreestanding -DMPI   -DNETCDF -DNCFPLUS module_bl_myjpbl.F > module_bl_myjpbl.f90
cpp -C -P -traditional -Wno-invalid-pp-token -ffreestanding -DMPI   -DNETCDF -DNCFPLUS module_sf_myjsfc.F > module_sf_myjsfc.f90
cpp -C -P -traditional -Wno-invalid-pp-token -ffreestanding -DMPI   -DNETCDF -DNCFPLUS turbnba.F > turbnba.f90
cpp -C -P -traditional -Wno-invalid-pp-token -ffreestanding -DMPI   -DNETCDF -DNCFPLUS misclibs.F > misclibs.f90
cpp -C -P -traditional -Wno-invalid-pp-token -ffreestanding -DMPI   -DNETCDF -DNCFPLUS init3d.F > init3d.f90
cpp -C -P -traditional -Wno-invalid-pp-token -ffreestanding -DMPI   -DNETCDF -DNCFPLUS poiss.F > poiss.f90
cpp -C -P -traditional -Wno-invalid-pp-token -ffreestanding -DMPI   -DNETCDF -DNCFPLUS singleton.F > singleton.f90
cpp -C -P -traditional -Wno-invalid-pp-token -ffreestanding -DMPI   -DNETCDF -DNCFPLUS parcel.F > parcel.f90
cpp -C -P -traditional -Wno-invalid-pp-token -ffreestanding -DMPI   -DNETCDF -DNCFPLUS writeout_nc.F > writeout_nc.f90
cpp -C -P -traditional -Wno-invalid-pp-token -ffreestanding -DMPI   -DNETCDF -DNCFPLUS comm_droplet.F > comm_droplet.f90
cpp -C -P -traditional -Wno-invalid-pp-token -ffreestanding -DMPI   -DNETCDF -DNCFPLUS mersennetwister_mod.F > mersennetwister_mod.f90
cpp -C -P -traditional -Wno-invalid-pp-token -ffreestanding -DMPI   -DNETCDF -DNCFPLUS droplet.F > droplet.f90
cpp -C -P -traditional -Wno-invalid-pp-token -ffreestanding -DMPI   -DNETCDF -DNCFPLUS solve1.F > solve1.f90
cpp -C -P -traditional -Wno-invalid-pp-token -ffreestanding -DMPI   -DNETCDF -DNCFPLUS diff2.F > diff2.f90
cpp -C -P -traditional -Wno-invalid-pp-token -ffreestanding -DMPI   -DNETCDF -DNCFPLUS turbtend.F > turbtend.f90
cpp -C -P -traditional -Wno-invalid-pp-token -ffreestanding -DMPI   -DNETCDF -DNCFPLUS testcase_simple_phys.F > testcase_simple_phys.f90
cpp -C -P -traditional -Wno-invalid-pp-token -ffreestanding -DMPI   -DNETCDF -DNCFPLUS solve2.F > solve2.f90
cpp -C -P -traditional -Wno-invalid-pp-token -ffreestanding -DMPI   -DNETCDF -DNCFPLUS adv.F > adv.f90
cpp -C -P -traditional -Wno-invalid-pp-token -ffreestanding -DMPI   -DNETCDF -DNCFPLUS sound.F > sound.f90
cpp -C -P -traditional -Wno-invalid-pp-token -ffreestanding -DMPI   -DNETCDF -DNCFPLUS sounde.F > sounde.f90
cpp -C -P -traditional -Wno-invalid-pp-token -ffreestanding -DMPI   -DNETCDF -DNCFPLUS maxmin.F > maxmin.f90
cpp -C -P -traditional -Wno-invalid-pp-token -ffreestanding -DMPI   -DNETCDF -DNCFPLUS soundns.F > soundns.f90
cpp -C -P -traditional -Wno-invalid-pp-token -ffreestanding -DMPI   -DNETCDF -DNCFPLUS soundcb.F > soundcb.f90
cpp -C -P -traditional -Wno-invalid-pp-token -ffreestanding -DMPI   -DNETCDF -DNCFPLUS anelp.F > anelp.f90
cpp -C -P -traditional -Wno-invalid-pp-token -ffreestanding -DMPI   -DNETCDF -DNCFPLUS solve3.F > solve3.f90
cpp -C -P -traditional -Wno-invalid-pp-token -ffreestanding -DMPI   -DNETCDF -DNCFPLUS pdcomp.F > pdcomp.f90
cpp -C -P -traditional -Wno-invalid-pp-token -ffreestanding -DMPI   -DNETCDF -DNCFPLUS statpack.F > statpack.f90
cpp -C -P -traditional -Wno-invalid-pp-token -ffreestanding -DMPI   -DNETCDF -DNCFPLUS writeout.F > writeout.f90
cpp -C -P -traditional -Wno-invalid-pp-token -ffreestanding -DMPI   -DNETCDF -DNCFPLUS restart.F > restart.f90
cpp -C -P -traditional -Wno-invalid-pp-token -ffreestanding -DMPI   -DNETCDF -DNCFPLUS radiation_driver.F > radiation_driver.f90
cpp -C -P -traditional -Wno-invalid-pp-token -ffreestanding -DMPI   -DNETCDF -DNCFPLUS radtrns3d.F > radtrns3d.f90
cpp -C -P -traditional -Wno-invalid-pp-token -ffreestanding -DMPI   -DNETCDF -DNCFPLUS irrad3d.F > irrad3d.f90
cpp -C -P -traditional -Wno-invalid-pp-token -ffreestanding -DMPI   -DNETCDF -DNCFPLUS radlib3d.F > radlib3d.f90
cpp -C -P -traditional -Wno-invalid-pp-token -ffreestanding -DMPI   -DNETCDF -DNCFPLUS sorad3d.F > sorad3d.f90
cpp -C -P -traditional -Wno-invalid-pp-token -ffreestanding -DMPI   -DNETCDF -DNCFPLUS module_ra_rrtmg_lw.F > module_ra_rrtmg_lw.f90
cpp -C -P -traditional -Wno-invalid-pp-token -ffreestanding -DMPI   -DNETCDF -DNCFPLUS module_ra_rrtmg_sw.F > module_ra_rrtmg_sw.f90
cpp -C -P -traditional -Wno-invalid-pp-token -ffreestanding -DMPI   -DNETCDF -DNCFPLUS domaindiag.F > domaindiag.f90
cpp -C -P -traditional -Wno-invalid-pp-token -ffreestanding -DMPI   -DNETCDF -DNCFPLUS interp_routines.F > interp_routines.f90
cpp -C -P -traditional -Wno-invalid-pp-token -ffreestanding -DMPI   -DNETCDF -DNCFPLUS azimavg.F > azimavg.f90
cpp -C -P -traditional -Wno-invalid-pp-token -ffreestanding -DMPI   -DNETCDF -DNCFPLUS hifrq.F > hifrq.f90
cpp -C -P -traditional -Wno-invalid-pp-token -ffreestanding -DMPI   -DNETCDF -DNCFPLUS init_physics.F > init_physics.f90
cpp -C -P -traditional -Wno-invalid-pp-token -ffreestanding -DMPI   -DNETCDF -DNCFPLUS init_surface.F > init_surface.f90
cpp -C -P -traditional -Wno-invalid-pp-token -ffreestanding -DMPI   -DNETCDF -DNCFPLUS mp_driver.F > mp_driver.f90
cpp -C -P -traditional -Wno-invalid-pp-token -ffreestanding -DMPI   -DNETCDF -DNCFPLUS kessler.F > kessler.f90
mpiifort -fc=ifx -fno-lto -g -O2 -march=core-avx2 -assume byterecl -fp-model precise -ftz -init=snan,arrays -traceback -no-fma  -DNDEBUG -D_FORTIFY_SOURCE=2 -O2 -isystem /users/jzhou24/miniconda3/envs/dagvine-env/include  -c -o nvtx_mod.o nvtx_mod.F
cpp -C -P -traditional -Wno-invalid-pp-token -ffreestanding -DMPI   -DNETCDF -DNCFPLUS stopcm1.F > stopcm1.f90
mpiifort -fc=ifx -fno-lto -g -O2 -march=core-avx2 -assume byterecl -fp-model precise -ftz -init=snan,arrays -traceback -no-fma  -I/afs/crc.nd.edu/x86_64_linux/n/netcdf/4.9.2/intel/24.2/serial//include -c constants.f90
mpiifort -fc=ifx -fno-lto -g -O2 -march=core-avx2 -assume byterecl -fp-model precise -ftz -init=snan,arrays -traceback -no-fma  -I/afs/crc.nd.edu/x86_64_linux/n/netcdf/4.9.2/intel/24.2/serial//include -c module_ra_etc.f90
mpiifort -fc=ifx -fno-lto -g -O2 -march=core-avx2 -assume byterecl -fp-model precise -ftz -init=snan,arrays -traceback -no-fma  -I/afs/crc.nd.edu/x86_64_linux/n/netcdf/4.9.2/intel/24.2/serial//include -c module_mp_nssl_2mom.f90
mpiifort -fc=ifx -fno-lto -g -O2 -march=core-avx2 -assume byterecl -fp-model precise -ftz -init=snan,arrays -traceback -no-fma  -I/afs/crc.nd.edu/x86_64_linux/n/netcdf/4.9.2/intel/24.2/serial//include -c module_mp_p3.f90
mpiifort -fc=ifx -fno-lto -g -O2 -march=core-avx2 -assume byterecl -fp-model precise -ftz -init=snan,arrays -traceback -no-fma  -I/afs/crc.nd.edu/x86_64_linux/n/netcdf/4.9.2/intel/24.2/serial//include -c getcape.f90
mpiifort -fc=ifx -fno-lto -g -O2 -march=core-avx2 -assume byterecl -fp-model precise -ftz -init=snan,arrays -traceback -no-fma  -I/afs/crc.nd.edu/x86_64_linux/n/netcdf/4.9.2/intel/24.2/serial//include -c sfclay.f90
mpiifort -fc=ifx -fno-lto -g -O2 -march=core-avx2 -assume byterecl -fp-model precise -ftz -init=snan,arrays -traceback -no-fma  -I/afs/crc.nd.edu/x86_64_linux/n/netcdf/4.9.2/intel/24.2/serial//include -c sfclayrev.f90
mpiifort -fc=ifx -fno-lto -g -O2 -march=core-avx2 -assume byterecl -fp-model precise -ftz -init=snan,arrays -traceback -no-fma  -I/afs/crc.nd.edu/x86_64_linux/n/netcdf/4.9.2/intel/24.2/serial//include -c slab.f90
mpiifort -fc=ifx -fno-lto -g -O2 -march=core-avx2 -assume byterecl -fp-model precise -ftz -init=snan,arrays -traceback -no-fma  -I/afs/crc.nd.edu/x86_64_linux/n/netcdf/4.9.2/intel/24.2/serial//include -c oml.f90
mpiifort -fc=ifx -fno-lto -g -O2 -march=core-avx2 -assume byterecl -fp-model precise -ftz -init=snan,arrays -traceback -no-fma  -I/afs/crc.nd.edu/x86_64_linux/n/netcdf/4.9.2/intel/24.2/serial//include -c ysu.f90
mpiifort -fc=ifx -fno-lto -g -O2 -march=core-avx2 -assume byterecl -fp-model precise -ftz -init=snan,arrays -traceback -no-fma  -I/afs/crc.nd.edu/x86_64_linux/n/netcdf/4.9.2/intel/24.2/serial//include -c module_gfs_machine.f90
mpiifort -fc=ifx -fno-lto -g -O2 -march=core-avx2 -assume byterecl -fp-model precise -ftz -init=snan,arrays -traceback -no-fma  -I/afs/crc.nd.edu/x86_64_linux/n/netcdf/4.9.2/intel/24.2/serial//include -c module_sf_exchcoef.f90
mpiifort -fc=ifx -fno-lto -g -O2 -march=core-avx2 -assume byterecl -fp-model precise -ftz -init=snan,arrays -traceback -no-fma  -I/afs/crc.nd.edu/x86_64_linux/n/netcdf/4.9.2/intel/24.2/serial//include -c module_bl_mynn.f90
mpiifort -fc=ifx -fno-lto -g -O2 -march=core-avx2 -assume byterecl -fp-model precise -ftz -init=snan,arrays -traceback -no-fma  -I/afs/crc.nd.edu/x86_64_linux/n/netcdf/4.9.2/intel/24.2/serial//include -c module_bl_myjpbl.f90
mpiifort -fc=ifx -fno-lto -g -O2 -march=core-avx2 -assume byterecl -fp-model precise -ftz -init=snan,arrays -traceback -no-fma  -I/afs/crc.nd.edu/x86_64_linux/n/netcdf/4.9.2/intel/24.2/serial//include -c module_sf_myjsfc.f90
mpiifort -fc=ifx -fno-lto -g -O2 -march=core-avx2 -assume byterecl -fp-model precise -ftz -init=snan,arrays -traceback -no-fma  -I/afs/crc.nd.edu/x86_64_linux/n/netcdf/4.9.2/intel/24.2/serial//include -c singleton.f90
mpiifort -fc=ifx -fno-lto -g -O2 -march=core-avx2 -assume byterecl -fp-model precise -ftz -init=snan,arrays -traceback -no-fma  -I/afs/crc.nd.edu/x86_64_linux/n/netcdf/4.9.2/intel/24.2/serial//include -c mersennetwister_mod.f90
mpiifort -fc=ifx -fno-lto -g -O2 -march=core-avx2 -assume byterecl -fp-model precise -ftz -init=snan,arrays -traceback -no-fma  -I/afs/crc.nd.edu/x86_64_linux/n/netcdf/4.9.2/intel/24.2/serial//include -c radlib3d.f90
mpiifort -fc=ifx -fno-lto -g -O2 -march=core-avx2 -assume byterecl -fp-model precise -ftz -init=snan,arrays -traceback -no-fma  -I/afs/crc.nd.edu/x86_64_linux/n/netcdf/4.9.2/intel/24.2/serial//include -c module_ra_rrtmg_lw.f90
mpiifort -fc=ifx -fno-lto -g -O2 -march=core-avx2 -assume byterecl -fp-model precise -ftz -init=snan,arrays -traceback -no-fma  -I/afs/crc.nd.edu/x86_64_linux/n/netcdf/4.9.2/intel/24.2/serial//include -c stopcm1.f90
mpiifort -fc=ifx -fno-lto -g -O2 -march=core-avx2 -assume byterecl -fp-model precise -ftz -init=snan,arrays -traceback -no-fma  -I/afs/crc.nd.edu/x86_64_linux/n/netcdf/4.9.2/intel/24.2/serial//include -c input.f90
mpiifort -fc=ifx -fno-lto -g -O2 -march=core-avx2 -assume byterecl -fp-model precise -ftz -init=snan,arrays -traceback -no-fma  -I/afs/crc.nd.edu/x86_64_linux/n/netcdf/4.9.2/intel/24.2/serial//include -c bcast.f90
mpiifort -fc=ifx -fno-lto -g -O2 -march=core-avx2 -assume byterecl -fp-model precise -ftz -init=snan,arrays -traceback -no-fma  -I/afs/crc.nd.edu/x86_64_linux/n/netcdf/4.9.2/intel/24.2/serial//include -c module_mp_radar.f90
mpiifort -fc=ifx -fno-lto -g -O2 -march=core-avx2 -assume byterecl -fp-model precise -ftz -init=snan,arrays -traceback -no-fma  -I/afs/crc.nd.edu/x86_64_linux/n/netcdf/4.9.2/intel/24.2/serial//include -c morrison.f90
mpiifort -fc=ifx -fno-lto -g -O2 -march=core-avx2 -assume byterecl -fp-model precise -ftz -init=snan,arrays -traceback -no-fma  -I/afs/crc.nd.edu/x86_64_linux/n/netcdf/4.9.2/intel/24.2/serial//include -c cm1libs.f90
mpiifort -fc=ifx -fno-lto -g -O2 -march=core-avx2 -assume byterecl -fp-model precise -ftz -init=snan,arrays -traceback -no-fma  -I/afs/crc.nd.edu/x86_64_linux/n/netcdf/4.9.2/intel/24.2/serial//include -c lfoice.f90
mpiifort -fc=ifx -fno-lto -g -O2 -march=core-avx2 -assume byterecl -fp-model precise -ftz -init=snan,arrays -traceback -no-fma  -I/afs/crc.nd.edu/x86_64_linux/n/netcdf/4.9.2/intel/24.2/serial//include -c module_mp_jensen_ishmael.f90
mpiifort -fc=ifx -fno-lto -g -O2 -march=core-avx2 -assume byterecl -fp-model precise -ftz -init=snan,arrays -traceback -no-fma  -I/afs/crc.nd.edu/x86_64_linux/n/netcdf/4.9.2/intel/24.2/serial//include -c eddy_recycle.f90
mpiifort -fc=ifx -fno-lto -g -O2 -march=core-avx2 -assume byterecl -fp-model precise -ftz -init=snan,arrays -traceback -no-fma  -I/afs/crc.nd.edu/x86_64_linux/n/netcdf/4.9.2/intel/24.2/serial//include -c lsnudge.f90
mpiifort -fc=ifx -fno-lto -g -O2 -march=core-avx2 -assume byterecl -fp-model precise -ftz -init=snan,arrays -traceback -no-fma  -I/afs/crc.nd.edu/x86_64_linux/n/netcdf/4.9.2/intel/24.2/serial//include -c sfcphys.f90
mpiifort -fc=ifx -fno-lto -g -O2 -march=core-avx2 -assume byterecl -fp-model precise -ftz -init=snan,arrays -traceback -no-fma  -I/afs/crc.nd.edu/x86_64_linux/n/netcdf/4.9.2/intel/24.2/serial//include -c module_gfs_physcons.f90
mpiifort -fc=ifx -fno-lto -g -O2 -march=core-avx2 -assume byterecl -fp-model precise -ftz -init=snan,arrays -traceback -no-fma  -I/afs/crc.nd.edu/x86_64_linux/n/netcdf/4.9.2/intel/24.2/serial//include -c module_sf_mynn.f90
mpiifort -fc=ifx -fno-lto -g -O2 -march=core-avx2 -assume byterecl -fp-model precise -ftz -init=snan,arrays -traceback -no-fma  -I/afs/crc.nd.edu/x86_64_linux/n/netcdf/4.9.2/intel/24.2/serial//include -c poiss.f90
mpiifort -fc=ifx -fno-lto -g -O2 -march=core-avx2 -assume byterecl -fp-model precise -ftz -init=snan,arrays -traceback -no-fma  -I/afs/crc.nd.edu/x86_64_linux/n/netcdf/4.9.2/intel/24.2/serial//include -c writeout_nc.f90
mpiifort -fc=ifx -fno-lto -g -O2 -march=core-avx2 -assume byterecl -fp-model precise -ftz -init=snan,arrays -traceback -no-fma  -I/afs/crc.nd.edu/x86_64_linux/n/netcdf/4.9.2/intel/24.2/serial//include -c comm_droplet.f90
mpiifort -fc=ifx -fno-lto -g -O2 -march=core-avx2 -assume byterecl -fp-model precise -ftz -init=snan,arrays -traceback -no-fma  -I/afs/crc.nd.edu/x86_64_linux/n/netcdf/4.9.2/intel/24.2/serial//include -c diff2.f90
mpiifort -fc=ifx -fno-lto -g -O2 -march=core-avx2 -assume byterecl -fp-model precise -ftz -init=snan,arrays -traceback -no-fma  -I/afs/crc.nd.edu/x86_64_linux/n/netcdf/4.9.2/intel/24.2/serial//include -c turbtend.f90
mpiifort -fc=ifx -fno-lto -g -O2 -march=core-avx2 -assume byterecl -fp-model precise -ftz -init=snan,arrays -traceback -no-fma  -I/afs/crc.nd.edu/x86_64_linux/n/netcdf/4.9.2/intel/24.2/serial//include -c testcase_simple_phys.f90
mpiifort -fc=ifx -fno-lto -g -O2 -march=core-avx2 -assume byterecl -fp-model precise -ftz -init=snan,arrays -traceback -no-fma  -I/afs/crc.nd.edu/x86_64_linux/n/netcdf/4.9.2/intel/24.2/serial//include -c maxmin.f90
mpiifort -fc=ifx -fno-lto -g -O2 -march=core-avx2 -assume byterecl -fp-model precise -ftz -init=snan,arrays -traceback -no-fma  -I/afs/crc.nd.edu/x86_64_linux/n/netcdf/4.9.2/intel/24.2/serial//include -c irrad3d.f90
mpiifort -fc=ifx -fno-lto -g -O2 -march=core-avx2 -assume byterecl -fp-model precise -ftz -init=snan,arrays -traceback -no-fma  -I/afs/crc.nd.edu/x86_64_linux/n/netcdf/4.9.2/intel/24.2/serial//include -c sorad3d.f90
mpiifort -fc=ifx -fno-lto -g -O2 -march=core-avx2 -assume byterecl -fp-model precise -ftz -init=snan,arrays -traceback -no-fma  -I/afs/crc.nd.edu/x86_64_linux/n/netcdf/4.9.2/intel/24.2/serial//include -c module_ra_rrtmg_sw.f90
mpiifort -fc=ifx -fno-lto -g -O2 -march=core-avx2 -assume byterecl -fp-model precise -ftz -init=snan,arrays -traceback -no-fma  -I/afs/crc.nd.edu/x86_64_linux/n/netcdf/4.9.2/intel/24.2/serial//include -c interp_routines.f90
warning: interp_routines.f90:449:7: loop not vectorized: the optimizer was unable to perform the requested transformation; the transformation might be disabled or specified as part of an unsupported transformation ordering
warning: interp_routines.f90:467:7: loop not vectorized: the optimizer was unable to perform the requested transformation; the transformation might be disabled or specified as part of an unsupported transformation ordering
warning: interp_routines.f90:482:7: loop not vectorized: the optimizer was unable to perform the requested transformation; the transformation might be disabled or specified as part of an unsupported transformation ordering
warning: interp_routines.f90:499:7: loop not vectorized: the optimizer was unable to perform the requested transformation; the transformation might be disabled or specified as part of an unsupported transformation ordering
warning: interp_routines.f90:514:7: loop not vectorized: the optimizer was unable to perform the requested transformation; the transformation might be disabled or specified as part of an unsupported transformation ordering
warning: interp_routines.f90:359:7: loop not vectorized: the optimizer was unable to perform the requested transformation; the transformation might be disabled or specified as part of an unsupported transformation ordering
warning: interp_routines.f90:377:7: loop not vectorized: the optimizer was unable to perform the requested transformation; the transformation might be disabled or specified as part of an unsupported transformation ordering
warning: interp_routines.f90:392:7: loop not vectorized: the optimizer was unable to perform the requested transformation; the transformation might be disabled or specified as part of an unsupported transformation ordering
warning: interp_routines.f90:409:7: loop not vectorized: the optimizer was unable to perform the requested transformation; the transformation might be disabled or specified as part of an unsupported transformation ordering
warning: interp_routines.f90:426:7: loop not vectorized: the optimizer was unable to perform the requested transformation; the transformation might be disabled or specified as part of an unsupported transformation ordering
warning: interp_routines.f90:256:7: loop not vectorized: the optimizer was unable to perform the requested transformation; the transformation might be disabled or specified as part of an unsupported transformation ordering
warning: interp_routines.f90:273:7: loop not vectorized: the optimizer was unable to perform the requested transformation; the transformation might be disabled or specified as part of an unsupported transformation ordering
warning: interp_routines.f90:289:7: loop not vectorized: the optimizer was unable to perform the requested transformation; the transformation might be disabled or specified as part of an unsupported transformation ordering
warning: interp_routines.f90:305:7: loop not vectorized: the optimizer was unable to perform the requested transformation; the transformation might be disabled or specified as part of an unsupported transformation ordering
warning: interp_routines.f90:323:7: loop not vectorized: the optimizer was unable to perform the requested transformation; the transformation might be disabled or specified as part of an unsupported transformation ordering
warning: interp_routines.f90:156:7: loop not vectorized: the optimizer was unable to perform the requested transformation; the transformation might be disabled or specified as part of an unsupported transformation ordering
warning: interp_routines.f90:174:7: loop not vectorized: the optimizer was unable to perform the requested transformation; the transformation might be disabled or specified as part of an unsupported transformation ordering
warning: interp_routines.f90:189:7: loop not vectorized: the optimizer was unable to perform the requested transformation; the transformation might be disabled or specified as part of an unsupported transformation ordering
warning: interp_routines.f90:205:7: loop not vectorized: the optimizer was unable to perform the requested transformation; the transformation might be disabled or specified as part of an unsupported transformation ordering
warning: interp_routines.f90:219:7: loop not vectorized: the optimizer was unable to perform the requested transformation; the transformation might be disabled or specified as part of an unsupported transformation ordering
warning: interp_routines.f90:61:7: loop not vectorized: the optimizer was unable to perform the requested transformation; the transformation might be disabled or specified as part of an unsupported transformation ordering
warning: interp_routines.f90:98:7: loop not vectorized: the optimizer was unable to perform the requested transformation; the transformation might be disabled or specified as part of an unsupported transformation ordering
warning: interp_routines.f90:110:7: loop not vectorized: the optimizer was unable to perform the requested transformation; the transformation might be disabled or specified as part of an unsupported transformation ordering
warning: interp_routines.f90:123:7: loop not vectorized: the optimizer was unable to perform the requested transformation; the transformation might be disabled or specified as part of an unsupported transformation ordering
warning: interp_routines.f90:136:7: loop not vectorized: the optimizer was unable to perform the requested transformation; the transformation might be disabled or specified as part of an unsupported transformation ordering
warning: interp_routines.f90:827:7: loop not vectorized: the optimizer was unable to perform the requested transformation; the transformation might be disabled or specified as part of an unsupported transformation ordering
warning: interp_routines.f90:845:7: loop not vectorized: the optimizer was unable to perform the requested transformation; the transformation might be disabled or specified as part of an unsupported transformation ordering
warning: interp_routines.f90:860:7: loop not vectorized: the optimizer was unable to perform the requested transformation; the transformation might be disabled or specified as part of an unsupported transformation ordering
warning: interp_routines.f90:877:7: loop not vectorized: the optimizer was unable to perform the requested transformation; the transformation might be disabled or specified as part of an unsupported transformation ordering
warning: interp_routines.f90:892:7: loop not vectorized: the optimizer was unable to perform the requested transformation; the transformation might be disabled or specified as part of an unsupported transformation ordering
warning: interp_routines.f90:741:7: loop not vectorized: the optimizer was unable to perform the requested transformation; the transformation might be disabled or specified as part of an unsupported transformation ordering
warning: interp_routines.f90:758:7: loop not vectorized: the optimizer was unable to perform the requested transformation; the transformation might be disabled or specified as part of an unsupported transformation ordering
warning: interp_routines.f90:773:7: loop not vectorized: the optimizer was unable to perform the requested transformation; the transformation might be disabled or specified as part of an unsupported transformation ordering
warning: interp_routines.f90:789:7: loop not vectorized: the optimizer was unable to perform the requested transformation; the transformation might be disabled or specified as part of an unsupported transformation ordering
warning: interp_routines.f90:805:7: loop not vectorized: the optimizer was unable to perform the requested transformation; the transformation might be disabled or specified as part of an unsupported transformation ordering
warning: interp_routines.f90:647:7: loop not vectorized: the optimizer was unable to perform the requested transformation; the transformation might be disabled or specified as part of an unsupported transformation ordering
warning: interp_routines.f90:664:7: loop not vectorized: the optimizer was unable to perform the requested transformation; the transformation might be disabled or specified as part of an unsupported transformation ordering
warning: interp_routines.f90:678:7: loop not vectorized: the optimizer was unable to perform the requested transformation; the transformation might be disabled or specified as part of an unsupported transformation ordering
warning: interp_routines.f90:693:7: loop not vectorized: the optimizer was unable to perform the requested transformation; the transformation might be disabled or specified as part of an unsupported transformation ordering
warning: interp_routines.f90:709:7: loop not vectorized: the optimizer was unable to perform the requested transformation; the transformation might be disabled or specified as part of an unsupported transformation ordering
warning: interp_routines.f90:556:7: loop not vectorized: the optimizer was unable to perform the requested transformation; the transformation might be disabled or specified as part of an unsupported transformation ordering
warning: interp_routines.f90:573:7: loop not vectorized: the optimizer was unable to perform the requested transformation; the transformation might be disabled or specified as part of an unsupported transformation ordering
warning: interp_routines.f90:587:7: loop not vectorized: the optimizer was unable to perform the requested transformation; the transformation might be disabled or specified as part of an unsupported transformation ordering
warning: interp_routines.f90:603:7: loop not vectorized: the optimizer was unable to perform the requested transformation; the transformation might be disabled or specified as part of an unsupported transformation ordering
warning: interp_routines.f90:617:7: loop not vectorized: the optimizer was unable to perform the requested transformation; the transformation might be disabled or specified as part of an unsupported transformation ordering
warning: interp_routines.f90:1068:7: loop not vectorized: the optimizer was unable to perform the requested transformation; the transformation might be disabled or specified as part of an unsupported transformation ordering
warning: interp_routines.f90:1079:7: loop not vectorized: the optimizer was unable to perform the requested transformation; the transformation might be disabled or specified as part of an unsupported transformation ordering
warning: interp_routines.f90:1079:7: loop not vectorized: the optimizer was unable to perform the requested transformation; the transformation might be disabled or specified as part of an unsupported transformation ordering
warning: interp_routines.f90:1090:7: loop not vectorized: the optimizer was unable to perform the requested transformation; the transformation might be disabled or specified as part of an unsupported transformation ordering
warning: interp_routines.f90:1090:7: loop not vectorized: the optimizer was unable to perform the requested transformation; the transformation might be disabled or specified as part of an unsupported transformation ordering
warning: interp_routines.f90:1030:7: loop not vectorized: the optimizer was unable to perform the requested transformation; the transformation might be disabled or specified as part of an unsupported transformation ordering
warning: interp_routines.f90:1041:7: loop not vectorized: the optimizer was unable to perform the requested transformation; the transformation might be disabled or specified as part of an unsupported transformation ordering
warning: interp_routines.f90:1041:7: loop not vectorized: the optimizer was unable to perform the requested transformation; the transformation might be disabled or specified as part of an unsupported transformation ordering
warning: interp_routines.f90:1052:7: loop not vectorized: the optimizer was unable to perform the requested transformation; the transformation might be disabled or specified as part of an unsupported transformation ordering
warning: interp_routines.f90:1052:7: loop not vectorized: the optimizer was unable to perform the requested transformation; the transformation might be disabled or specified as part of an unsupported transformation ordering
warning: interp_routines.f90:980:7: loop not vectorized: the optimizer was unable to perform the requested transformation; the transformation might be disabled or specified as part of an unsupported transformation ordering
warning: interp_routines.f90:991:7: loop not vectorized: the optimizer was unable to perform the requested transformation; the transformation might be disabled or specified as part of an unsupported transformation ordering
warning: interp_routines.f90:991:7: loop not vectorized: the optimizer was unable to perform the requested transformation; the transformation might be disabled or specified as part of an unsupported transformation ordering
warning: interp_routines.f90:1002:7: loop not vectorized: the optimizer was unable to perform the requested transformation; the transformation might be disabled or specified as part of an unsupported transformation ordering
warning: interp_routines.f90:1002:7: loop not vectorized: the optimizer was unable to perform the requested transformation; the transformation might be disabled or specified as part of an unsupported transformation ordering
warning: interp_routines.f90:932:7: loop not vectorized: the optimizer was unable to perform the requested transformation; the transformation might be disabled or specified as part of an unsupported transformation ordering
warning: interp_routines.f90:943:7: loop not vectorized: the optimizer was unable to perform the requested transformation; the transformation might be disabled or specified as part of an unsupported transformation ordering
warning: interp_routines.f90:943:7: loop not vectorized: the optimizer was unable to perform the requested transformation; the transformation might be disabled or specified as part of an unsupported transformation ordering
warning: interp_routines.f90:954:7: loop not vectorized: the optimizer was unable to perform the requested transformation; the transformation might be disabled or specified as part of an unsupported transformation ordering
warning: interp_routines.f90:954:7: loop not vectorized: the optimizer was unable to perform the requested transformation; the transformation might be disabled or specified as part of an unsupported transformation ordering
mpiifort -fc=ifx -fno-lto -g -O2 -march=core-avx2 -assume byterecl -fp-model precise -ftz -init=snan,arrays -traceback -no-fma  -I/afs/crc.nd.edu/x86_64_linux/n/netcdf/4.9.2/intel/24.2/serial//include -c init_surface.f90
mpiifort -fc=ifx -fno-lto -g -O2 -march=core-avx2 -assume byterecl -fp-model precise -ftz -init=snan,arrays -traceback -no-fma  -I/afs/crc.nd.edu/x86_64_linux/n/netcdf/4.9.2/intel/24.2/serial//include -c kessler.f90
mpiifort -fc=ifx -fno-lto -g -O2 -march=core-avx2 -assume byterecl -fp-model precise -ftz -init=snan,arrays -traceback -no-fma  -I/afs/crc.nd.edu/x86_64_linux/n/netcdf/4.9.2/intel/24.2/serial//include -c bc.f90
mpiifort -fc=ifx -fno-lto -g -O2 -march=core-avx2 -assume byterecl -fp-model precise -ftz -init=snan,arrays -traceback -no-fma  -I/afs/crc.nd.edu/x86_64_linux/n/netcdf/4.9.2/intel/24.2/serial//include -c thompson.f90
mpiifort -fc=ifx -fno-lto -g -O2 -march=core-avx2 -assume byterecl -fp-model precise -ftz -init=snan,arrays -traceback -no-fma  -I/afs/crc.nd.edu/x86_64_linux/n/netcdf/4.9.2/intel/24.2/serial//include -c goddard.f90
mpiifort -fc=ifx -fno-lto -g -O2 -march=core-avx2 -assume byterecl -fp-model precise -ftz -init=snan,arrays -traceback -no-fma  -I/afs/crc.nd.edu/x86_64_linux/n/netcdf/4.9.2/intel/24.2/serial//include -c module_gfs_funcphys.f90
mpiifort -fc=ifx -fno-lto -g -O2 -march=core-avx2 -assume byterecl -fp-model precise -ftz -init=snan,arrays -traceback -no-fma  -I/afs/crc.nd.edu/x86_64_linux/n/netcdf/4.9.2/intel/24.2/serial//include -c misclibs.f90
mpiifort -fc=ifx -fno-lto -g -O2 -march=core-avx2 -assume byterecl -fp-model precise -ftz -init=snan,arrays -traceback -no-fma  -I/afs/crc.nd.edu/x86_64_linux/n/netcdf/4.9.2/intel/24.2/serial//include -c radtrns3d.f90
mpiifort -fc=ifx -fno-lto -g -O2 -march=core-avx2 -assume byterecl -fp-model precise -ftz -init=snan,arrays -traceback -no-fma  -I/afs/crc.nd.edu/x86_64_linux/n/netcdf/4.9.2/intel/24.2/serial//include -c comm.f90
mpiifort -fc=ifx -fno-lto -g -O2 -march=core-avx2 -assume byterecl -fp-model precise -ftz -init=snan,arrays -traceback -no-fma  -I/afs/crc.nd.edu/x86_64_linux/n/netcdf/4.9.2/intel/24.2/serial//include -c module_sf_gfdl.f90
mpiifort -fc=ifx -fno-lto -g -O2 -march=core-avx2 -assume byterecl -fp-model precise -ftz -init=snan,arrays -traceback -no-fma  -I/afs/crc.nd.edu/x86_64_linux/n/netcdf/4.9.2/intel/24.2/serial//include -c anelp.f90
mpiifort -fc=ifx -fno-lto -g -O2 -march=core-avx2 -assume byterecl -fp-model precise -ftz -init=snan,arrays -traceback -no-fma  -I/afs/crc.nd.edu/x86_64_linux/n/netcdf/4.9.2/intel/24.2/serial//include -c statpack.f90
mpiifort -fc=ifx -fno-lto -g -O2 -march=core-avx2 -assume byterecl -fp-model precise -ftz -init=snan,arrays -traceback -no-fma  -I/afs/crc.nd.edu/x86_64_linux/n/netcdf/4.9.2/intel/24.2/serial//include -c mp_driver.f90
mpiifort -fc=ifx -fno-lto -g -O2 -march=core-avx2 -assume byterecl -fp-model precise -ftz -init=snan,arrays -traceback -no-fma  -I/afs/crc.nd.edu/x86_64_linux/n/netcdf/4.9.2/intel/24.2/serial//include -c module_bl_gfsedmf.f90
mpiifort -fc=ifx -fno-lto -g -O2 -march=core-avx2 -assume byterecl -fp-model precise -ftz -init=snan,arrays -traceback -no-fma  -I/afs/crc.nd.edu/x86_64_linux/n/netcdf/4.9.2/intel/24.2/serial//include -c pdef.f90
mpiifort -fc=ifx -fno-lto -g -O2 -march=core-avx2 -assume byterecl -fp-model precise -ftz -init=snan,arrays -traceback -no-fma  -I/afs/crc.nd.edu/x86_64_linux/n/netcdf/4.9.2/intel/24.2/serial//include -c ib_module.f90
mpiifort -fc=ifx -fno-lto -g -O2 -march=core-avx2 -assume byterecl -fp-model precise -ftz -init=snan,arrays -traceback -no-fma  -I/afs/crc.nd.edu/x86_64_linux/n/netcdf/4.9.2/intel/24.2/serial//include -c turbnba.f90
mpiifort -fc=ifx -fno-lto -g -O2 -march=core-avx2 -assume byterecl -fp-model precise -ftz -init=snan,arrays -traceback -no-fma  -I/afs/crc.nd.edu/x86_64_linux/n/netcdf/4.9.2/intel/24.2/serial//include -c parcel.f90
warning: ib_module.f90:1049:7: loop not vectorized: the optimizer was unable to perform the requested transformation; the transformation might be disabled or specified as part of an unsupported transformation ordering
warning: ib_module.f90:971:7: loop not vectorized: the optimizer was unable to perform the requested transformation; the transformation might be disabled or specified as part of an unsupported transformation ordering
warning: ib_module.f90:893:7: loop not vectorized: the optimizer was unable to perform the requested transformation; the transformation might be disabled or specified as part of an unsupported transformation ordering
warning: ib_module.f90:812:7: loop not vectorized: the optimizer was unable to perform the requested transformation; the transformation might be disabled or specified as part of an unsupported transformation ordering
warning: ib_module.f90:1441:7: loop not vectorized: the optimizer was unable to perform the requested transformation; the transformation might be disabled or specified as part of an unsupported transformation ordering
warning: ib_module.f90:1363:7: loop not vectorized: the optimizer was unable to perform the requested transformation; the transformation might be disabled or specified as part of an unsupported transformation ordering
warning: ib_module.f90:1285:7: loop not vectorized: the optimizer was unable to perform the requested transformation; the transformation might be disabled or specified as part of an unsupported transformation ordering
warning: ib_module.f90:1204:7: loop not vectorized: the optimizer was unable to perform the requested transformation; the transformation might be disabled or specified as part of an unsupported transformation ordering
warning: ib_module.f90:1705:5: loop not vectorized: the optimizer was unable to perform the requested transformation; the transformation might be disabled or specified as part of an unsupported transformation ordering
warning: ib_module.f90:1672:5: loop not vectorized: the optimizer was unable to perform the requested transformation; the transformation might be disabled or specified as part of an unsupported transformation ordering
warning: ib_module.f90:1626:5: loop not vectorized: the optimizer was unable to perform the requested transformation; the transformation might be disabled or specified as part of an unsupported transformation ordering
warning: ib_module.f90:1585:5: loop not vectorized: the optimizer was unable to perform the requested transformation; the transformation might be disabled or specified as part of an unsupported transformation ordering
warning: ib_module.f90:1885:5: loop not vectorized: the optimizer was unable to perform the requested transformation; the transformation might be disabled or specified as part of an unsupported transformation ordering
warning: ib_module.f90:1852:5: loop not vectorized: the optimizer was unable to perform the requested transformation; the transformation might be disabled or specified as part of an unsupported transformation ordering
warning: ib_module.f90:1806:5: loop not vectorized: the optimizer was unable to perform the requested transformation; the transformation might be disabled or specified as part of an unsupported transformation ordering
warning: ib_module.f90:1765:5: loop not vectorized: the optimizer was unable to perform the requested transformation; the transformation might be disabled or specified as part of an unsupported transformation ordering
mpiifort -fc=ifx -fno-lto -g -O2 -march=core-avx2 -assume byterecl -fp-model precise -ftz -init=snan,arrays -traceback -no-fma  -I/afs/crc.nd.edu/x86_64_linux/n/netcdf/4.9.2/intel/24.2/serial//include -c radiation_driver.f90
mpiifort -fc=ifx -fno-lto -g -O2 -march=core-avx2 -assume byterecl -fp-model precise -ftz -init=snan,arrays -traceback -no-fma  -I/afs/crc.nd.edu/x86_64_linux/n/netcdf/4.9.2/intel/24.2/serial//include -c azimavg.f90
mpiifort -fc=ifx -fno-lto -g -O2 -march=core-avx2 -assume byterecl -fp-model precise -ftz -init=snan,arrays -traceback -no-fma  -I/afs/crc.nd.edu/x86_64_linux/n/netcdf/4.9.2/intel/24.2/serial//include -c init_physics.f90
mpiifort -fc=ifx -fno-lto -g -O2 -march=core-avx2 -assume byterecl -fp-model precise -ftz -init=snan,arrays -traceback -no-fma  -I/afs/crc.nd.edu/x86_64_linux/n/netcdf/4.9.2/intel/24.2/serial//include -c adv_routines.f90
mpiifort -fc=ifx -fno-lto -g -O2 -march=core-avx2 -assume byterecl -fp-model precise -ftz -init=snan,arrays -traceback -no-fma  -I/afs/crc.nd.edu/x86_64_linux/n/netcdf/4.9.2/intel/24.2/serial//include -c turb.f90
mpiifort -fc=ifx -fno-lto -g -O2 -march=core-avx2 -assume byterecl -fp-model precise -ftz -init=snan,arrays -traceback -no-fma  -I/afs/crc.nd.edu/x86_64_linux/n/netcdf/4.9.2/intel/24.2/serial//include -c droplet.f90
warning: adv_routines.f90:195:7: loop not vectorized: the optimizer was unable to perform the requested transformation; the transformation might be disabled or specified as part of an unsupported transformation ordering
warning: adv_routines.f90:213:7: loop not vectorized: the optimizer was unable to perform the requested transformation; the transformation might be disabled or specified as part of an unsupported transformation ordering
warning: adv_routines.f90:159:7: loop not vectorized: the optimizer was unable to perform the requested transformation; the transformation might be disabled or specified as part of an unsupported transformation ordering
warning: adv_routines.f90:175:7: loop not vectorized: the optimizer was unable to perform the requested transformation; the transformation might be disabled or specified as part of an unsupported transformation ordering
warning: adv_routines.f90:110:7: loop not vectorized: the optimizer was unable to perform the requested transformation; the transformation might be disabled or specified as part of an unsupported transformation ordering
warning: adv_routines.f90:126:7: loop not vectorized: the optimizer was unable to perform the requested transformation; the transformation might be disabled or specified as part of an unsupported transformation ordering
warning: adv_routines.f90:63:7: loop not vectorized: the optimizer was unable to perform the requested transformation; the transformation might be disabled or specified as part of an unsupported transformation ordering
warning: adv_routines.f90:78:7: loop not vectorized: the optimizer was unable to perform the requested transformation; the transformation might be disabled or specified as part of an unsupported transformation ordering
warning: adv_routines.f90:421:7: loop not vectorized: the optimizer was unable to perform the requested transformation; the transformation might be disabled or specified as part of an unsupported transformation ordering
warning: adv_routines.f90:395:7: loop not vectorized: the optimizer was unable to perform the requested transformation; the transformation might be disabled or specified as part of an unsupported transformation ordering
warning: adv_routines.f90:356:7: loop not vectorized: the optimizer was unable to perform the requested transformation; the transformation might be disabled or specified as part of an unsupported transformation ordering
warning: adv_routines.f90:268:7: loop not vectorized: the optimizer was unable to perform the requested transformation; the transformation might be disabled or specified as part of an unsupported transformation ordering
warning: adv_routines.f90:668:7: loop not vectorized: the optimizer was unable to perform the requested transformation; the transformation might be disabled or specified as part of an unsupported transformation ordering
warning: adv_routines.f90:686:7: loop not vectorized: the optimizer was unable to perform the requested transformation; the transformation might be disabled or specified as part of an unsupported transformation ordering
warning: adv_routines.f90:632:7: loop not vectorized: the optimizer was unable to perform the requested transformation; the transformation might be disabled or specified as part of an unsupported transformation ordering
warning: adv_routines.f90:648:7: loop not vectorized: the optimizer was unable to perform the requested transformation; the transformation might be disabled or specified as part of an unsupported transformation ordering
warning: adv_routines.f90:583:7: loop not vectorized: the optimizer was unable to perform the requested transformation; the transformation might be disabled or specified as part of an unsupported transformation ordering
warning: adv_routines.f90:599:7: loop not vectorized: the optimizer was unable to perform the requested transformation; the transformation might be disabled or specified as part of an unsupported transformation ordering
warning: adv_routines.f90:484:7: loop not vectorized: the optimizer was unable to perform the requested transformation; the transformation might be disabled or specified as part of an unsupported transformation ordering
warning: adv_routines.f90:525:7: loop not vectorized: the optimizer was unable to perform the requested transformation; the transformation might be disabled or specified as part of an unsupported transformation ordering
warning: adv_routines.f90:933:7: loop not vectorized: the optimizer was unable to perform the requested transformation; the transformation might be disabled or specified as part of an unsupported transformation ordering
warning: adv_routines.f90:951:7: loop not vectorized: the optimizer was unable to perform the requested transformation; the transformation might be disabled or specified as part of an unsupported transformation ordering
warning: adv_routines.f90:897:7: loop not vectorized: the optimizer was unable to perform the requested transformation; the transformation might be disabled or specified as part of an unsupported transformation ordering
warning: adv_routines.f90:913:7: loop not vectorized: the optimizer was unable to perform the requested transformation; the transformation might be disabled or specified as part of an unsupported transformation ordering
warning: adv_routines.f90:848:7: loop not vectorized: the optimizer was unable to perform the requested transformation; the transformation might be disabled or specified as part of an unsupported transformation ordering
warning: adv_routines.f90:864:7: loop not vectorized: the optimizer was unable to perform the requested transformation; the transformation might be disabled or specified as part of an unsupported transformation ordering
warning: adv_routines.f90:741:7: loop not vectorized: the optimizer was unable to perform the requested transformation; the transformation might be disabled or specified as part of an unsupported transformation ordering
warning: adv_routines.f90:786:7: loop not vectorized: the optimizer was unable to perform the requested transformation; the transformation might be disabled or specified as part of an unsupported transformation ordering
warning: adv_routines.f90:1107:7: loop not vectorized: the optimizer was unable to perform the requested transformation; the transformation might be disabled or specified as part of an unsupported transformation ordering
warning: adv_routines.f90:1121:7: loop not vectorized: the optimizer was unable to perform the requested transformation; the transformation might be disabled or specified as part of an unsupported transformation ordering
warning: adv_routines.f90:1079:7: loop not vectorized: the optimizer was unable to perform the requested transformation; the transformation might be disabled or specified as part of an unsupported transformation ordering
warning: adv_routines.f90:1079:7: loop not vectorized: the optimizer was unable to perform the requested transformation; the transformation might be disabled or specified as part of an unsupported transformation ordering
warning: adv_routines.f90:1091:7: loop not vectorized: the optimizer was unable to perform the requested transformation; the transformation might be disabled or specified as part of an unsupported transformation ordering
warning: adv_routines.f90:1091:7: loop not vectorized: the optimizer was unable to perform the requested transformation; the transformation might be disabled or specified as part of an unsupported transformation ordering
warning: adv_routines.f90:1038:7: loop not vectorized: the optimizer was unable to perform the requested transformation; the transformation might be disabled or specified as part of an unsupported transformation ordering
warning: adv_routines.f90:1038:7: loop not vectorized: the optimizer was unable to perform the requested transformation; the transformation might be disabled or specified as part of an unsupported transformation ordering
warning: adv_routines.f90:1050:7: loop not vectorized: the optimizer was unable to perform the requested transformation; the transformation might be disabled or specified as part of an unsupported transformation ordering
warning: adv_routines.f90:1050:7: loop not vectorized: the optimizer was unable to perform the requested transformation; the transformation might be disabled or specified as part of an unsupported transformation ordering
warning: adv_routines.f90:999:7: loop not vectorized: the optimizer was unable to perform the requested transformation; the transformation might be disabled or specified as part of an unsupported transformation ordering
warning: adv_routines.f90:999:7: loop not vectorized: the optimizer was unable to perform the requested transformation; the transformation might be disabled or specified as part of an unsupported transformation ordering
warning: adv_routines.f90:1010:7: loop not vectorized: the optimizer was unable to perform the requested transformation; the transformation might be disabled or specified as part of an unsupported transformation ordering
warning: adv_routines.f90:1010:7: loop not vectorized: the optimizer was unable to perform the requested transformation; the transformation might be disabled or specified as part of an unsupported transformation ordering
warning: adv_routines.f90:1297:7: loop not vectorized: the optimizer was unable to perform the requested transformation; the transformation might be disabled or specified as part of an unsupported transformation ordering
warning: adv_routines.f90:1315:7: loop not vectorized: the optimizer was unable to perform the requested transformation; the transformation might be disabled or specified as part of an unsupported transformation ordering
warning: adv_routines.f90:1261:7: loop not vectorized: the optimizer was unable to perform the requested transformation; the transformation might be disabled or specified as part of an unsupported transformation ordering
warning: adv_routines.f90:1277:7: loop not vectorized: the optimizer was unable to perform the requested transformation; the transformation might be disabled or specified as part of an unsupported transformation ordering
warning: adv_routines.f90:1212:7: loop not vectorized: the optimizer was unable to perform the requested transformation; the transformation might be disabled or specified as part of an unsupported transformation ordering
warning: adv_routines.f90:1228:7: loop not vectorized: the optimizer was unable to perform the requested transformation; the transformation might be disabled or specified as part of an unsupported transformation ordering
warning: adv_routines.f90:1165:7: loop not vectorized: the optimizer was unable to perform the requested transformation; the transformation might be disabled or specified as part of an unsupported transformation ordering
warning: adv_routines.f90:1180:7: loop not vectorized: the optimizer was unable to perform the requested transformation; the transformation might be disabled or specified as part of an unsupported transformation ordering
warning: adv_routines.f90:1471:7: loop not vectorized: the optimizer was unable to perform the requested transformation; the transformation might be disabled or specified as part of an unsupported transformation ordering
warning: adv_routines.f90:1485:7: loop not vectorized: the optimizer was unable to perform the requested transformation; the transformation might be disabled or specified as part of an unsupported transformation ordering
warning: adv_routines.f90:1443:7: loop not vectorized: the optimizer was unable to perform the requested transformation; the transformation might be disabled or specified as part of an unsupported transformation ordering
warning: adv_routines.f90:1455:7: loop not vectorized: the optimizer was unable to perform the requested transformation; the transformation might be disabled or specified as part of an unsupported transformation ordering
warning: adv_routines.f90:1402:7: loop not vectorized: the optimizer was unable to perform the requested transformation; the transformation might be disabled or specified as part of an unsupported transformation ordering
warning: adv_routines.f90:1414:7: loop not vectorized: the optimizer was unable to perform the requested transformation; the transformation might be disabled or specified as part of an unsupported transformation ordering
warning: adv_routines.f90:1363:7: loop not vectorized: the optimizer was unable to perform the requested transformation; the transformation might be disabled or specified as part of an unsupported transformation ordering
warning: adv_routines.f90:1374:7: loop not vectorized: the optimizer was unable to perform the requested transformation; the transformation might be disabled or specified as part of an unsupported transformation ordering
warning: adv_routines.f90:1642:7: loop not vectorized: the optimizer was unable to perform the requested transformation; the transformation might be disabled or specified as part of an unsupported transformation ordering
warning: adv_routines.f90:1616:7: loop not vectorized: the optimizer was unable to perform the requested transformation; the transformation might be disabled or specified as part of an unsupported transformation ordering
warning: adv_routines.f90:1531:7: loop not vectorized: the optimizer was unable to perform the requested transformation; the transformation might be disabled or specified as part of an unsupported transformation ordering
warning: adv_routines.f90:1806:7: loop not vectorized: the optimizer was unable to perform the requested transformation; the transformation might be disabled or specified as part of an unsupported transformation ordering
warning: adv_routines.f90:1820:7: loop not vectorized: the optimizer was unable to perform the requested transformation; the transformation might be disabled or specified as part of an unsupported transformation ordering
warning: adv_routines.f90:1778:7: loop not vectorized: the optimizer was unable to perform the requested transformation; the transformation might be disabled or specified as part of an unsupported transformation ordering
warning: adv_routines.f90:1790:7: loop not vectorized: the optimizer was unable to perform the requested transformation; the transformation might be disabled or specified as part of an unsupported transformation ordering
warning: adv_routines.f90:1736:7: loop not vectorized: the optimizer was unable to perform the requested transformation; the transformation might be disabled or specified as part of an unsupported transformation ordering
warning: adv_routines.f90:1749:7: loop not vectorized: the optimizer was unable to perform the requested transformation; the transformation might be disabled or specified as part of an unsupported transformation ordering
warning: adv_routines.f90:1698:7: loop not vectorized: the optimizer was unable to perform the requested transformation; the transformation might be disabled or specified as part of an unsupported transformation ordering
warning: adv_routines.f90:1709:7: loop not vectorized: the optimizer was unable to perform the requested transformation; the transformation might be disabled or specified as part of an unsupported transformation ordering
warning: adv_routines.f90:1996:7: loop not vectorized: the optimizer was unable to perform the requested transformation; the transformation might be disabled or specified as part of an unsupported transformation ordering
warning: adv_routines.f90:2014:7: loop not vectorized: the optimizer was unable to perform the requested transformation; the transformation might be disabled or specified as part of an unsupported transformation ordering
warning: adv_routines.f90:1960:7: loop not vectorized: the optimizer was unable to perform the requested transformation; the transformation might be disabled or specified as part of an unsupported transformation ordering
warning: adv_routines.f90:1976:7: loop not vectorized: the optimizer was unable to perform the requested transformation; the transformation might be disabled or specified as part of an unsupported transformation ordering
warning: adv_routines.f90:1911:7: loop not vectorized: the optimizer was unable to perform the requested transformation; the transformation might be disabled or specified as part of an unsupported transformation ordering
warning: adv_routines.f90:1927:7: loop not vectorized: the optimizer was unable to perform the requested transformation; the transformation might be disabled or specified as part of an unsupported transformation ordering
warning: adv_routines.f90:1864:7: loop not vectorized: the optimizer was unable to perform the requested transformation; the transformation might be disabled or specified as part of an unsupported transformation ordering
warning: adv_routines.f90:1879:7: loop not vectorized: the optimizer was unable to perform the requested transformation; the transformation might be disabled or specified as part of an unsupported transformation ordering
warning: adv_routines.f90:2168:7: loop not vectorized: the optimizer was unable to perform the requested transformation; the transformation might be disabled or specified as part of an unsupported transformation ordering
warning: adv_routines.f90:2182:7: loop not vectorized: the optimizer was unable to perform the requested transformation; the transformation might be disabled or specified as part of an unsupported transformation ordering
warning: adv_routines.f90:2140:7: loop not vectorized: the optimizer was unable to perform the requested transformation; the transformation might be disabled or specified as part of an unsupported transformation ordering
warning: adv_routines.f90:2152:7: loop not vectorized: the optimizer was unable to perform the requested transformation; the transformation might be disabled or specified as part of an unsupported transformation ordering
warning: adv_routines.f90:2099:7: loop not vectorized: the optimizer was unable to perform the requested transformation; the transformation might be disabled or specified as part of an unsupported transformation ordering
warning: adv_routines.f90:2111:7: loop not vectorized: the optimizer was unable to perform the requested transformation; the transformation might be disabled or specified as part of an unsupported transformation ordering
warning: adv_routines.f90:2060:7: loop not vectorized: the optimizer was unable to perform the requested transformation; the transformation might be disabled or specified as part of an unsupported transformation ordering
warning: adv_routines.f90:2071:7: loop not vectorized: the optimizer was unable to perform the requested transformation; the transformation might be disabled or specified as part of an unsupported transformation ordering
warning: adv_routines.f90:2358:7: loop not vectorized: the optimizer was unable to perform the requested transformation; the transformation might be disabled or specified as part of an unsupported transformation ordering
warning: adv_routines.f90:2376:7: loop not vectorized: the optimizer was unable to perform the requested transformation; the transformation might be disabled or specified as part of an unsupported transformation ordering
warning: adv_routines.f90:2322:7: loop not vectorized: the optimizer was unable to perform the requested transformation; the transformation might be disabled or specified as part of an unsupported transformation ordering
warning: adv_routines.f90:2338:7: loop not vectorized: the optimizer was unable to perform the requested transformation; the transformation might be disabled or specified as part of an unsupported transformation ordering
warning: adv_routines.f90:2273:7: loop not vectorized: the optimizer was unable to perform the requested transformation; the transformation might be disabled or specified as part of an unsupported transformation ordering
warning: adv_routines.f90:2289:7: loop not vectorized: the optimizer was unable to perform the requested transformation; the transformation might be disabled or specified as part of an unsupported transformation ordering
warning: adv_routines.f90:2226:7: loop not vectorized: the optimizer was unable to perform the requested transformation; the transformation might be disabled or specified as part of an unsupported transformation ordering
warning: adv_routines.f90:2241:7: loop not vectorized: the optimizer was unable to perform the requested transformation; the transformation might be disabled or specified as part of an unsupported transformation ordering
warning: adv_routines.f90:2532:7: loop not vectorized: the optimizer was unable to perform the requested transformation; the transformation might be disabled or specified as part of an unsupported transformation ordering
warning: adv_routines.f90:2546:7: loop not vectorized: the optimizer was unable to perform the requested transformation; the transformation might be disabled or specified as part of an unsupported transformation ordering
warning: adv_routines.f90:2504:7: loop not vectorized: the optimizer was unable to perform the requested transformation; the transformation might be disabled or specified as part of an unsupported transformation ordering
warning: adv_routines.f90:2516:7: loop not vectorized: the optimizer was unable to perform the requested transformation; the transformation might be disabled or specified as part of an unsupported transformation ordering
warning: adv_routines.f90:2463:7: loop not vectorized: the optimizer was unable to perform the requested transformation; the transformation might be disabled or specified as part of an unsupported transformation ordering
warning: adv_routines.f90:2475:7: loop not vectorized: the optimizer was unable to perform the requested transformation; the transformation might be disabled or specified as part of an unsupported transformation ordering
warning: adv_routines.f90:2424:7: loop not vectorized: the optimizer was unable to perform the requested transformation; the transformation might be disabled or specified as part of an unsupported transformation ordering
warning: adv_routines.f90:2435:7: loop not vectorized: the optimizer was unable to perform the requested transformation; the transformation might be disabled or specified as part of an unsupported transformation ordering
warning: adv_routines.f90:2680:7: loop not vectorized: the optimizer was unable to perform the requested transformation; the transformation might be disabled or specified as part of an unsupported transformation ordering
warning: adv_routines.f90:2660:7: loop not vectorized: the optimizer was unable to perform the requested transformation; the transformation might be disabled or specified as part of an unsupported transformation ordering
warning: adv_routines.f90:2627:7: loop not vectorized: the optimizer was unable to perform the requested transformation; the transformation might be disabled or specified as part of an unsupported transformation ordering
warning: adv_routines.f90:2595:7: loop not vectorized: the optimizer was unable to perform the requested transformation; the transformation might be disabled or specified as part of an unsupported transformation ordering
warning: adv_routines.f90:2878:7: loop not vectorized: the optimizer was unable to perform the requested transformation; the transformation might be disabled or specified as part of an unsupported transformation ordering
warning: adv_routines.f90:2856:7: loop not vectorized: the optimizer was unable to perform the requested transformation; the transformation might be disabled or specified as part of an unsupported transformation ordering
warning: adv_routines.f90:2821:7: loop not vectorized: the optimizer was unable to perform the requested transformation; the transformation might be disabled or specified as part of an unsupported transformation ordering
warning: adv_routines.f90:2781:7: loop not vectorized: the optimizer was unable to perform the requested transformation; the transformation might be disabled or specified as part of an unsupported transformation ordering
warning: adv_routines.f90:2740:7: loop not vectorized: the optimizer was unable to perform the requested transformation; the transformation might be disabled or specified as part of an unsupported transformation ordering
warning: adv_routines.f90:3049:7: loop not vectorized: the optimizer was unable to perform the requested transformation; the transformation might be disabled or specified as part of an unsupported transformation ordering
warning: adv_routines.f90:3030:7: loop not vectorized: the optimizer was unable to perform the requested transformation; the transformation might be disabled or specified as part of an unsupported transformation ordering
warning: adv_routines.f90:2998:7: loop not vectorized: the optimizer was unable to perform the requested transformation; the transformation might be disabled or specified as part of an unsupported transformation ordering
warning: adv_routines.f90:2941:7: loop not vectorized: the optimizer was unable to perform the requested transformation; the transformation might be disabled or specified as part of an unsupported transformation ordering
warning: adv_routines.f90:3220:7: loop not vectorized: the optimizer was unable to perform the requested transformation; the transformation might be disabled or specified as part of an unsupported transformation ordering
warning: adv_routines.f90:3201:7: loop not vectorized: the optimizer was unable to perform the requested transformation; the transformation might be disabled or specified as part of an unsupported transformation ordering
warning: adv_routines.f90:3169:7: loop not vectorized: the optimizer was unable to perform the requested transformation; the transformation might be disabled or specified as part of an unsupported transformation ordering
warning: adv_routines.f90:3108:7: loop not vectorized: the optimizer was unable to perform the requested transformation; the transformation might be disabled or specified as part of an unsupported transformation ordering
warning: adv_routines.f90:3352:7: loop not vectorized: the optimizer was unable to perform the requested transformation; the transformation might be disabled or specified as part of an unsupported transformation ordering
warning: adv_routines.f90:3352:7: loop not vectorized: the optimizer was unable to perform the requested transformation; the transformation might be disabled or specified as part of an unsupported transformation ordering
warning: adv_routines.f90:3334:7: loop not vectorized: the optimizer was unable to perform the requested transformation; the transformation might be disabled or specified as part of an unsupported transformation ordering
warning: adv_routines.f90:3303:7: loop not vectorized: the optimizer was unable to perform the requested transformation; the transformation might be disabled or specified as part of an unsupported transformation ordering
warning: adv_routines.f90:3275:7: loop not vectorized: the optimizer was unable to perform the requested transformation; the transformation might be disabled or specified as part of an unsupported transformation ordering
warning: adv_routines.f90:3477:7: loop not vectorized: the optimizer was unable to perform the requested transformation; the transformation might be disabled or specified as part of an unsupported transformation ordering
warning: adv_routines.f90:3457:7: loop not vectorized: the optimizer was unable to perform the requested transformation; the transformation might be disabled or specified as part of an unsupported transformation ordering
warning: adv_routines.f90:3424:7: loop not vectorized: the optimizer was unable to perform the requested transformation; the transformation might be disabled or specified as part of an unsupported transformation ordering
warning: adv_routines.f90:3392:7: loop not vectorized: the optimizer was unable to perform the requested transformation; the transformation might be disabled or specified as part of an unsupported transformation ordering
warning: adv_routines.f90:3599:7: loop not vectorized: the optimizer was unable to perform the requested transformation; the transformation might be disabled or specified as part of an unsupported transformation ordering
warning: adv_routines.f90:3583:7: loop not vectorized: the optimizer was unable to perform the requested transformation; the transformation might be disabled or specified as part of an unsupported transformation ordering
warning: adv_routines.f90:3554:7: loop not vectorized: the optimizer was unable to perform the requested transformation; the transformation might be disabled or specified as part of an unsupported transformation ordering
warning: adv_routines.f90:3526:7: loop not vectorized: the optimizer was unable to perform the requested transformation; the transformation might be disabled or specified as part of an unsupported transformation ordering
warning: adv_routines.f90:3725:7: loop not vectorized: the optimizer was unable to perform the requested transformation; the transformation might be disabled or specified as part of an unsupported transformation ordering
warning: adv_routines.f90:3706:7: loop not vectorized: the optimizer was unable to perform the requested transformation; the transformation might be disabled or specified as part of an unsupported transformation ordering
warning: adv_routines.f90:3674:7: loop not vectorized: the optimizer was unable to perform the requested transformation; the transformation might be disabled or specified as part of an unsupported transformation ordering
warning: adv_routines.f90:3643:7: loop not vectorized: the optimizer was unable to perform the requested transformation; the transformation might be disabled or specified as part of an unsupported transformation ordering
warning: adv_routines.f90:3849:7: loop not vectorized: the optimizer was unable to perform the requested transformation; the transformation might be disabled or specified as part of an unsupported transformation ordering
warning: adv_routines.f90:3833:7: loop not vectorized: the optimizer was unable to perform the requested transformation; the transformation might be disabled or specified as part of an unsupported transformation ordering
warning: adv_routines.f90:3804:7: loop not vectorized: the optimizer was unable to perform the requested transformation; the transformation might be disabled or specified as part of an unsupported transformation ordering
warning: adv_routines.f90:3776:7: loop not vectorized: the optimizer was unable to perform the requested transformation; the transformation might be disabled or specified as part of an unsupported transformation ordering
warning: adv_routines.f90:3985:7: loop not vectorized: the optimizer was unable to perform the requested transformation; the transformation might be disabled or specified as part of an unsupported transformation ordering
warning: adv_routines.f90:3964:7: loop not vectorized: the optimizer was unable to perform the requested transformation; the transformation might be disabled or specified as part of an unsupported transformation ordering
warning: adv_routines.f90:3930:7: loop not vectorized: the optimizer was unable to perform the requested transformation; the transformation might be disabled or specified as part of an unsupported transformation ordering
warning: adv_routines.f90:3897:7: loop not vectorized: the optimizer was unable to perform the requested transformation; the transformation might be disabled or specified as part of an unsupported transformation ordering
warning: adv_routines.f90:4111:7: loop not vectorized: the optimizer was unable to perform the requested transformation; the transformation might be disabled or specified as part of an unsupported transformation ordering
warning: adv_routines.f90:4095:7: loop not vectorized: the optimizer was unable to perform the requested transformation; the transformation might be disabled or specified as part of an unsupported transformation ordering
warning: adv_routines.f90:4066:7: loop not vectorized: the optimizer was unable to perform the requested transformation; the transformation might be disabled or specified as part of an unsupported transformation ordering
warning: adv_routines.f90:4038:7: loop not vectorized: the optimizer was unable to perform the requested transformation; the transformation might be disabled or specified as part of an unsupported transformation ordering
warning: adv_routines.f90:4249:7: loop not vectorized: the optimizer was unable to perform the requested transformation; the transformation might be disabled or specified as part of an unsupported transformation ordering
warning: adv_routines.f90:4228:7: loop not vectorized: the optimizer was unable to perform the requested transformation; the transformation might be disabled or specified as part of an unsupported transformation ordering
warning: adv_routines.f90:4194:7: loop not vectorized: the optimizer was unable to perform the requested transformation; the transformation might be disabled or specified as part of an unsupported transformation ordering
warning: adv_routines.f90:4161:7: loop not vectorized: the optimizer was unable to perform the requested transformation; the transformation might be disabled or specified as part of an unsupported transformation ordering
warning: adv_routines.f90:4377:7: loop not vectorized: the optimizer was unable to perform the requested transformation; the transformation might be disabled or specified as part of an unsupported transformation ordering
warning: adv_routines.f90:4361:7: loop not vectorized: the optimizer was unable to perform the requested transformation; the transformation might be disabled or specified as part of an unsupported transformation ordering
warning: adv_routines.f90:4332:7: loop not vectorized: the optimizer was unable to perform the requested transformation; the transformation might be disabled or specified as part of an unsupported transformation ordering
warning: adv_routines.f90:4304:7: loop not vectorized: the optimizer was unable to perform the requested transformation; the transformation might be disabled or specified as part of an unsupported transformation ordering
warning: adv_routines.f90:4569:7: loop not vectorized: the optimizer was unable to perform the requested transformation; the transformation might be disabled or specified as part of an unsupported transformation ordering
warning: adv_routines.f90:4581:7: loop not vectorized: the optimizer was unable to perform the requested transformation; the transformation might be disabled or specified as part of an unsupported transformation ordering
warning: adv_routines.f90:4531:7: loop not vectorized: the optimizer was unable to perform the requested transformation; the transformation might be disabled or specified as part of an unsupported transformation ordering
warning: adv_routines.f90:4545:7: loop not vectorized: the optimizer was unable to perform the requested transformation; the transformation might be disabled or specified as part of an unsupported transformation ordering
warning: adv_routines.f90:4481:7: loop not vectorized: the optimizer was unable to perform the requested transformation; the transformation might be disabled or specified as part of an unsupported transformation ordering
warning: adv_routines.f90:4495:7: loop not vectorized: the optimizer was unable to perform the requested transformation; the transformation might be disabled or specified as part of an unsupported transformation ordering
warning: adv_routines.f90:4436:7: loop not vectorized: the optimizer was unable to perform the requested transformation; the transformation might be disabled or specified as part of an unsupported transformation ordering
warning: adv_routines.f90:4447:7: loop not vectorized: the optimizer was unable to perform the requested transformation; the transformation might be disabled or specified as part of an unsupported transformation ordering
warning: adv_routines.f90:4756:7: loop not vectorized: the optimizer was unable to perform the requested transformation; the transformation might be disabled or specified as part of an unsupported transformation ordering
warning: adv_routines.f90:4772:7: loop not vectorized: the optimizer was unable to perform the requested transformation; the transformation might be disabled or specified as part of an unsupported transformation ordering
warning: adv_routines.f90:4722:7: loop not vectorized: the optimizer was unable to perform the requested transformation; the transformation might be disabled or specified as part of an unsupported transformation ordering
warning: adv_routines.f90:4738:7: loop not vectorized: the optimizer was unable to perform the requested transformation; the transformation might be disabled or specified as part of an unsupported transformation ordering
warning: adv_routines.f90:4675:7: loop not vectorized: the optimizer was unable to perform the requested transformation; the transformation might be disabled or specified as part of an unsupported transformation ordering
warning: adv_routines.f90:4691:7: loop not vectorized: the optimizer was unable to perform the requested transformation; the transformation might be disabled or specified as part of an unsupported transformation ordering
warning: adv_routines.f90:4630:7: loop not vectorized: the optimizer was unable to perform the requested transformation; the transformation might be disabled or specified as part of an unsupported transformation ordering
warning: adv_routines.f90:4645:7: loop not vectorized: the optimizer was unable to perform the requested transformation; the transformation might be disabled or specified as part of an unsupported transformation ordering
warning: adv_routines.f90:4819:7: loop not vectorized: the optimizer was unable to perform the requested transformation; the transformation might be disabled or specified as part of an unsupported transformation ordering
warning: adv_routines.f90:4832:7: loop not vectorized: the optimizer was unable to perform the requested transformation; the transformation might be disabled or specified as part of an unsupported transformation ordering
warning: adv_routines.f90:5002:7: loop not vectorized: the optimizer was unable to perform the requested transformation; the transformation might be disabled or specified as part of an unsupported transformation ordering
warning: adv_routines.f90:5018:7: loop not vectorized: the optimizer was unable to perform the requested transformation; the transformation might be disabled or specified as part of an unsupported transformation ordering
warning: adv_routines.f90:4968:7: loop not vectorized: the optimizer was unable to perform the requested transformation; the transformation might be disabled or specified as part of an unsupported transformation ordering
warning: adv_routines.f90:4984:7: loop not vectorized: the optimizer was unable to perform the requested transformation; the transformation might be disabled or specified as part of an unsupported transformation ordering
warning: adv_routines.f90:4921:7: loop not vectorized: the optimizer was unable to perform the requested transformation; the transformation might be disabled or specified as part of an unsupported transformation ordering
warning: adv_routines.f90:4937:7: loop not vectorized: the optimizer was unable to perform the requested transformation; the transformation might be disabled or specified as part of an unsupported transformation ordering
warning: adv_routines.f90:4876:7: loop not vectorized: the optimizer was unable to perform the requested transformation; the transformation might be disabled or specified as part of an unsupported transformation ordering
warning: adv_routines.f90:4891:7: loop not vectorized: the optimizer was unable to perform the requested transformation; the transformation might be disabled or specified as part of an unsupported transformation ordering
warning: adv_routines.f90:5193:7: loop not vectorized: the optimizer was unable to perform the requested transformation; the transformation might be disabled or specified as part of an unsupported transformation ordering
warning: adv_routines.f90:5209:7: loop not vectorized: the optimizer was unable to perform the requested transformation; the transformation might be disabled or specified as part of an unsupported transformation ordering
warning: adv_routines.f90:5159:7: loop not vectorized: the optimizer was unable to perform the requested transformation; the transformation might be disabled or specified as part of an unsupported transformation ordering
warning: adv_routines.f90:5175:7: loop not vectorized: the optimizer was unable to perform the requested transformation; the transformation might be disabled or specified as part of an unsupported transformation ordering
warning: adv_routines.f90:5112:7: loop not vectorized: the optimizer was unable to perform the requested transformation; the transformation might be disabled or specified as part of an unsupported transformation ordering
warning: adv_routines.f90:5128:7: loop not vectorized: the optimizer was unable to perform the requested transformation; the transformation might be disabled or specified as part of an unsupported transformation ordering
warning: adv_routines.f90:5067:7: loop not vectorized: the optimizer was unable to perform the requested transformation; the transformation might be disabled or specified as part of an unsupported transformation ordering
warning: adv_routines.f90:5082:7: loop not vectorized: the optimizer was unable to perform the requested transformation; the transformation might be disabled or specified as part of an unsupported transformation ordering
warning: adv_routines.f90:5386:7: loop not vectorized: the optimizer was unable to perform the requested transformation; the transformation might be disabled or specified as part of an unsupported transformation ordering
warning: adv_routines.f90:5402:7: loop not vectorized: the optimizer was unable to perform the requested transformation; the transformation might be disabled or specified as part of an unsupported transformation ordering
warning: adv_routines.f90:5348:7: loop not vectorized: the optimizer was unable to perform the requested transformation; the transformation might be disabled or specified as part of an unsupported transformation ordering
warning: adv_routines.f90:5366:7: loop not vectorized: the optimizer was unable to perform the requested transformation; the transformation might be disabled or specified as part of an unsupported transformation ordering
warning: adv_routines.f90:5296:7: loop not vectorized: the optimizer was unable to perform the requested transformation; the transformation might be disabled or specified as part of an unsupported transformation ordering
warning: adv_routines.f90:5314:7: loop not vectorized: the optimizer was unable to perform the requested transformation; the transformation might be disabled or specified as part of an unsupported transformation ordering
warning: adv_routines.f90:5251:7: loop not vectorized: the optimizer was unable to perform the requested transformation; the transformation might be disabled or specified as part of an unsupported transformation ordering
warning: adv_routines.f90:5266:7: loop not vectorized: the optimizer was unable to perform the requested transformation; the transformation might be disabled or specified as part of an unsupported transformation ordering
warning: adv_routines.f90:5570:7: loop not vectorized: the optimizer was unable to perform the requested transformation; the transformation might be disabled or specified as part of an unsupported transformation ordering
warning: adv_routines.f90:5586:7: loop not vectorized: the optimizer was unable to perform the requested transformation; the transformation might be disabled or specified as part of an unsupported transformation ordering
warning: adv_routines.f90:5536:7: loop not vectorized: the optimizer was unable to perform the requested transformation; the transformation might be disabled or specified as part of an unsupported transformation ordering
warning: adv_routines.f90:5552:7: loop not vectorized: the optimizer was unable to perform the requested transformation; the transformation might be disabled or specified as part of an unsupported transformation ordering
warning: adv_routines.f90:5489:7: loop not vectorized: the optimizer was unable to perform the requested transformation; the transformation might be disabled or specified as part of an unsupported transformation ordering
warning: adv_routines.f90:5505:7: loop not vectorized: the optimizer was unable to perform the requested transformation; the transformation might be disabled or specified as part of an unsupported transformation ordering
warning: adv_routines.f90:5444:7: loop not vectorized: the optimizer was unable to perform the requested transformation; the transformation might be disabled or specified as part of an unsupported transformation ordering
warning: adv_routines.f90:5459:7: loop not vectorized: the optimizer was unable to perform the requested transformation; the transformation might be disabled or specified as part of an unsupported transformation ordering
warning: adv_routines.f90:5763:7: loop not vectorized: the optimizer was unable to perform the requested transformation; the transformation might be disabled or specified as part of an unsupported transformation ordering
warning: adv_routines.f90:5780:7: loop not vectorized: the optimizer was unable to perform the requested transformation; the transformation might be disabled or specified as part of an unsupported transformation ordering
warning: adv_routines.f90:5726:7: loop not vectorized: the optimizer was unable to perform the requested transformation; the transformation might be disabled or specified as part of an unsupported transformation ordering
warning: adv_routines.f90:5743:7: loop not vectorized: the optimizer was unable to perform the requested transformation; the transformation might be disabled or specified as part of an unsupported transformation ordering
warning: adv_routines.f90:5676:7: loop not vectorized: the optimizer was unable to perform the requested transformation; the transformation might be disabled or specified as part of an unsupported transformation ordering
warning: adv_routines.f90:5693:7: loop not vectorized: the optimizer was unable to perform the requested transformation; the transformation might be disabled or specified as part of an unsupported transformation ordering
warning: adv_routines.f90:5628:7: loop not vectorized: the optimizer was unable to perform the requested transformation; the transformation might be disabled or specified as part of an unsupported transformation ordering
warning: adv_routines.f90:5644:7: loop not vectorized: the optimizer was unable to perform the requested transformation; the transformation might be disabled or specified as part of an unsupported transformation ordering
warning: adv_routines.f90:5959:7: loop not vectorized: the optimizer was unable to perform the requested transformation; the transformation might be disabled or specified as part of an unsupported transformation ordering
warning: adv_routines.f90:5976:7: loop not vectorized: the optimizer was unable to perform the requested transformation; the transformation might be disabled or specified as part of an unsupported transformation ordering
warning: adv_routines.f90:5922:7: loop not vectorized: the optimizer was unable to perform the requested transformation; the transformation might be disabled or specified as part of an unsupported transformation ordering
warning: adv_routines.f90:5939:7: loop not vectorized: the optimizer was unable to perform the requested transformation; the transformation might be disabled or specified as part of an unsupported transformation ordering
warning: adv_routines.f90:5872:7: loop not vectorized: the optimizer was unable to perform the requested transformation; the transformation might be disabled or specified as part of an unsupported transformation ordering
warning: adv_routines.f90:5889:7: loop not vectorized: the optimizer was unable to perform the requested transformation; the transformation might be disabled or specified as part of an unsupported transformation ordering
warning: adv_routines.f90:5824:7: loop not vectorized: the optimizer was unable to perform the requested transformation; the transformation might be disabled or specified as part of an unsupported transformation ordering
warning: adv_routines.f90:5840:7: loop not vectorized: the optimizer was unable to perform the requested transformation; the transformation might be disabled or specified as part of an unsupported transformation ordering
warning: adv_routines.f90:6096:7: loop not vectorized: the optimizer was unable to perform the requested transformation; the transformation might be disabled or specified as part of an unsupported transformation ordering
warning: adv_routines.f90:6096:7: loop not vectorized: the optimizer was unable to perform the requested transformation; the transformation might be disabled or specified as part of an unsupported transformation ordering
warning: adv_routines.f90:6078:7: loop not vectorized: the optimizer was unable to perform the requested transformation; the transformation might be disabled or specified as part of an unsupported transformation ordering
warning: adv_routines.f90:6047:7: loop not vectorized: the optimizer was unable to perform the requested transformation; the transformation might be disabled or specified as part of an unsupported transformation ordering
warning: adv_routines.f90:6019:7: loop not vectorized: the optimizer was unable to perform the requested transformation; the transformation might be disabled or specified as part of an unsupported transformation ordering
warning: adv_routines.f90:6209:7: loop not vectorized: the optimizer was unable to perform the requested transformation; the transformation might be disabled or specified as part of an unsupported transformation ordering
warning: adv_routines.f90:6193:7: loop not vectorized: the optimizer was unable to perform the requested transformation; the transformation might be disabled or specified as part of an unsupported transformation ordering
warning: adv_routines.f90:6164:7: loop not vectorized: the optimizer was unable to perform the requested transformation; the transformation might be disabled or specified as part of an unsupported transformation ordering
warning: adv_routines.f90:6136:7: loop not vectorized: the optimizer was unable to perform the requested transformation; the transformation might be disabled or specified as part of an unsupported transformation ordering
warning: adv_routines.f90:6322:7: loop not vectorized: the optimizer was unable to perform the requested transformation; the transformation might be disabled or specified as part of an unsupported transformation ordering
warning: adv_routines.f90:6306:7: loop not vectorized: the optimizer was unable to perform the requested transformation; the transformation might be disabled or specified as part of an unsupported transformation ordering
warning: adv_routines.f90:6277:7: loop not vectorized: the optimizer was unable to perform the requested transformation; the transformation might be disabled or specified as part of an unsupported transformation ordering
warning: adv_routines.f90:6249:7: loop not vectorized: the optimizer was unable to perform the requested transformation; the transformation might be disabled or specified as part of an unsupported transformation ordering
warning: adv_routines.f90:6435:7: loop not vectorized: the optimizer was unable to perform the requested transformation; the transformation might be disabled or specified as part of an unsupported transformation ordering
warning: adv_routines.f90:6419:7: loop not vectorized: the optimizer was unable to perform the requested transformation; the transformation might be disabled or specified as part of an unsupported transformation ordering
warning: adv_routines.f90:6390:7: loop not vectorized: the optimizer was unable to perform the requested transformation; the transformation might be disabled or specified as part of an unsupported transformation ordering
warning: adv_routines.f90:6362:7: loop not vectorized: the optimizer was unable to perform the requested transformation; the transformation might be disabled or specified as part of an unsupported transformation ordering
warning: adv_routines.f90:6963:7: loop not vectorized: the optimizer was unable to perform the requested transformation; the transformation might be disabled or specified as part of an unsupported transformation ordering
warning: adv_routines.f90:6946:7: loop not vectorized: the optimizer was unable to perform the requested transformation; the transformation might be disabled or specified as part of an unsupported transformation ordering
warning: adv_routines.f90:6929:7: loop not vectorized: the optimizer was unable to perform the requested transformation; the transformation might be disabled or specified as part of an unsupported transformation ordering
warning: adv_routines.f90:6912:7: loop not vectorized: the optimizer was unable to perform the requested transformation; the transformation might be disabled or specified as part of an unsupported transformation ordering
warning: adv_routines.f90:6987:7: loop not vectorized: the optimizer was unable to perform the requested transformation; the transformation might be disabled or specified as part of an unsupported transformation ordering
warning: adv_routines.f90:7000:7: loop not vectorized: the optimizer was unable to perform the requested transformation; the transformation might be disabled or specified as part of an unsupported transformation ordering
warning: adv_routines.f90:7015:7: loop not vectorized: the optimizer was unable to perform the requested transformation; the transformation might be disabled or specified as part of an unsupported transformation ordering
warning: adv_routines.f90:7028:7: loop not vectorized: the optimizer was unable to perform the requested transformation; the transformation might be disabled or specified as part of an unsupported transformation ordering
warning: adv_routines.f90:7043:7: loop not vectorized: the optimizer was unable to perform the requested transformation; the transformation might be disabled or specified as part of an unsupported transformation ordering
warning: adv_routines.f90:7056:7: loop not vectorized: the optimizer was unable to perform the requested transformation; the transformation might be disabled or specified as part of an unsupported transformation ordering
warning: adv_routines.f90:7071:7: loop not vectorized: the optimizer was unable to perform the requested transformation; the transformation might be disabled or specified as part of an unsupported transformation ordering
warning: adv_routines.f90:7084:7: loop not vectorized: the optimizer was unable to perform the requested transformation; the transformation might be disabled or specified as part of an unsupported transformation ordering
warning: adv_routines.f90:7209:7: loop not vectorized: the optimizer was unable to perform the requested transformation; the transformation might be disabled or specified as part of an unsupported transformation ordering
warning: adv_routines.f90:7194:7: loop not vectorized: the optimizer was unable to perform the requested transformation; the transformation might be disabled or specified as part of an unsupported transformation ordering
warning: adv_routines.f90:7183:7: loop not vectorized: the optimizer was unable to perform the requested transformation; the transformation might be disabled or specified as part of an unsupported transformation ordering
warning: adv_routines.f90:7168:7: loop not vectorized: the optimizer was unable to perform the requested transformation; the transformation might be disabled or specified as part of an unsupported transformation ordering
warning: adv_routines.f90:7157:7: loop not vectorized: the optimizer was unable to perform the requested transformation; the transformation might be disabled or specified as part of an unsupported transformation ordering
warning: adv_routines.f90:7142:7: loop not vectorized: the optimizer was unable to perform the requested transformation; the transformation might be disabled or specified as part of an unsupported transformation ordering
warning: adv_routines.f90:7131:7: loop not vectorized: the optimizer was unable to perform the requested transformation; the transformation might be disabled or specified as part of an unsupported transformation ordering
warning: adv_routines.f90:7116:7: loop not vectorized: the optimizer was unable to perform the requested transformation; the transformation might be disabled or specified as part of an unsupported transformation ordering
warning: adv_routines.f90:7224:7: loop not vectorized: the optimizer was unable to perform the requested transformation; the transformation might be disabled or specified as part of an unsupported transformation ordering
warning: adv_routines.f90:7237:7: loop not vectorized: the optimizer was unable to perform the requested transformation; the transformation might be disabled or specified as part of an unsupported transformation ordering
warning: adv_routines.f90:7251:7: loop not vectorized: the optimizer was unable to perform the requested transformation; the transformation might be disabled or specified as part of an unsupported transformation ordering
warning: adv_routines.f90:7264:7: loop not vectorized: the optimizer was unable to perform the requested transformation; the transformation might be disabled or specified as part of an unsupported transformation ordering
warning: adv_routines.f90:7278:7: loop not vectorized: the optimizer was unable to perform the requested transformation; the transformation might be disabled or specified as part of an unsupported transformation ordering
warning: adv_routines.f90:7291:7: loop not vectorized: the optimizer was unable to perform the requested transformation; the transformation might be disabled or specified as part of an unsupported transformation ordering
warning: adv_routines.f90:7305:7: loop not vectorized: the optimizer was unable to perform the requested transformation; the transformation might be disabled or specified as part of an unsupported transformation ordering
warning: adv_routines.f90:7318:7: loop not vectorized: the optimizer was unable to perform the requested transformation; the transformation might be disabled or specified as part of an unsupported transformation ordering
warning: adv_routines.f90:7337:7: loop not vectorized: the optimizer was unable to perform the requested transformation; the transformation might be disabled or specified as part of an unsupported transformation ordering
warning: adv_routines.f90:7348:7: loop not vectorized: the optimizer was unable to perform the requested transformation; the transformation might be disabled or specified as part of an unsupported transformation ordering
warning: adv_routines.f90:7359:7: loop not vectorized: the optimizer was unable to perform the requested transformation; the transformation might be disabled or specified as part of an unsupported transformation ordering
warning: adv_routines.f90:7370:7: loop not vectorized: the optimizer was unable to perform the requested transformation; the transformation might be disabled or specified as part of an unsupported transformation ordering
warning: adv_routines.f90:7496:7: loop not vectorized: the optimizer was unable to perform the requested transformation; the transformation might be disabled or specified as part of an unsupported transformation ordering
warning: adv_routines.f90:7478:7: loop not vectorized: the optimizer was unable to perform the requested transformation; the transformation might be disabled or specified as part of an unsupported transformation ordering
warning: adv_routines.f90:7460:7: loop not vectorized: the optimizer was unable to perform the requested transformation; the transformation might be disabled or specified as part of an unsupported transformation ordering
warning: adv_routines.f90:7442:7: loop not vectorized: the optimizer was unable to perform the requested transformation; the transformation might be disabled or specified as part of an unsupported transformation ordering
warning: adv_routines.f90:7722:7: loop not vectorized: the optimizer was unable to perform the requested transformation; the transformation might be disabled or specified as part of an unsupported transformation ordering
warning: adv_routines.f90:7705:7: loop not vectorized: the optimizer was unable to perform the requested transformation; the transformation might be disabled or specified as part of an unsupported transformation ordering
warning: adv_routines.f90:7692:7: loop not vectorized: the optimizer was unable to perform the requested transformation; the transformation might be disabled or specified as part of an unsupported transformation ordering
warning: adv_routines.f90:7675:7: loop not vectorized: the optimizer was unable to perform the requested transformation; the transformation might be disabled or specified as part of an unsupported transformation ordering
warning: adv_routines.f90:7663:7: loop not vectorized: the optimizer was unable to perform the requested transformation; the transformation might be disabled or specified as part of an unsupported transformation ordering
warning: adv_routines.f90:7647:7: loop not vectorized: the optimizer was unable to perform the requested transformation; the transformation might be disabled or specified as part of an unsupported transformation ordering
warning: adv_routines.f90:7635:7: loop not vectorized: the optimizer was unable to perform the requested transformation; the transformation might be disabled or specified as part of an unsupported transformation ordering
warning: adv_routines.f90:7619:7: loop not vectorized: the optimizer was unable to perform the requested transformation; the transformation might be disabled or specified as part of an unsupported transformation ordering
warning: adv_routines.f90:7607:7: loop not vectorized: the optimizer was unable to perform the requested transformation; the transformation might be disabled or specified as part of an unsupported transformation ordering
warning: adv_routines.f90:7607:7: loop not vectorized: the optimizer was unable to perform the requested transformation; the transformation might be disabled or specified as part of an unsupported transformation ordering
warning: adv_routines.f90:7911:7: loop not vectorized: the optimizer was unable to perform the requested transformation; the transformation might be disabled or specified as part of an unsupported transformation ordering
warning: adv_routines.f90:8071:7: loop not vectorized: the optimizer was unable to perform the requested transformation; the transformation might be disabled or specified as part of an unsupported transformation ordering
warning: adv_routines.f90:8053:7: loop not vectorized: the optimizer was unable to perform the requested transformation; the transformation might be disabled or specified as part of an unsupported transformation ordering
warning: adv_routines.f90:8035:7: loop not vectorized: the optimizer was unable to perform the requested transformation; the transformation might be disabled or specified as part of an unsupported transformation ordering
warning: adv_routines.f90:8017:7: loop not vectorized: the optimizer was unable to perform the requested transformation; the transformation might be disabled or specified as part of an unsupported transformation ordering
warning: adv_routines.f90:8285:7: loop not vectorized: the optimizer was unable to perform the requested transformation; the transformation might be disabled or specified as part of an unsupported transformation ordering
warning: adv_routines.f90:8269:7: loop not vectorized: the optimizer was unable to perform the requested transformation; the transformation might be disabled or specified as part of an unsupported transformation ordering
warning: adv_routines.f90:8257:7: loop not vectorized: the optimizer was unable to perform the requested transformation; the transformation might be disabled or specified as part of an unsupported transformation ordering
warning: adv_routines.f90:8241:7: loop not vectorized: the optimizer was unable to perform the requested transformation; the transformation might be disabled or specified as part of an unsupported transformation ordering
warning: adv_routines.f90:8229:7: loop not vectorized: the optimizer was unable to perform the requested transformation; the transformation might be disabled or specified as part of an unsupported transformation ordering
warning: adv_routines.f90:8213:7: loop not vectorized: the optimizer was unable to perform the requested transformation; the transformation might be disabled or specified as part of an unsupported transformation ordering
warning: adv_routines.f90:8201:7: loop not vectorized: the optimizer was unable to perform the requested transformation; the transformation might be disabled or specified as part of an unsupported transformation ordering
warning: adv_routines.f90:8185:7: loop not vectorized: the optimizer was unable to perform the requested transformation; the transformation might be disabled or specified as part of an unsupported transformation ordering
warning: adv_routines.f90:8173:7: loop not vectorized: the optimizer was unable to perform the requested transformation; the transformation might be disabled or specified as part of an unsupported transformation ordering
warning: adv_routines.f90:8443:9: loop not vectorized: the optimizer was unable to perform the requested transformation; the transformation might be disabled or specified as part of an unsupported transformation ordering
warning: adv_routines.f90:8565:7: loop not vectorized: the optimizer was unable to perform the requested transformation; the transformation might be disabled or specified as part of an unsupported transformation ordering
warning: adv_routines.f90:8548:7: loop not vectorized: the optimizer was unable to perform the requested transformation; the transformation might be disabled or specified as part of an unsupported transformation ordering
warning: adv_routines.f90:8531:7: loop not vectorized: the optimizer was unable to perform the requested transformation; the transformation might be disabled or specified as part of an unsupported transformation ordering
warning: adv_routines.f90:8514:7: loop not vectorized: the optimizer was unable to perform the requested transformation; the transformation might be disabled or specified as part of an unsupported transformation ordering
warning: adv_routines.f90:8767:7: loop not vectorized: the optimizer was unable to perform the requested transformation; the transformation might be disabled or specified as part of an unsupported transformation ordering
warning: adv_routines.f90:8752:7: loop not vectorized: the optimizer was unable to perform the requested transformation; the transformation might be disabled or specified as part of an unsupported transformation ordering
warning: adv_routines.f90:8741:7: loop not vectorized: the optimizer was unable to perform the requested transformation; the transformation might be disabled or specified as part of an unsupported transformation ordering
warning: adv_routines.f90:8726:7: loop not vectorized: the optimizer was unable to perform the requested transformation; the transformation might be disabled or specified as part of an unsupported transformation ordering
warning: adv_routines.f90:8715:7: loop not vectorized: the optimizer was unable to perform the requested transformation; the transformation might be disabled or specified as part of an unsupported transformation ordering
warning: adv_routines.f90:8700:7: loop not vectorized: the optimizer was unable to perform the requested transformation; the transformation might be disabled or specified as part of an unsupported transformation ordering
warning: adv_routines.f90:8689:7: loop not vectorized: the optimizer was unable to perform the requested transformation; the transformation might be disabled or specified as part of an unsupported transformation ordering
warning: adv_routines.f90:8674:7: loop not vectorized: the optimizer was unable to perform the requested transformation; the transformation might be disabled or specified as part of an unsupported transformation ordering
warning: adv_routines.f90:8663:7: loop not vectorized: the optimizer was unable to perform the requested transformation; the transformation might be disabled or specified as part of an unsupported transformation ordering
warning: adv_routines.f90:8663:7: loop not vectorized: the optimizer was unable to perform the requested transformation; the transformation might be disabled or specified as part of an unsupported transformation ordering
warning: adv_routines.f90:8931:7: loop not vectorized: the optimizer was unable to perform the requested transformation; the transformation might be disabled or specified as part of an unsupported transformation ordering
warning: adv_routines.f90:9061:7: loop not vectorized: the optimizer was unable to perform the requested transformation; the transformation might be disabled or specified as part of an unsupported transformation ordering
warning: adv_routines.f90:9043:7: loop not vectorized: the optimizer was unable to perform the requested transformation; the transformation might be disabled or specified as part of an unsupported transformation ordering
warning: adv_routines.f90:9025:7: loop not vectorized: the optimizer was unable to perform the requested transformation; the transformation might be disabled or specified as part of an unsupported transformation ordering
warning: adv_routines.f90:9007:7: loop not vectorized: the optimizer was unable to perform the requested transformation; the transformation might be disabled or specified as part of an unsupported transformation ordering
warning: adv_routines.f90:9278:7: loop not vectorized: the optimizer was unable to perform the requested transformation; the transformation might be disabled or specified as part of an unsupported transformation ordering
warning: adv_routines.f90:9262:7: loop not vectorized: the optimizer was unable to perform the requested transformation; the transformation might be disabled or specified as part of an unsupported transformation ordering
warning: adv_routines.f90:9250:7: loop not vectorized: the optimizer was unable to perform the requested transformation; the transformation might be disabled or specified as part of an unsupported transformation ordering
warning: adv_routines.f90:9234:7: loop not vectorized: the optimizer was unable to perform the requested transformation; the transformation might be disabled or specified as part of an unsupported transformation ordering
warning: adv_routines.f90:9222:7: loop not vectorized: the optimizer was unable to perform the requested transformation; the transformation might be disabled or specified as part of an unsupported transformation ordering
warning: adv_routines.f90:9206:7: loop not vectorized: the optimizer was unable to perform the requested transformation; the transformation might be disabled or specified as part of an unsupported transformation ordering
warning: adv_routines.f90:9194:7: loop not vectorized: the optimizer was unable to perform the requested transformation; the transformation might be disabled or specified as part of an unsupported transformation ordering
warning: adv_routines.f90:9178:7: loop not vectorized: the optimizer was unable to perform the requested transformation; the transformation might be disabled or specified as part of an unsupported transformation ordering
warning: adv_routines.f90:9166:7: loop not vectorized: the optimizer was unable to perform the requested transformation; the transformation might be disabled or specified as part of an unsupported transformation ordering
warning: adv_routines.f90:9166:7: loop not vectorized: the optimizer was unable to perform the requested transformation; the transformation might be disabled or specified as part of an unsupported transformation ordering
warning: adv_routines.f90:9453:7: loop not vectorized: the optimizer was unable to perform the requested transformation; the transformation might be disabled or specified as part of an unsupported transformation ordering
warning: adv_routines.f90:9643:7: loop not vectorized: the optimizer was unable to perform the requested transformation; the transformation might be disabled or specified as part of an unsupported transformation ordering
warning: adv_routines.f90:9629:7: loop not vectorized: the optimizer was unable to perform the requested transformation; the transformation might be disabled or specified as part of an unsupported transformation ordering
warning: adv_routines.f90:9615:7: loop not vectorized: the optimizer was unable to perform the requested transformation; the transformation might be disabled or specified as part of an unsupported transformation ordering
warning: adv_routines.f90:9601:7: loop not vectorized: the optimizer was unable to perform the requested transformation; the transformation might be disabled or specified as part of an unsupported transformation ordering
warning: adv_routines.f90:9712:7: loop not vectorized: the optimizer was unable to perform the requested transformation; the transformation might be disabled or specified as part of an unsupported transformation ordering
warning: adv_routines.f90:9698:7: loop not vectorized: the optimizer was unable to perform the requested transformation; the transformation might be disabled or specified as part of an unsupported transformation ordering
warning: adv_routines.f90:9684:7: loop not vectorized: the optimizer was unable to perform the requested transformation; the transformation might be disabled or specified as part of an unsupported transformation ordering
warning: adv_routines.f90:9670:7: loop not vectorized: the optimizer was unable to perform the requested transformation; the transformation might be disabled or specified as part of an unsupported transformation ordering
warning: adv_routines.f90:9732:7: loop not vectorized: the optimizer was unable to perform the requested transformation; the transformation might be disabled or specified as part of an unsupported transformation ordering
warning: adv_routines.f90:9799:9: loop not vectorized: the optimizer was unable to perform the requested transformation; the transformation might be disabled or specified as part of an unsupported transformation ordering
warning: adv_routines.f90:9799:9: loop not vectorized: the optimizer was unable to perform the requested transformation; the transformation might be disabled or specified as part of an unsupported transformation ordering
warning: adv_routines.f90:9790:9: loop not vectorized: the optimizer was unable to perform the requested transformation; the transformation might be disabled or specified as part of an unsupported transformation ordering
warning: adv_routines.f90:9811:11: loop not vectorized: the optimizer was unable to perform the requested transformation; the transformation might be disabled or specified as part of an unsupported transformation ordering
warning: adv_routines.f90:9831:7: loop not vectorized: the optimizer was unable to perform the requested transformation; the transformation might be disabled or specified as part of an unsupported transformation ordering
warning: adv_routines.f90:9844:9: loop not vectorized: the optimizer was unable to perform the requested transformation; the transformation might be disabled or specified as part of an unsupported transformation ordering
warning: adv_routines.f90:9844:9: loop not vectorized: the optimizer was unable to perform the requested transformation; the transformation might be disabled or specified as part of an unsupported transformation ordering
mpiifort -fc=ifx -fno-lto -g -O2 -march=core-avx2 -assume byterecl -fp-model precise -ftz -init=snan,arrays -traceback -no-fma  -I/afs/crc.nd.edu/x86_64_linux/n/netcdf/4.9.2/intel/24.2/serial//include -c solve1.f90
mpiifort -fc=ifx -fno-lto -g -O2 -march=core-avx2 -assume byterecl -fp-model precise -ftz -init=snan,arrays -traceback -no-fma  -I/afs/crc.nd.edu/x86_64_linux/n/netcdf/4.9.2/intel/24.2/serial//include -c sound.f90
mpiifort -fc=ifx -fno-lto -g -O2 -march=core-avx2 -assume byterecl -fp-model precise -ftz -init=snan,arrays -traceback -no-fma  -I/afs/crc.nd.edu/x86_64_linux/n/netcdf/4.9.2/intel/24.2/serial//include -c sounde.f90
mpiifort -fc=ifx -fno-lto -g -O2 -march=core-avx2 -assume byterecl -fp-model precise -ftz -init=snan,arrays -traceback -no-fma  -I/afs/crc.nd.edu/x86_64_linux/n/netcdf/4.9.2/intel/24.2/serial//include -c soundns.f90
mpiifort -fc=ifx -fno-lto -g -O2 -march=core-avx2 -assume byterecl -fp-model precise -ftz -init=snan,arrays -traceback -no-fma  -I/afs/crc.nd.edu/x86_64_linux/n/netcdf/4.9.2/intel/24.2/serial//include -c soundcb.f90
mpiifort -fc=ifx -fno-lto -g -O2 -march=core-avx2 -assume byterecl -fp-model precise -ftz -init=snan,arrays -traceback -no-fma  -I/afs/crc.nd.edu/x86_64_linux/n/netcdf/4.9.2/intel/24.2/serial//include -c writeout.f90
mpiifort -fc=ifx -fno-lto -g -O2 -march=core-avx2 -assume byterecl -fp-model precise -ftz -init=snan,arrays -traceback -no-fma  -I/afs/crc.nd.edu/x86_64_linux/n/netcdf/4.9.2/intel/24.2/serial//include -c restart.f90
mpiifort -fc=ifx -fno-lto -g -O2 -march=core-avx2 -assume byterecl -fp-model precise -ftz -init=snan,arrays -traceback -no-fma  -I/afs/crc.nd.edu/x86_64_linux/n/netcdf/4.9.2/intel/24.2/serial//include -c init_terrain.f90
mpiifort -fc=ifx -fno-lto -g -O2 -march=core-avx2 -assume byterecl -fp-model precise -ftz -init=snan,arrays -traceback -no-fma  -I/afs/crc.nd.edu/x86_64_linux/n/netcdf/4.9.2/intel/24.2/serial//include -c adv.f90
mpiifort -fc=ifx -fno-lto -g -O2 -march=core-avx2 -assume byterecl -fp-model precise -ftz -init=snan,arrays -traceback -no-fma  -I/afs/crc.nd.edu/x86_64_linux/n/netcdf/4.9.2/intel/24.2/serial//include -c param.f90
mpiifort -fc=ifx -fno-lto -g -O2 -march=core-avx2 -assume byterecl -fp-model precise -ftz -init=snan,arrays -traceback -no-fma  -I/afs/crc.nd.edu/x86_64_linux/n/netcdf/4.9.2/intel/24.2/serial//include -c base.f90
mpiifort -fc=ifx -fno-lto -g -O2 -march=core-avx2 -assume byterecl -fp-model precise -ftz -init=snan,arrays -traceback -no-fma  -I/afs/crc.nd.edu/x86_64_linux/n/netcdf/4.9.2/intel/24.2/serial//include -c init3d.f90
mpiifort -fc=ifx -fno-lto -g -O2 -march=core-avx2 -assume byterecl -fp-model precise -ftz -init=snan,arrays -traceback -no-fma  -I/afs/crc.nd.edu/x86_64_linux/n/netcdf/4.9.2/intel/24.2/serial//include -c solve2.f90
mpiifort -fc=ifx -fno-lto -g -O2 -march=core-avx2 -assume byterecl -fp-model precise -ftz -init=snan,arrays -traceback -no-fma  -I/afs/crc.nd.edu/x86_64_linux/n/netcdf/4.9.2/intel/24.2/serial//include -c pdcomp.f90
mpiifort -fc=ifx -fno-lto -g -O2 -march=core-avx2 -assume byterecl -fp-model precise -ftz -init=snan,arrays -traceback -no-fma  -I/afs/crc.nd.edu/x86_64_linux/n/netcdf/4.9.2/intel/24.2/serial//include -c domaindiag.f90
mpiifort -fc=ifx -fno-lto -g -O2 -march=core-avx2 -assume byterecl -fp-model precise -ftz -init=snan,arrays -traceback -no-fma  -I/afs/crc.nd.edu/x86_64_linux/n/netcdf/4.9.2/intel/24.2/serial//include -c hifrq.f90
mpiifort -fc=ifx -fno-lto -g -O2 -march=core-avx2 -assume byterecl -fp-model precise -ftz -init=snan,arrays -traceback -no-fma  -I/afs/crc.nd.edu/x86_64_linux/n/netcdf/4.9.2/intel/24.2/serial//include -c solve3.f90
mpiifort -fc=ifx -fno-lto -g -O2 -march=core-avx2 -assume byterecl -fp-model precise -ftz -init=snan,arrays -traceback -no-fma  -I/afs/crc.nd.edu/x86_64_linux/n/netcdf/4.9.2/intel/24.2/serial//include -c cm1.f90
mpiifort -fc=ifx -fno-lto -lnetcdf -lnetcdff -g -O2 -march=core-avx2 -assume byterecl -fp-model precise -ftz -init=snan,arrays -traceback -no-fma  cm1.o constants.o mersennetwister_mod.o input.o adv.o adv_routines.o anelp.o azimavg.o base.o bc.o cm1libs.o comm.o comm_droplet.o bcast.o testcase_simple_phys.o diff2.o eddy_recycle.o goddard.o hifrq.o ib_module.o init3d.o init_physics.o init_surface.o init_terrain.o interp_routines.o kessler.o lfoice.o lsnudge.o maxmin.o misclibs.o morrison.o module_mp_jensen_ishmael.o module_mp_nssl_2mom.o module_mp_p3.o mp_driver.o param.o parcel.o droplet.o pdef.o pdcomp.o poiss.o sfcphys.o singleton.o radiation_driver.o solve1.o solve2.o solve3.o sounde.o sound.o soundns.o soundcb.o statpack.o stopcm1.o thompson.o module_mp_radar.o turb.o turbtend.o turbnba.o domaindiag.o writeout.o restart.o writeout_nc.o radlib3d.o irrad3d.o sorad3d.o radtrns3d.o getcape.o ysu.o sfclay.o sfclayrev.o slab.o oml.o module_gfs_machine.o module_gfs_physcons.o module_gfs_funcphys.o module_sf_exchcoef.o module_sf_gfdl.o module_bl_gfsedmf.o module_ra_etc.o module_ra_rrtmg_lw.o module_ra_rrtmg_sw.o module_bl_mynn.o module_sf_mynn.o module_bl_myjpbl.o module_sf_myjsfc.o -I/afs/crc.nd.edu/x86_64_linux/n/netcdf/4.9.2/intel/24.2/serial//include -L/afs/crc.nd.edu/x86_64_linux/n/netcdf/4.9.2/intel/24.2/serial//lib -o ../run/cm1.exe
ar cru onefile.F cm1.F constants.F mersennetwister_mod.F input.F adv.F adv_routines.F anelp.F azimavg.F base.F bc.F cm1libs.F comm.F comm_droplet.F bcast.F testcase_simple_phys.F diff2.F eddy_recycle.F goddard.F hifrq.F ib_module.F init3d.F init_physics.F init_surface.F init_terrain.F interp_routines.F kessler.F lfoice.F lsnudge.F maxmin.F misclibs.F morrison.F module_mp_jensen_ishmael.F module_mp_nssl_2mom.F module_mp_p3.F mp_driver.F param.F parcel.F droplet.F pdef.F pdcomp.F poiss.F sfcphys.F singleton.F radiation_driver.F solve1.F solve2.F solve3.F sounde.F sound.F soundns.F soundcb.F statpack.F stopcm1.F thompson.F module_mp_radar.F turb.F turbtend.F turbnba.F domaindiag.F writeout.F restart.F writeout_nc.F radlib3d.F irrad3d.F sorad3d.F radtrns3d.F getcape.F ysu.F sfclay.F sfclayrev.F slab.F oml.F module_gfs_machine.F module_gfs_physcons.F module_gfs_funcphys.F module_sf_exchcoef.F module_sf_gfdl.F module_bl_gfsedmf.F module_ra_etc.F module_ra_rrtmg_lw.F module_ra_rrtmg_sw.F module_bl_mynn.F module_sf_mynn.F module_bl_myjpbl.F module_sf_myjsfc.F
mv onefile.F ../run
